-- phpMyAdmin SQL Dump
-- version 5.0.1
-- https://www.phpmyadmin.net/
--
-- Host: 127.0.0.1
-- Erstellungszeit: 31. Aug 2023 um 18:22
-- Server-Version: 10.4.11-MariaDB
-- PHP-Version: 7.4.2

SET SQL_MODE = "NO_AUTO_VALUE_ON_ZERO";
SET AUTOCOMMIT = 0;
START TRANSACTION;
SET time_zone = "+00:00";


/*!40101 SET @OLD_CHARACTER_SET_CLIENT=@@CHARACTER_SET_CLIENT */;
/*!40101 SET @OLD_CHARACTER_SET_RESULTS=@@CHARACTER_SET_RESULTS */;
/*!40101 SET @OLD_COLLATION_CONNECTION=@@COLLATION_CONNECTION */;
/*!40101 SET NAMES utf8mb4 */;

--
-- Datenbank: `weightlift`
--

-- --------------------------------------------------------

--
-- Tabellenstruktur für Tabelle `altersklassen`
--

CREATE TABLE `altersklassen` (
  `idAltersklasse` int(2) NOT NULL,
  `International` tinyint(1) NOT NULL,
  `Altersklasse` varchar(15) COLLATE utf8_unicode_ci DEFAULT NULL,
  `AK` int(2) DEFAULT NULL,
  `von` int(3) NOT NULL,
  `bis` int(3) NOT NULL
) ENGINE=InnoDB DEFAULT CHARSET=utf8 COLLATE=utf8_unicode_ci;

--
-- Daten für Tabelle `altersklassen`
--

INSERT INTO `altersklassen` (`idAltersklasse`, `International`, `Altersklasse`, `AK`, `von`, `bis`) VALUES
(10, 0, 'Kinder', 10, 7, 10),
(11, 0, 'Kinder', 11, 11, 11),
(12, 0, 'Kinder', 12, 12, 12),
(20, 0, 'Schüler', 13, 13, 13),
(20, 1, 'U15', NULL, 13, 15),
(21, 0, 'Schüler', 14, 14, 14),
(22, 0, 'Schüler', 15, 15, 15),
(30, 0, 'Jugend', NULL, 16, 17),
(30, 1, 'Youth', NULL, 16, 17),
(40, 0, 'Junioren', NULL, 18, 20),
(40, 1, 'Junior', NULL, 18, 20),
(45, 1, 'U23', NULL, 21, 23),
(50, 0, 'Aktive', NULL, 21, 29),
(50, 1, 'Senior', NULL, 24, 34),
(100, 0, 'Masters', 0, 30, 34),
(110, 0, 'Masters', 1, 35, 39),
(110, 1, 'Masters', 1, 35, 39),
(120, 0, 'Masters', 2, 40, 44),
(120, 1, 'Masters', 2, 40, 44),
(130, 0, 'Masters', 3, 45, 49),
(130, 1, 'Masters', 3, 45, 49),
(140, 0, 'Masters', 4, 50, 54),
(140, 1, 'Masters', 4, 50, 54),
(150, 0, 'Masters', 5, 55, 59),
(150, 1, 'Masters', 5, 55, 59),
(160, 0, 'Masters', 6, 60, 64),
(160, 1, 'Masters', 6, 60, 64),
(170, 0, 'Masters', 7, 65, 69),
(170, 1, 'Masters', 7, 65, 69),
(180, 0, 'Masters', 8, 70, 74),
(180, 1, 'Masters', 8, 70, 74),
(190, 0, 'Masters', 9, 75, 79),
(190, 1, 'Masters', 9, 75, 79),
(200, 0, 'Masters', 10, 80, 120),
(200, 1, 'Masters', 10, 80, 120);

-- --------------------------------------------------------

--
-- Tabellenstruktur für Tabelle `altersklassen_international`
--

CREATE TABLE `altersklassen_international` (
  `idAltersklasse` int(2) NOT NULL,
  `International` tinyint(1) NOT NULL,
  `Altersklasse` varchar(15) COLLATE utf8_unicode_ci DEFAULT NULL,
  `AK` int(2) DEFAULT NULL,
  `von` int(3) NOT NULL,
  `bis` int(3) NOT NULL
) ENGINE=InnoDB DEFAULT CHARSET=utf8 COLLATE=utf8_unicode_ci;

--
-- Daten für Tabelle `altersklassen_international`
--

INSERT INTO `altersklassen_international` (`idAltersklasse`, `International`, `Altersklasse`, `AK`, `von`, `bis`) VALUES
(20, 1, 'U15', NULL, 13, 15),
(30, 1, 'Youth', NULL, 16, 17),
(40, 1, 'Junior', NULL, 18, 20),
(45, 1, 'U23', NULL, 21, 23),
(50, 1, 'Senior', NULL, 24, 34),
(100, 1, 'Masters', 0, 31, 34),
(110, 1, 'Masters', 1, 35, 39),
(120, 1, 'Masters', 2, 40, 44),
(130, 1, 'Masters', 3, 45, 49),
(140, 1, 'Masters', 4, 50, 54),
(150, 1, 'Masters', 5, 55, 59),
(160, 1, 'Masters', 6, 60, 64),
(170, 1, 'Masters', 7, 65, 69),
(180, 1, 'Masters', 8, 70, 74),
(190, 1, 'Masters', 9, 75, 79),
(200, 1, 'Masters', 10, 80, 120);

-- --------------------------------------------------------

--
-- Tabellenstruktur für Tabelle `alterskoeffizient`
--

CREATE TABLE `alterskoeffizient` (
  `idAlter` int(2) NOT NULL DEFAULT 0,
  `Faktor` double(4,3) DEFAULT NULL
) ENGINE=InnoDB DEFAULT CHARSET=utf8 COLLATE=utf8_unicode_ci COMMENT='ab 2016';

--
-- Daten für Tabelle `alterskoeffizient`
--

INSERT INTO `alterskoeffizient` (`idAlter`, `Faktor`) VALUES
(30, 1.000),
(31, 1.016),
(32, 1.031),
(33, 1.046),
(34, 1.059),
(35, 1.072),
(36, 1.083),
(37, 1.096),
(38, 1.109),
(39, 1.122),
(40, 1.135),
(41, 1.149),
(42, 1.162),
(43, 1.176),
(44, 1.189),
(45, 1.203),
(46, 1.218),
(47, 1.233),
(48, 1.248),
(49, 1.263),
(50, 1.279),
(51, 1.297),
(52, 1.316),
(53, 1.338),
(54, 1.361),
(55, 1.385),
(56, 1.411),
(57, 1.437),
(58, 1.462),
(59, 1.488),
(60, 1.514),
(61, 1.541),
(62, 1.568),
(63, 1.598),
(64, 1.629),
(65, 1.663),
(66, 1.699),
(67, 1.738),
(68, 1.779),
(69, 1.823),
(70, 1.867),
(71, 1.910),
(72, 1.953),
(73, 2.004),
(74, 2.060),
(75, 2.117),
(76, 2.181),
(77, 2.255),
(78, 2.336),
(79, 2.419),
(80, 2.504),
(81, 2.597),
(82, 2.702),
(83, 2.831),
(84, 2.981),
(85, 3.153),
(86, 3.352),
(87, 3.580),
(88, 3.843),
(89, 4.145),
(90, 4.493);

-- --------------------------------------------------------

--
-- Tabellenstruktur für Tabelle `athleten`
--

CREATE TABLE `athleten` (
  `idTeilnehmer` int(11) NOT NULL,
  `GUID` varchar(50) CHARACTER SET utf8 DEFAULT NULL,
  `Startbuch_Nummer` int(11) DEFAULT NULL,
  `Titel` varchar(20) COLLATE utf8_unicode_ci NOT NULL DEFAULT '',
  `Nachname` varchar(45) COLLATE utf8_unicode_ci NOT NULL,
  `Vorname` varchar(45) COLLATE utf8_unicode_ci NOT NULL,
  `Verein` int(11) NOT NULL DEFAULT 0 COMMENT 'Heimatverein',
  `ESR` int(11) DEFAULT NULL COMMENT 'Einzelstartrecht',
  `MSR` int(11) DEFAULT NULL COMMENT 'Mannschaftsstartrecht',
  `Jahrgang` year(4) NOT NULL,
  `Geburtstag` date DEFAULT NULL,
  `Geschlecht` varchar(8) COLLATE utf8_unicode_ci DEFAULT NULL,
  `Staat` int(3) NOT NULL DEFAULT 0,
  `Lizenz` tinyint(1) NOT NULL DEFAULT 1
) ENGINE=InnoDB DEFAULT CHARSET=utf8 COLLATE=utf8_unicode_ci;

--
-- Daten für Tabelle `athleten`
--

INSERT INTO `athleten` (`idTeilnehmer`, `GUID`, `Startbuch_Nummer`, `Titel`, `Nachname`, `Vorname`, `Verein`, `ESR`, `MSR`, `Jahrgang`, `Geburtstag`, `Geschlecht`, `Staat`, `Lizenz`) VALUES
(102, NULL, NULL, '', 'Perthel', 'Willy', 14007, 14007, 14007, 2006, '2006-01-01', 'm', 42, 1),
(103, NULL, NULL, '', 'Bellmann', 'Ole', 14007, 14007, 14007, 2006, '2006-01-01', 'm', 42, 1),
(104, NULL, NULL, '', 'Weißmann', 'Ron', 14007, 14007, 14007, 2006, '2006-01-01', 'm', 42, 1),
(105, NULL, NULL, '', 'Neubert', 'Nora', 14007, 14007, 14007, 2006, '2006-01-01', 'w', 42, 1),
(106, NULL, NULL, '', 'Steinbach', 'Cedric', 14007, 14007, 14007, 2007, '2007-01-01', 'm', 42, 1),
(107, NULL, NULL, '', 'Kunz', 'Elias', 14007, 14007, 14007, 2008, '2008-01-01', 'm', 42, 1),
(108, NULL, NULL, '', 'Kühnel', 'Josy', 14007, 14007, 14007, 2010, '2010-01-01', 'w', 42, 1),
(202, NULL, NULL, '', 'Heinz', 'Tim', 14005, 14005, 14005, 2007, '2007-01-01', 'm', 42, 1),
(203, NULL, NULL, '', 'Hentschel', 'Maximilian', 14005, 14005, 14005, 2007, '2007-01-01', 'm', 42, 1),
(204, NULL, NULL, '', 'Heinrich', 'Marten', 14005, 14005, 14005, 2007, '2007-01-01', 'm', 42, 1),
(205, NULL, NULL, '', 'Hiller', 'Jean-Pierre', 14005, 14005, 14005, 2007, '2007-01-01', 'm', 42, 1),
(206, NULL, NULL, '', 'Kröher', 'Nils', 14005, 14005, 14005, 2007, '2007-01-01', 'm', 42, 1),
(207, NULL, NULL, '', 'Brock', 'Marcel', 14005, 14005, 14005, 2008, '2008-01-01', 'm', 42, 1),
(208, NULL, NULL, '', 'Göttlich', 'Marla', 14005, 14005, 14005, 2008, '2008-01-01', 'w', 42, 1),
(209, NULL, NULL, '', 'Tackmann', 'Morris', 14005, 14005, 14005, 2008, '2008-01-01', 'm', 42, 1),
(210, NULL, NULL, '', 'Neumann', 'Nicolas', 14005, 14005, 14005, 2008, '2008-01-01', 'm', 42, 1),
(211, NULL, NULL, '', 'Fobe', 'Kurt', 14005, 14005, 14005, 2008, '2008-01-01', 'm', 42, 1),
(212, NULL, NULL, '', 'Göttlich', 'Smilla', 14005, 14005, 14005, 2011, '2011-01-01', 'w', 42, 1),
(301, NULL, NULL, '', 'Altmann', 'Robin', 14010, 14010, 14010, 2006, '2006-01-01', 'm', 42, 1),
(302, NULL, NULL, '', 'Glaubitz', 'Louis', 14010, 14010, 14010, 2006, '2006-01-01', 'm', 42, 1),
(303, NULL, NULL, '', 'Kubelka', 'Elisa', 14010, 14010, 14010, 2007, '2007-01-01', 'w', 42, 1),
(304, NULL, NULL, '', 'Hofer', 'Robin', 14010, 14010, 14010, 2007, '2007-01-01', 'm', 42, 1),
(305, NULL, NULL, '', 'Simmank', 'Lara', 14010, 14010, 14010, 2007, '2007-01-01', 'w', 42, 1),
(306, NULL, NULL, '', 'Altmann', 'Anton', 14010, 14010, 14010, 2008, '2008-01-01', 'm', 42, 1),
(307, NULL, NULL, '', 'Sobon', 'Dominik', 14010, 14010, 14010, 2008, '2008-01-01', 'm', 42, 1),
(308, NULL, NULL, '', 'Wittmeyer', 'Hannes', 14010, 14010, 14010, 2008, '2008-01-01', 'm', 42, 1),
(309, NULL, NULL, '', 'Trenkler', 'Lilly', 14010, 14010, 14010, 2009, '2009-01-01', 'w', 42, 1),
(310, NULL, NULL, '', 'Schulz', 'Marie', 14010, 14010, 14010, 2011, '2011-01-01', 'w', 42, 1),
(363, NULL, NULL, '', 'Müller', 'Michael', 15009, 15009, 15009, 1987, '1987-01-01', 'm', 42, 1),
(402, NULL, NULL, '', 'Heidemann', 'Felix', 14008, 14008, 14008, 2006, '2006-01-01', 'm', 42, 1),
(403, NULL, NULL, '', 'Barth', 'Jason', 14008, 14008, 14008, 2006, '2006-01-01', 'm', 42, 1),
(404, NULL, NULL, '', 'Pomsel', 'Maurice', 14008, 14008, 14008, 2006, '2006-01-01', 'm', 42, 1),
(405, NULL, NULL, '', 'Wael', 'Alkalabi', 14008, 14008, 14008, 2006, '2006-01-01', 'm', 42, 1),
(406, NULL, NULL, '', 'Mahler', 'Konstantin', 14008, 14008, 14008, 2008, '2008-01-01', 'm', 42, 1),
(407, NULL, NULL, '', 'Uday', 'Abdulmajeed', 14008, 14008, 14008, 2008, '2008-01-01', 'm', 42, 1),
(408, NULL, NULL, '', 'Al-Hrishat', 'Al Hassan', 14008, 14008, 14008, 2010, '2010-01-01', 'm', 42, 1),
(409, NULL, NULL, '', 'Pomsel', 'Jan', 14008, 14008, 14008, 2011, '2011-01-01', 'm', 42, 1),
(502, NULL, NULL, '', 'Winkler', 'Lukas', 14016, 14016, 14016, 2007, '2007-01-01', 'm', 42, 1),
(503, NULL, NULL, '', 'Blagnis', 'Sascha', 14016, 14016, 14016, 2007, '2007-01-01', 'm', 42, 1),
(504, NULL, NULL, '', 'Albrecht', 'Nino', 14016, 14016, 14016, 2008, '2008-01-01', 'm', 42, 1),
(505, NULL, NULL, '', 'Hüllebrand', 'Oskar', 14016, 14016, 14016, 2008, '2008-01-01', 'm', 42, 1),
(506, NULL, NULL, '', 'Fuhrmann', 'Fabian', 14016, 14016, 14016, 2008, '2008-01-01', 'm', 42, 1),
(507, NULL, NULL, '', 'Seifert', 'Eric', 14016, 14016, 14016, 2009, '2009-01-01', 'm', 42, 1),
(508, NULL, NULL, '', 'Nurz', 'Nico', 14016, 14016, 14016, 2009, '2009-01-01', 'm', 42, 1),
(509, NULL, NULL, '', 'Schlosser', 'Amy', 14016, 14016, 14016, 2009, '2009-01-01', 'w', 42, 1),
(510, NULL, NULL, '', 'Helmbold', 'Carolina', 14016, 14016, 14016, 2009, '2009-01-01', 'w', 42, 1),
(511, NULL, NULL, '', 'Fedarau', 'Hannah', 14016, 14016, 14016, 2010, '2010-01-01', 'w', 42, 1),
(512, NULL, NULL, '', 'Wolf', 'Luis', 14016, 14016, 14016, 2010, '2010-01-01', 'm', 42, 1),
(513, NULL, NULL, '', 'Salzmesser', 'Lilly', 14016, 14016, 14016, 2010, '2010-01-01', 'w', 42, 1),
(514, NULL, NULL, '', 'Eschebach', 'Josephin', 14016, 14016, 14016, 2011, '2011-01-01', 'w', 42, 1),
(602, NULL, NULL, '', 'Raulf', 'Luis', 14004, 14004, 14004, 2006, '2006-01-01', 'm', 42, 1),
(603, NULL, NULL, '', 'Pfeifer', 'Nicco', 14004, 14004, 14004, 2006, '2006-01-01', 'm', 42, 1),
(604, NULL, NULL, '', 'Uhlig', 'Dennis', 14004, 14004, 14004, 2006, '2006-01-01', 'm', 42, 1),
(605, NULL, NULL, '', 'Jogwick', 'Erwin', 14004, 14004, 14004, 2006, '2006-01-01', 'm', 42, 1),
(606, NULL, NULL, '', 'Lassig', 'Nico', 14004, 14004, 14004, 2008, '2008-01-01', 'm', 42, 1),
(607, NULL, NULL, '', 'Janta', 'Tristan', 14004, 14004, 14004, 2008, '2008-01-01', 'm', 42, 1),
(608, NULL, NULL, '', 'König', 'Stanley', 14004, 14004, 14004, 2008, '2008-01-01', 'm', 42, 1),
(609, NULL, NULL, '', 'Große', 'Lars', 14004, 14004, 14004, 2009, '2009-01-01', 'm', 42, 1),
(610, NULL, NULL, '', 'Schumann', 'Ashley', 14004, 14004, 14004, 2010, '2010-01-01', 'w', 42, 1),
(611, NULL, NULL, '', 'Krause', 'Clara', 14004, 14004, 14004, 2011, '2011-01-01', 'w', 42, 1),
(701, NULL, NULL, '', 'Müller', 'Tim', 14038, 14038, 14038, 2007, '2007-01-01', 'm', 42, 1),
(702, NULL, NULL, '', 'Kazmirek', 'Erik', 14038, 14038, 14038, 2008, '2008-01-01', 'm', 42, 1),
(703, NULL, NULL, '', 'Westphal', 'Karl', 14038, 14038, 14038, 2008, '2008-01-01', 'm', 42, 1),
(704, NULL, NULL, '', 'Matlab', 'MuhiEddin', 14038, 14038, 14038, 2009, '2009-01-01', 'm', 42, 1),
(705, NULL, NULL, '', 'Helbig', 'Aaron', 14038, 14038, 14038, 2011, '2011-01-01', 'm', 42, 1),
(706, NULL, NULL, '', 'Kazmirek', 'Tristan', 14038, 14038, 14038, 2012, '2012-01-01', 'm', 42, 1),
(804, NULL, NULL, '', 'Valodze', 'Elina', 14009, 14009, 14009, 2006, '2006-01-01', 'w', 42, 1),
(805, NULL, NULL, '', 'Proft', 'Leon', 14009, 14009, 14009, 2008, '2008-01-01', 'm', 42, 1),
(806, NULL, NULL, '', 'Hammer', 'Lukas', 14009, 14009, 14009, 2008, '2008-01-01', 'm', 42, 1),
(807, NULL, NULL, '', 'Neundorf', 'Magdalena', 14009, 14009, 14009, 2009, '2009-01-01', 'w', 42, 1),
(808, NULL, NULL, '', 'Bär', 'Florian', 14009, 14009, 14009, 2009, '2009-01-01', 'm', 42, 1),
(810, NULL, NULL, '', 'Proft', 'Jasmin', 14009, 14009, 14009, 2010, '2010-01-01', 'w', 42, 1),
(812, NULL, NULL, '', 'Neundorf', 'Theodor', 14009, 14009, 14009, 2011, '2011-01-01', 'm', 42, 1),
(902, NULL, NULL, '', 'Schlittig', 'Robby', 14011, 14011, 14011, 2006, '2006-01-01', 'm', 42, 1),
(903, NULL, NULL, '', 'Thieme', 'Hanna-Christin', 14011, 14011, 14011, 2006, '2006-01-01', 'w', 42, 1),
(904, NULL, NULL, '', 'Berge', 'Joyce', 14011, 14011, 14011, 2007, '2007-01-01', 'w', 42, 1),
(905, NULL, NULL, '', 'Schlittig', 'Joey', 14011, 14011, 14011, 2008, '2008-01-01', 'm', 42, 1),
(906, NULL, NULL, '', 'Spetter', 'Dominik', 14011, 14011, 14011, 2012, '2012-01-01', 'm', 42, 1),
(1237, NULL, NULL, '', 'Neufeld', 'Jakob', 2033, 2033, 2033, 1983, '1983-01-01', 'm', 42, 1),
(2475, NULL, NULL, '', 'Rüdiger', 'René', 3009, 3009, 3009, 1967, '1967-01-01', 'm', 42, 1),
(3350, NULL, NULL, '', 'Wetzel', 'Hendrik', 0, 0, 14007, 1982, '1982-01-01', 'm', 42, 1),
(3757, NULL, NULL, '', 'Geier', 'Thomas', 16011, 16011, 16011, 1982, '1982-01-01', 'm', 42, 1),
(4555, NULL, NULL, '', 'Spieß', 'Jürgen', 14007, 14007, 9010, 1984, '1984-01-01', 'm', 42, 1),
(5478, NULL, NULL, '', 'Winter', 'Andre', 14007, 14007, 9010, 1985, '1985-01-01', 'm', 42, 1),
(6141, NULL, NULL, '', 'Schiweck', 'Sebastian', 17011, 17011, 17011, 1985, '1985-01-01', 'm', 42, 1),
(6269, NULL, NULL, '', 'Bellmann', 'Anja', 14007, 14007, 147, 1977, '1977-01-01', 'w', 42, 1),
(6998, NULL, NULL, '', 'Schweizer', 'Kevin', 2003, 2003, 2003, 1986, '1986-01-01', 'm', 42, 1),
(7788, NULL, NULL, '', 'Krüger', 'Nico', 15009, 15009, 15009, 1987, '1987-01-01', 'm', 42, 1),
(8503, NULL, NULL, '', 'Kusterer', 'Sabine', 2003, 2003, 2003, 1991, '1991-01-01', 'w', 42, 1),
(8808, NULL, NULL, '', 'Oswald', 'Robert', 17021, 17021, 17021, 1988, '1988-01-01', 'm', 42, 1),
(8923, NULL, NULL, '', 'Koch', 'Mario', 16011, 16011, 16011, 1989, '1989-01-01', 'm', 42, 1),
(9200, NULL, NULL, '', 'Jurke', 'Äneas', 17011, 17011, 17011, 1989, '1989-01-01', 'm', 42, 1),
(9249, NULL, NULL, '', 'Stecklum', 'Philipp', 16003, 16003, 16003, 1988, '1988-01-01', 'm', 42, 1),
(9448, NULL, NULL, '', 'Schroth', 'Nina', 9007, 9007, 9007, 1991, '1991-01-01', 'w', 42, 1),
(9549, NULL, NULL, '', 'Brandhuber', 'Simon', 9010, 9010, 9010, 1991, '1991-01-01', 'm', 42, 1),
(9998, NULL, NULL, '', 'Yüksel', 'Yasin', 14007, 14007, 9010, 1991, '1991-01-01', 'm', 42, 1),
(10614, NULL, NULL, '', 'Hoblos', 'Mohammed', 2033, 2033, 2033, 1990, '1990-01-01', 'm', 0, 1),
(10632, NULL, NULL, '', 'Müller', 'Nico', 2033, 2033, 2033, 1993, '1993-01-01', 'm', 42, 1),
(10846, NULL, NULL, '', 'Griebel', 'Philipp', 16003, 16003, 16003, 1996, '1996-01-01', 'm', 42, 1),
(10847, NULL, NULL, '', 'Holtmann', 'Nico', 16003, 16003, 16003, 1996, '1996-01-01', 'm', 42, 1),
(10912, NULL, NULL, '', 'Hofmann', 'Matthäus', 2033, 2033, 2033, 1994, '1994-01-01', 'm', 42, 1),
(10960, NULL, NULL, '', 'Eckhardt', 'Mark', 15009, 15009, 15009, 1989, '1989-01-01', 'm', 42, 1),
(11057, NULL, NULL, '', 'Pichler', 'Christoph', 0, 0, 14007, 1993, '1993-01-01', 'm', 42, 1),
(11188, NULL, NULL, '', 'Spindler', 'Christina', 14007, 14007, 9010, 1995, '1995-01-01', 'w', 42, 1),
(11226, NULL, NULL, '', 'Lang', 'Max', 9007, 9007, 9007, 1992, '1992-01-01', 'm', 42, 1),
(11229, NULL, NULL, '', 'Rosol', 'Tomasz', 3013, 3013, 3013, 1989, '1989-01-01', 'm', 42, 1),
(11336, NULL, NULL, '', 'Mockert', 'Tim', 147, 147, 147, 1995, '1995-01-01', 'm', 42, 1),
(11357, NULL, NULL, '', 'Bouratn', 'Martin', 17011, 17011, 17011, 1995, '1995-01-01', 'm', 42, 1),
(11432, NULL, NULL, '', 'Hülser', 'Philipp', 2033, 2033, 2033, 1995, '1995-01-01', 'm', 0, 1),
(11439, NULL, NULL, '', 'Günther', 'Björn', 15009, 15009, 15009, 1996, '1996-01-01', 'm', 42, 1),
(11525, NULL, NULL, '', 'Berthold', 'Sebastian', 3009, 3009, 3009, 1995, '1995-01-01', 'm', 42, 1),
(11526, NULL, NULL, '', 'Mummhardt', 'Philip', 3013, 3013, 3013, 1995, '1995-01-01', 'm', 42, 1),
(11726, NULL, NULL, '', 'Schweizer', 'Lisa Marie', 9010, 9010, 9010, 1995, '1995-01-01', 'w', 42, 1),
(11848, NULL, NULL, '', 'Schroll', 'Jacqueline', 2003, 2003, 2003, 1997, '1997-01-01', 'w', 42, 1),
(11865, NULL, NULL, '', 'Fischer', 'Ken', 17021, 17021, 17021, 1997, '1997-01-01', 'm', 42, 1),
(11912, NULL, NULL, '', 'Männecke', 'Max', 17011, 17011, 17011, 1995, '1995-01-01', 'm', 42, 1),
(11943, NULL, NULL, '', 'Perthel', 'Kurt', 14007, 14007, 14007, 1997, '1997-01-01', 'm', 42, 1),
(12043, NULL, NULL, '', 'Hartenberger', 'Florian', 147, 147, 147, 1999, '1999-01-01', 'm', 42, 1),
(12056, NULL, NULL, '', 'Huber', 'Moritz', 2033, 2033, 2033, 1998, '1998-01-01', 'm', 42, 1),
(12062, NULL, NULL, '', 'Adler', 'Martin', 17021, 17021, 17021, 1999, '1999-01-01', 'm', 42, 1),
(12077, NULL, NULL, '', 'Schedler', 'Leon', 3013, 3013, 3013, 1998, '1998-01-01', 'm', 42, 1),
(12080, NULL, NULL, '', 'Atti', 'Nadia', 17021, 17021, 17021, 1998, '1998-01-01', 'w', 42, 1),
(12089, NULL, NULL, '', 'Dauth', 'Carolin', 2003, 2003, 2003, 1999, '1999-01-01', 'w', 42, 1),
(12144, NULL, NULL, '', 'Zandeck', 'Manuel', 17011, 17011, 17011, 1998, '1998-01-01', 'm', 42, 1),
(12152, NULL, NULL, '', 'Heyer', 'Fritz', 16003, 16003, 16003, 1999, '1999-01-01', 'm', 42, 1),
(12156, NULL, NULL, '', 'Michalski', 'Arkadiusz', 15009, 15009, 15009, 1990, '1990-01-01', 'm', 147, 1),
(12206, NULL, NULL, '', 'Schreiber', 'Chantal', 15009, 15009, 15009, 1998, '1998-01-01', 'w', 42, 1),
(12208, NULL, NULL, '', 'Pianski', 'Julian', 0, 0, 14007, 1998, '1998-01-01', 'm', 42, 1),
(12294, NULL, NULL, '', 'Janta', 'Hagen', 0, 0, 14007, 1999, '1999-01-01', 'm', 42, 1),
(12330, NULL, NULL, '', 'Gnauck', 'Markus Eberhard', 16011, 16011, 16011, 1980, '1980-01-01', 'm', 42, 1),
(12366, NULL, NULL, '', 'Taubert', 'Anna', 147, 147, 147, 2000, '2000-01-01', 'w', 42, 1),
(12369, NULL, NULL, '', 'Perlt', 'Julia', 16003, 16003, 16003, 2001, '2001-01-01', 'w', 42, 1),
(12371, NULL, NULL, '', 'Schwarzbach', 'Julia', 9010, 9010, 9010, 1989, '1989-01-01', 'w', 42, 1),
(12438, NULL, NULL, '', 'Leuschner', 'Maximilian', 17011, 17011, 17011, 1999, '1999-01-01', 'm', 42, 1),
(12472, NULL, NULL, '', 'Krause', 'Sandra', 17021, 17021, 17021, 2000, '2000-01-01', 'w', 42, 1),
(12506, NULL, NULL, '', 'Friedrich', 'Raphael', 14016, 14016, 14007, 2001, '2001-01-01', 'm', 42, 1),
(12696, NULL, NULL, '', 'Vogel', 'Marc-Niklas', 16011, 16011, 16011, 2000, '2000-01-01', 'm', 42, 1),
(12739, NULL, NULL, '', 'Langkabel', 'André', 16003, 16003, 16003, 2000, '2000-01-01', 'm', 42, 1),
(12765, NULL, NULL, '', 'Hartenberger', 'Michelle', 147, 147, 147, 2002, '2002-01-01', 'w', 42, 1),
(12773, NULL, NULL, '', 'Hein', 'Karl', 3009, 3009, 3009, 2002, '2002-01-01', 'm', 42, 1),
(12774, NULL, NULL, '', 'Ackermann', 'Antonia', 3009, 3009, 3009, 2002, '2002-01-01', 'w', 42, 1),
(12780, NULL, NULL, '', 'Pilz', 'Annika', 15009, 15009, 15009, 2002, '2002-01-01', 'w', 42, 1),
(12788, NULL, NULL, '', 'Bröse', 'Maximilian', 3009, 3009, 3009, 2002, '2002-01-01', 'm', 42, 1),
(12885, NULL, NULL, '', 'Hofmann', 'Ruben', 2033, 2033, 2033, 2000, '2000-01-01', 'm', 42, 1),
(12911, NULL, NULL, '', 'Gutu', 'Roberto', 15009, 15009, 15009, 2000, '2000-01-01', 'm', 42, 1),
(12915, NULL, NULL, '', 'Drechsel', 'Nikita', 14007, 14007, 14007, 2001, '2001-01-01', 'm', 42, 1),
(12989, NULL, NULL, '', 'Barthel', 'Marlen', 147, 147, 147, 2003, '2003-01-01', 'w', 42, 1),
(13030, NULL, NULL, '', 'Wang', 'Jingyi', 1040, 1040, 1040, 1992, '1992-01-01', 'm', 137, 1),
(13035, NULL, NULL, '', 'Exner', 'Elias', 3009, 3009, 3009, 2003, '2003-01-01', 'm', 42, 1),
(13094, NULL, NULL, '', 'Schnurrer', 'Florian', 1040, 1040, 1040, 1993, '1993-01-01', 'm', 42, 1),
(13113, NULL, NULL, '', 'Rieß', 'Lisa', 1040, 1040, 1040, 1989, '1989-01-01', 'w', 42, 1),
(13262, NULL, NULL, '', 'Pester', 'Julian', 147, 147, 147, 2003, '2003-01-01', 'm', 42, 1),
(13303, NULL, NULL, '', 'Breitschuh', 'Marie-Sophie', 16003, 16003, 16003, 2003, '2003-01-01', 'w', 42, 1),
(13528, NULL, NULL, '', 'Ielezov', 'Konstiantyn', 147, 147, 147, 1987, '1987-01-01', 'm', 196, 1),
(13662, NULL, NULL, '', 'Taach', 'Ilja', 17021, 17021, 17021, 2003, '2003-01-01', 'm', 151, 1),
(13665, NULL, NULL, '', 'Martin', 'Leonie Mercedes', 14007, 14007, 14007, 2004, '2004-01-01', 'w', 42, 1),
(13672, NULL, NULL, '', 'Sanchez Lopez', 'David', 14007, 14007, 9010, 1994, '1994-01-01', 'm', 170, 1),
(13730, NULL, NULL, '', 'Pudivitrova', 'Eliska', 147, 147, 147, 1994, '1994-01-01', 'w', 190, 1),
(13731, NULL, NULL, '', 'Petrov', 'Petr', 147, 147, 147, 1989, '1989-01-01', 'm', 190, 1),
(20007, NULL, NULL, '', 'Kingue Matam', 'Bernardin Ledoux', 2003, 2003, 2003, 1990, '1990-01-01', 'm', 53, 1),
(20059, NULL, NULL, '', 'Wüst', 'Carolin Annabell', 9007, 9007, 9007, 1999, '1999-01-01', 'w', 42, 1),
(20169, NULL, NULL, '', 'Suharevs', 'Ritvars', 2033, 2033, 2033, 1999, '1999-01-01', 'm', 99, 1),
(20203, NULL, NULL, '', 'Andreev', 'Bozhidar, Dimitrov', 2003, 2003, 2003, 1997, '1997-01-01', 'm', 29, 1),
(20215, NULL, NULL, '', 'Klitzke', 'Sarah', 1040, 1040, 1040, 1993, '1993-01-01', 'w', 42, 1),
(20251, NULL, NULL, '', 'Ahmetov', 'Salina', 3013, 3013, 3013, 2003, '2003-01-01', 'w', 42, 1),
(20550, NULL, NULL, '', 'Häusler', 'Anna-Carina', 1040, 1040, 1040, 1989, '1989-01-01', 'w', 42, 1),
(20552, NULL, NULL, '', 'Rudkovskaya', 'Viktoria', 3009, 3009, 3009, 1987, '1987-01-01', 'w', 151, 1),
(20640, NULL, NULL, '', 'Siegel', 'Daniel Ou-Yang', 9007, 9007, 9007, 1996, '1996-01-01', 'm', 42, 1),
(20663, NULL, NULL, '', 'Plesnieks', 'Arturs', 2033, 2033, 2033, 1992, '1992-01-01', 'm', 99, 1),
(20815, NULL, NULL, '', 'Isilay', 'Ali', 1040, 1040, 1040, 1994, '1994-01-01', 'm', 134, 1),
(20819, NULL, NULL, '', 'Hollerith', 'Anna', 1040, 1040, 1040, 1996, '1996-01-01', 'w', 42, 1),
(20820, NULL, NULL, '', 'Büller', 'Christina', 16003, 16003, 16003, 1991, '1991-01-01', 'w', 137, 1),
(20846, NULL, NULL, '', 'Thiele', 'Milena', 14007, 14007, 14007, 2002, '2002-01-01', 'w', 42, 1),
(20878, NULL, NULL, '', 'Haspel', 'Stephanie', 14007, 14007, 9010, 1992, '1992-01-01', 'w', 42, 1),
(20935, NULL, NULL, '', 'Wellnitz', 'Sheraida', 3009, 3009, 3009, 1986, '1986-01-01', 'w', 42, 1),
(20987, NULL, NULL, '', 'Schönsiegel', 'Celina', 2033, 2033, 2033, 2002, '2002-01-01', 'w', 42, 1),
(21057, NULL, NULL, '', 'Tomkowiak', 'Lena', 2033, 2033, 2033, 1995, '1995-01-01', 'w', 42, 1),
(21231, NULL, NULL, '', 'Hansch', 'Dennis', 17021, 17021, 17021, 2002, '2002-01-01', 'm', 42, 1),
(21238, NULL, NULL, '', 'Hacker', 'Sandra', 2003, 2003, 2003, 1992, '1992-01-01', 'w', 42, 1),
(21331, NULL, NULL, '', 'Soldner', 'Farin', 2033, 2033, 2033, 2005, '2005-01-01', 'm', 42, 1),
(21498, NULL, NULL, '', 'Papanikolaou', 'Athanasions', 3013, 3013, 3013, 1990, '1990-01-01', 'm', 59, 1),
(21555, NULL, NULL, '', 'Biega', 'Tadeusz', 3013, 3013, 3013, 1986, '1986-01-01', 'm', 147, 1),
(21580, NULL, NULL, '', 'Martirosjan', 'Sargis', 2033, 2033, 2033, 1986, '1986-01-01', 'm', 137, 1),
(21659, NULL, NULL, '', 'Weidlich', 'Alina', 100000, 100000, 100000, 1988, '1988-01-01', 'w', 42, 1),
(21722, NULL, NULL, '', 'Pomsel', 'Maurice', 147, 147, 147, 2006, '2006-01-01', 'm', 42, 1),
(21732, NULL, NULL, '', 'Weißmann', 'Ron', 147, 147, 147, 2006, '2006-01-01', 'm', 42, 1),
(21734, NULL, NULL, '', 'Bellmann', 'Ole', 147, 147, 147, 2006, '2006-01-01', 'm', 42, 1),
(21735, NULL, NULL, '', 'Neubert', 'Nora', 14007, 14007, 14007, 2006, '2006-01-01', 'w', 42, 1),
(21740, NULL, NULL, '', 'Kuworge', 'Enzo Kofi', 9007, 9007, 9007, 2001, '2001-01-01', 'm', 130, 1),
(21938, NULL, NULL, '', 'Kolar', 'Josef', 14007, 14007, 14007, 1997, '1997-01-01', 'm', 0, 1),
(22066, NULL, NULL, '', 'Campbell', 'Emily Jade', 2033, 2033, 2033, 1994, '1994-01-01', 'w', 205, 1),
(22122, NULL, NULL, '', 'Zierer', 'Verena', 1040, 1040, 1040, 1994, '1994-01-01', 'w', 42, 1),
(22213, NULL, NULL, '', 'Hänsch', 'Sebastian', 147, 147, 147, 1993, '1993-01-01', 'm', 42, 1),
(22271, NULL, NULL, '', 'Timme', 'Sinika', 17011, 17011, 17011, 1992, '1992-01-01', 'w', 42, 1),
(22282, NULL, NULL, '', 'Tóth ', 'Adrienn ', 17011, 17011, 17011, 1995, '1995-01-01', 'w', 197, 1),
(22305, NULL, NULL, '', 'Calja', 'Briken', 14007, 14007, 9010, 1990, '1990-01-01', 'm', 4, 1),
(22308, NULL, NULL, '', 'Mezinskis', 'Armands', 14007, 14007, 14007, 2000, '2000-01-01', 'm', 99, 1),
(22403, NULL, NULL, '', 'Roy', 'Nicole ', 15009, 15009, 15009, 1983, '1983-01-01', 'w', 42, 1),
(22517, NULL, NULL, '', 'Qerimaj', 'Erkand', 9010, 9010, 9010, 1988, '1988-01-01', 'm', 4, 1),
(22520, NULL, NULL, '', 'Schaub', 'Vanessa', 2003, 2003, 2003, 1992, '1992-01-01', 'w', 42, 1),
(22524, NULL, NULL, '', 'Smeenk', 'Elena', 9007, 9007, 9007, 1998, '1998-01-01', 'w', 42, 1),
(22538, NULL, NULL, '', 'Hristov', 'Hristo', 9007, 9007, 9007, 2001, '2001-01-01', 'm', 29, 1),
(22563, NULL, NULL, '', 'Casser', 'Carolin', 16011, 16011, 16011, 1999, '1999-01-01', 'w', 42, 1),
(22643, NULL, NULL, '', 'Thiele', 'Elisabeth', 14007, 14007, 14007, 1989, '1989-01-01', 'w', 42, 1),
(22685, NULL, NULL, '', 'Gasior', 'Jiri', 15009, 15009, 15009, 1991, '1991-01-01', 'm', 190, 1),
(22736, NULL, NULL, '', 'Meinel', 'Lena', 147, 147, 147, 2005, '2005-01-01', 'w', 42, 1),
(22759, NULL, NULL, '', 'Wirkner ', 'Kay Tabea ', 100000, 100000, 100000, 1995, '1995-01-01', 'w', 42, 1),
(22926, NULL, NULL, '', 'Meissner', 'Leonie', 100000, 100000, 100000, 1996, '1996-01-01', 'w', 42, 1),
(22932, NULL, NULL, '', 'Krywult', 'Patrik', 14007, 14007, 14007, 1990, '1990-01-01', 'm', 190, 1),
(23004, NULL, NULL, '', 'Ritzmann', 'René', 16011, 16011, 16011, 2004, '2004-01-01', 'm', 42, 1),
(23017, NULL, NULL, '', 'Baal', 'Janina', 9007, 9007, 9007, 1998, '1998-01-01', 'w', 42, 1),
(23171, NULL, NULL, '', 'Andersson', 'Ine Drablos ', 15009, 15009, 15009, 1989, '1989-01-01', 'w', 135, 1),
(23254, NULL, NULL, '', 'Misakyan', 'Hmayak', 2033, 2033, 2033, 2002, '2002-01-01', 'm', 137, 1),
(23344, NULL, NULL, '', 'Zuchold', 'Eric', 100000, 100000, 100000, 2000, '2000-01-01', 'm', 42, 1),
(23377, NULL, NULL, '', 'Zeller', 'Pia', 100000, 100000, 100000, 2000, '2000-01-01', 'w', 42, 1),
(23553, NULL, NULL, '', 'Vogel', 'Arnost', 147, 147, 147, 2000, '2000-01-01', 'm', 190, 1),
(23675, NULL, NULL, '', 'Vasilonoks', 'Arturs', 14007, 14007, 14007, 1998, '1998-01-01', 'm', 99, 1),
(23832, NULL, NULL, '', 'Kasperl', 'Johannes', 14007, 14007, 14007, 1994, '1994-01-01', 'm', 42, 1),
(23855, NULL, NULL, '', 'Tong', 'Jenny', 0, 0, 100000, 1996, '1996-01-01', 'w', 205, 1),
(100001, NULL, NULL, '', 'Wissing', 'Nele', 14008, 14008, 147, 2005, '2005-01-01', 'w', 42, 1),
(100002, NULL, NULL, '', 'Neukirchner', 'Laura', 14008, 14008, 147, 2005, '2005-01-01', 'w', 42, 1),
(100003, NULL, NULL, '', 'Weißgerber', 'Tim', 14016, 14016, 14016, 2012, '2012-01-01', 'm', 42, 1),
(100004, NULL, NULL, '', 'Siegel', 'Daniel Ou-Yang', 2009, 9007, 9007, 1996, '1996-01-01', 'm', 42, 1),
(100005, NULL, NULL, '', 'Schweizer', 'Lisa Marie', 2009, 9007, 9007, 1995, '1995-01-01', 'w', 42, 1),
(100006, NULL, NULL, '', 'Ahmed Mahmoud', 'Mohamed Ihab Youssef', 2009, 9007, 9007, 1989, '1989-01-01', 'm', 42, 1),
(100007, NULL, NULL, '', 'Davies', 'Sarah', 2009, 9007, 9007, 1992, '1992-01-01', 'w', 42, 1),
(100008, NULL, NULL, '', 'Varlamov', 'Michael', 2009, 9007, 9007, 1997, '1997-01-01', 'm', 42, 1),
(100009, NULL, NULL, '', 'Schroth', 'Nina', 2009, 9007, 9007, 1991, '1991-01-01', 'w', 42, 1),
(100010, NULL, NULL, '', 'Dancz', 'Lara', 2009, 9007, 9007, 2000, '2000-01-01', 'w', 42, 1),
(100011, NULL, NULL, '', 'Steinhöfel', 'Marlon', 2003, 2003, 2003, 1993, '1993-01-01', 'm', 42, 1),
(100012, NULL, NULL, '', 'Schroll', 'Jaqueline', 2003, 2003, 2003, 1997, '1997-01-01', 'w', 42, 1),
(100013, NULL, NULL, '', 'Ghazal', 'Alaa', 2003, 2003, 2003, 1985, '1985-01-01', 'm', 42, 1),
(100014, NULL, NULL, '', 'Todor', 'Yordanov', 2003, 2003, 2003, 2001, '2001-01-01', 'm', 42, 1),
(100015, NULL, NULL, '', 'Platzer', 'Max', 2003, 2003, 2003, 1992, '1992-01-01', 'm', 42, 1),
(100016, NULL, NULL, '', 'Schweizer', 'Kevin', 2003, 2003, 2003, 1986, '1986-01-01', 'm', 42, 1),
(100017, NULL, NULL, '', 'Schulz-Kroenert', 'Nils', 14009, 14009, 14009, 2003, '2003-11-18', 'm', 42, 1),
(100018, NULL, NULL, '', 'Menzel', 'Ricardo', 14009, 14009, 14009, 2002, '2002-10-12', 'm', 42, 1),
(100019, NULL, NULL, '', 'Wolf', 'Johannes', 14009, 14009, 14009, 1996, '1996-03-05', 'm', 42, 1),
(100020, NULL, NULL, '', 'Piatkowski', 'Mateusz', 14009, 14009, 14009, 1985, '1985-06-20', 'm', 42, 1),
(100021, NULL, NULL, '', 'Richter', 'Mario', 14009, 14009, 14009, 1973, '1973-03-02', 'm', 42, 1),
(100022, NULL, NULL, '', 'Herberg', 'Harald', 14009, 14009, 14009, 1954, '1954-11-01', 'm', 42, 1),
(100023, NULL, NULL, '', 'Tinney', 'Hanna-Luise', 14009, 14009, 14009, 1994, '1994-05-20', 'w', 42, 1),
(100024, NULL, NULL, '', 'Firl', 'Judith', 14005, 14005, 14005, 2003, '2003-01-01', 'w', 42, 1),
(100025, NULL, NULL, '', 'Böhmig', 'Marie', 14005, 14005, 14005, 2000, '2000-01-01', 'w', 42, 1),
(100026, NULL, NULL, '', 'Ludwig', 'Nancy', 14005, 14005, 14005, 2000, '2000-01-01', 'w', 42, 1),
(100027, NULL, NULL, '', 'Neumann', 'Mandy', 14005, 14005, 14005, 1995, '1995-01-01', 'w', 42, 1),
(100028, NULL, NULL, '', 'Schiffmann', 'Luisa', 14016, 14016, 14016, 1996, '1996-01-01', 'w', 42, 1),
(100029, NULL, NULL, '', 'Janta', 'Gerit', 14004, 14004, 14004, 1997, '1997-01-01', 'w', 42, 1),
(100030, NULL, NULL, '', 'Perthel', 'Willy', 14007, 14007, 14007, 2006, '2006-01-01', 'm', 42, 1),
(100031, NULL, NULL, '', 'Börner', 'Arno', 14007, 14007, 14007, 2007, '2007-01-01', 'm', 42, 1),
(100032, NULL, NULL, '', 'Karnatz', 'Louis', 14005, 14005, 14005, 2005, '2005-01-01', 'm', 42, 1),
(100033, NULL, NULL, '', 'Kulke', 'Leif', 14011, 14011, 14011, 2007, '2007-01-01', 'm', 42, 1),
(100034, NULL, NULL, '', 'Hanisch', 'Dave', 14011, 14011, 14011, 2007, '2007-01-01', 'm', 42, 1),
(100035, NULL, NULL, '', 'Scholz', 'Florian', 14005, 14005, 14005, 2005, '2005-01-01', 'm', 42, 1),
(100036, NULL, NULL, '', 'Nietzschke', 'Moritz', 14005, 14005, 14005, 2005, '2005-01-01', 'm', 42, 1),
(100037, NULL, NULL, '', 'Rusch', 'Valentino', 14005, 14005, 14005, 2005, '2005-01-01', 'm', 42, 1),
(100038, NULL, NULL, '', 'Baumbach', 'Nick', 14008, 14008, 14008, 2005, '2005-01-01', 'm', 42, 1),
(100039, NULL, NULL, '', 'Michael', 'Gustaf', 14004, 14004, 14004, 2004, '2004-01-01', 'm', 42, 1),
(100040, NULL, NULL, '', 'Plischke', 'Marc', 14004, 14004, 14004, 2004, '2004-01-01', 'm', 42, 1),
(100041, NULL, NULL, '', 'Müller', 'Lucas', 14004, 14004, 14004, 2004, '2004-01-01', 'm', 42, 1),
(100042, NULL, NULL, '', 'Meerkamp', 'Steffen', 14011, 14011, 14011, 1986, '1986-01-01', 'm', 42, 1),
(100043, NULL, NULL, '', 'Steinbach', 'Sven', 14007, 14007, 14007, 1967, '1967-01-01', 'm', 42, 1),
(100044, NULL, NULL, 'Dr.', 'Faber', 'Friedrich', 14005, 14005, 14005, 1940, '1940-01-01', 'm', 42, 1),
(100045, NULL, NULL, '', 'Burkhardt', 'Steve', 14005, 14005, 14005, 1985, '1985-01-01', 'm', 42, 1),
(100046, NULL, NULL, '', 'Zimmermann', 'Oliver', 14010, 14010, 14010, 2002, '2002-01-01', 'm', 42, 1),
(100047, NULL, NULL, '', 'Brodi', 'Anton', 14008, 14008, 14008, 2003, '2003-01-01', 'm', 42, 1),
(100048, NULL, NULL, '', 'Schindler', 'Philipp', 14005, 14005, 14005, 1994, '1994-01-01', 'm', 42, 1),
(100049, NULL, NULL, '', 'Test', 'Blablub', 14016, 14016, 14016, 2008, '2008-01-01', 'm', 42, 1),
(100050, NULL, NULL, '', 'Test', 'bbbbbbbbbb', 14016, 14016, 14016, 2000, '2000-01-01', 'm', 42, 1),
(100051, NULL, NULL, '', 'Test', 'Bluub', 2007, 2007, 2007, 2000, '2000-01-01', 'm', 42, 1),
(100052, NULL, NULL, '', 'Poitschke', 'Miko-Leander', 14010, 14010, 14010, 2008, '2008-12-05', 'm', 42, 1),
(100053, NULL, NULL, '', 'Behm', 'Alexander', 2016, 2016, 2016, 2007, '2007-06-20', 'm', 42, 1),
(100054, NULL, NULL, '', 'Sahin', 'Silvan', 22070, 22070, 22070, 2006, '2006-01-20', 'm', 42, 1),
(100055, NULL, NULL, '', 'Nitschke', 'Moritz', 14005, 14005, 14005, 2005, '2005-01-30', 'm', 42, 1),
(100056, NULL, NULL, '', 'Klytta', 'Dominik', 14010, 14010, 14010, 1994, '1994-09-21', 'm', 42, 1),
(100057, NULL, NULL, '', 'Beimel', 'Theo', 2016, 2016, 2016, 2002, '2002-08-04', 'm', 42, 1),
(100058, NULL, NULL, '', 'Weser', 'Martin', 14004, 14004, 14004, 1999, '1999-04-19', 'm', 42, 1),
(100059, NULL, NULL, '', 'Benz', 'Etienne', 2016, 2016, 2016, 2003, '2003-06-28', 'm', 42, 1),
(100060, NULL, NULL, '', 'Ludwig', 'Erik', 14005, 14005, 14005, 2001, '2001-03-18', 'm', 42, 1),
(100061, NULL, NULL, '', 'Elsner', 'Eric Enrico', 14010, 14010, 14010, 2002, '2002-06-20', 'm', 42, 1),
(100062, NULL, NULL, '', 'Chrysochoidis', 'Alexandros', 15001, 15001, 15001, 2005, '2005-04-22', 'm', 42, 1),
(100063, NULL, NULL, '', 'Teichert', 'Anthony', 14008, 14008, 14008, 2005, '2005-08-29', 'm', 42, 1),
(100064, NULL, NULL, '', 'Lagrou', 'Ilke', 0, 0, 0, 1998, '1998-01-27', 'w', 19, 1),
(100065, NULL, NULL, '', 'Klug', 'Kiara', 0, 0, 0, 2003, '2003-04-12', 'w', 42, 1),
(100066, NULL, NULL, '', 'Viol', 'Laura', 0, 0, 0, 2005, '2005-09-29', 'w', 42, 1),
(100067, NULL, NULL, '', 'Miljukow', 'Olga', 14004, 14004, 14004, 1991, '1991-06-19', 'w', 42, 1),
(100068, NULL, NULL, '', 'Keskitalo', 'Hannes', 0, 0, 0, 1996, '1996-11-10', 'm', 52, 1),
(100069, NULL, NULL, '', 'Nykänen', 'Jesse', 0, 0, 0, 1996, '1996-02-06', 'm', 52, 1),
(100070, NULL, NULL, '', 'Rechul', 'Emilia', 0, 0, 0, 1998, '1998-08-03', 'w', 147, 1),
(100071, NULL, NULL, '', 'Luterek', 'Klaudia', 0, 0, 0, 1999, '1999-02-20', 'w', 147, 1),
(100072, NULL, NULL, '', 'Augusto', 'Catarina', 0, 0, 0, 1994, '1994-11-12', 'w', 148, 1),
(100073, NULL, NULL, '', 'Peinado', 'Laura', 0, 0, 0, 1992, '1992-10-21', 'w', 202, 1),
(100074, NULL, NULL, '', 'Lugo', 'Wilkeinner', 0, 0, 0, 1997, '1997-03-25', 'm', 202, 1),
(100075, NULL, NULL, '', 'Vandenabeele', 'Annelien', 0, 0, 0, 2004, '2004-11-26', 'w', 19, 1),
(100076, NULL, NULL, '', 'Gude', 'Line', 0, 0, 0, 1998, '1998-02-19', 'w', 39, 1),
(100077, NULL, NULL, '', 'Schmitt', 'Riccardo', 0, 0, 0, 2003, '2003-01-25', 'm', 42, 1),
(100078, NULL, NULL, '', 'Peltokangas', 'Antti', 0, 0, 0, 1995, '1995-05-20', 'm', 52, 1),
(100079, NULL, NULL, '', 'Suoniemi', 'Konsta', 0, 0, 0, 2004, '2004-06-10', 'm', 52, 1),
(100080, NULL, NULL, '', 'Strzykala', 'Mara', 0, 0, 0, 1992, '1992-03-13', 'w', 105, 1),
(100081, NULL, NULL, '', 'Goljasz', 'Daniel', 0, 0, 0, 1997, '1997-08-14', 'm', 147, 1),
(100082, NULL, NULL, '', 'Chirinos', 'Dayana', 0, 0, 0, 1991, '1991-10-04', 'w', 202, 1),
(100083, NULL, NULL, '', 'Uzcategui', 'Rosselyn', 0, 0, 0, 2002, '2002-07-11', 'w', 202, 1),
(100084, NULL, NULL, '', 'Mayora', 'Julio', 0, 0, 0, 1996, '1996-09-02', 'm', 202, 1),
(100085, NULL, NULL, '', 'Sterckx', 'Nina', 0, 0, 0, 2002, '2002-07-26', 'w', 19, 1),
(100086, NULL, NULL, '', 'Selin', 'Jutta', 0, 0, 0, 1999, '1999-06-01', 'w', 52, 1),
(100087, NULL, NULL, '', 'Kudłaszyk', 'Piotr', 0, 0, 0, 1999, '1999-05-29', 'm', 147, 1),
(100088, NULL, NULL, '', 'Almeida', 'Miguel', 0, 0, 0, 1999, '1999-07-09', 'm', 148, 1),
(100089, NULL, NULL, '', 'Meister', 'Scheila', 0, 0, 0, 1987, '1987-05-02', 'w', 159, 1),
(100090, NULL, NULL, '', 'Vallenilla', 'Keydomar', 0, 0, 0, 1999, '1999-10-08', 'm', 202, 1),
(100091, NULL, NULL, '', 'Castro', 'Darvin', 0, 0, 0, 1995, '1995-06-11', 'm', 202, 1),
(100092, NULL, NULL, '', 'Quintana', 'Rosielis', 0, 0, 0, 2000, '2000-03-18', 'w', 202, 1),
(100093, NULL, NULL, '', 'Thornton', 'Tenishia', 0, 0, 0, 2005, '2005-09-01', 'w', 111, 1),
(200000, NULL, NULL, '', 'Kirchbauer', 'Peter', 10003, 10003, 10003, 1948, '1948-08-25', 'm', 42, 1),
(200001, NULL, NULL, '', 'Joos', 'Horst', 10003, 10003, 10003, 1940, '1940-02-21', 'm', 42, 1),
(200002, NULL, NULL, '', 'Weber', 'Tanja', 9001, 9001, 9001, 1986, '1986-11-25', 'w', 42, 1),
(200003, NULL, NULL, '', 'Bug', 'Sabrina', 9001, 9001, 9001, 1988, '1988-04-13', 'w', 42, 1),
(200004, NULL, NULL, '', 'Wenz', 'Christian', 9001, 9001, 9001, 1985, '1985-07-04', 'm', 42, 1),
(200005, NULL, NULL, '', 'Rief', 'Karlheinz', 9001, 9001, 9001, 1958, '1958-07-21', 'm', 42, 1),
(200006, NULL, NULL, '', 'Braun', 'Lukas', 13004, 13004, 13004, 1995, '1995-04-20', 'm', 42, 1),
(200007, NULL, NULL, '', 'Werner', 'Anne', 13004, 13004, 13004, 1998, '1998-10-13', 'w', 42, 1),
(200008, NULL, NULL, '', 'Müller', 'Michelle', 13004, 13004, 13004, 1998, '1998-10-17', 'w', 42, 1),
(200009, NULL, NULL, '', 'Weber', 'Sabine', 13004, 13004, 13004, 1966, '1966-03-14', 'w', 42, 1),
(200010, NULL, NULL, '', 'Auer', 'Justin', 13004, 13004, 13004, 2005, '2005-09-21', 'm', 42, 1),
(200011, NULL, NULL, '', 'Wolf', 'Jens', 9005, 9005, 9005, 1995, '1995-03-08', 'm', 42, 1),
(200012, NULL, NULL, '', 'Gross', 'Lukas', 9005, 9005, 9005, 1994, '1994-11-25', 'm', 42, 1),
(200013, NULL, NULL, '', 'Wille', 'Tobias', 9005, 9005, 9005, 1990, '1990-08-01', 'm', 42, 1),
(200014, NULL, NULL, '', 'Trautmann', 'Frank', 10003, 10003, 10003, 1996, '1996-01-08', 'm', 42, 1),
(200015, NULL, NULL, '', 'Lorenz', 'Maja', 9007, 9007, 9007, 2007, '2007-10-04', 'w', 42, 1),
(200016, NULL, NULL, '', 'Bechter', 'Sarah', 9007, 9007, 9007, 2003, '2003-04-07', 'w', 42, 1),
(200017, NULL, NULL, '', 'Schroth', 'Nina', 9007, 9007, 9007, 1991, '1991-08-16', 'w', 42, 1),
(200018, NULL, NULL, '', 'Kihm', 'Mattis', 9007, 9007, 9007, 2010, '2010-11-29', 'm', 42, 1),
(200019, NULL, NULL, '', 'Lorenz', 'Jakob', 9007, 9007, 9007, 2010, '2010-07-02', 'm', 42, 1),
(200020, NULL, NULL, '', 'Kihm', 'Jaron', 9007, 9007, 9007, 2007, '2007-10-16', 'm', 42, 1),
(200021, NULL, NULL, '', 'Tretter', 'Jonas', 9007, 9007, 9007, 2006, '2006-08-25', 'm', 42, 1),
(200022, NULL, NULL, '', 'Weber', 'Katharina', 10004, 10004, 10004, 2000, '2000-01-01', 'w', 42, 1),
(200023, NULL, NULL, '', 'Schwab', 'Olivia', 10004, 10004, 10004, 1999, '1999-01-01', 'w', 42, 1),
(200024, NULL, NULL, '', 'Stieß', 'Julia', 9010, 9010, 9010, 1993, '1993-05-25', 'w', 42, 1),
(200025, NULL, NULL, '', 'Spindler', 'Christina', 9010, 9010, 9010, 1995, '1995-04-05', 'w', 42, 1),
(200026, NULL, NULL, '', 'Galm', 'Linda', 9010, 9010, 9010, 1993, '1993-12-16', 'w', 42, 1),
(200027, NULL, NULL, '', 'Schiff', 'Ramona', 9010, 9010, 9010, 1990, '1990-01-23', 'w', 42, 1),
(200028, NULL, NULL, '', 'Zickgraf', 'Fabian', 9010, 9010, 9010, 2007, '2007-07-14', 'm', 42, 1),
(200029, NULL, NULL, '', 'Stiefel', 'Christoph', 9010, 9010, 9010, 1989, '1989-04-17', 'm', 42, 1),
(200030, NULL, NULL, '', 'Nuber', 'Maximilian', 9010, 9010, 9010, 1991, '1991-11-25', 'm', 42, 1),
(200031, NULL, NULL, '', 'Jess', 'Andreas', 9010, 9010, 9010, 1988, '1988-07-29', 'm', 42, 1),
(200032, NULL, NULL, '', 'Fechner', 'Marc', 9010, 9010, 9010, 1986, '1986-01-23', 'm', 42, 1),
(200033, NULL, NULL, '', 'Kaufmann', 'Luis', 9013, 9013, 9013, 2009, '2009-04-22', 'm', 42, 1),
(200034, NULL, NULL, '', 'Krieger', 'Sandro', 9013, 9013, 9013, 1979, '1979-07-04', 'm', 42, 1),
(200035, NULL, NULL, '', 'Beutling', 'Volker', 9013, 9013, 9013, 1965, '1965-11-01', 'm', 42, 1),
(200036, NULL, NULL, '', 'Tröller', 'Jennifer', 9013, 9013, 9013, 1998, '1998-12-31', 'w', 42, 1),
(200037, NULL, NULL, '', 'Stauder', 'Vanessa', 9013, 9013, 9013, 1992, '1992-06-27', 'w', 42, 1),
(200038, NULL, NULL, '', 'May-Günthert', 'Irina', 9013, 9013, 9013, 1979, '1979-11-26', 'w', 42, 1),
(200039, NULL, NULL, '', 'Keller', 'Theresia', 9002, 9002, 9002, 2004, '2004-05-19', 'w', 42, 1),
(200040, NULL, NULL, '', 'Tas', 'Sinem', 9002, 9002, 9002, 2004, '2004-05-17', 'w', 42, 1),
(200041, NULL, NULL, '', 'Michel', 'Marlene', 9002, 9002, 9002, 2006, '2006-07-28', 'w', 42, 1),
(200042, NULL, NULL, '', 'Karp', 'Lisa', 9002, 9002, 9002, 1985, '1985-04-08', 'w', 42, 1),
(200043, NULL, NULL, '', 'Bach', 'Lina', 9002, 9002, 9002, 1997, '1997-12-08', 'w', 42, 1),
(200044, NULL, NULL, '', 'Abdo', 'Roshine', 9002, 9002, 9002, 2008, '2008-05-10', 'w', 42, 1),
(200045, NULL, NULL, '', 'Hammer', 'Falk', 9002, 9002, 9002, 2007, '2007-09-18', 'm', 42, 1),
(200046, NULL, NULL, '', 'Nützel', 'Lucas', 9002, 9002, 9002, 2004, '2004-12-25', 'm', 42, 1),
(200047, NULL, NULL, '', 'Attilo', 'Joshua', 9002, 9002, 9002, 1996, '1996-06-24', 'm', 42, 1),
(200048, NULL, NULL, '', 'Izere Shima', 'Antoine de Padou', 9002, 9002, 9002, 2000, '2000-08-14', 'm', 42, 1),
(200049, NULL, NULL, '', 'Schneider', 'Steffen', 9002, 9002, 9002, 1992, '1992-12-10', 'm', 42, 1),
(200050, NULL, NULL, '', 'Meyer-Buchhardt', 'Nic', 13002, 13002, 13002, 2006, '2006-09-01', 'm', 42, 1),
(200051, NULL, NULL, '', 'Wilhelm', 'Julian', 13002, 13002, 13002, 1999, '1999-05-28', 'm', 42, 1),
(200052, NULL, NULL, '', 'Reinstädtler', 'Fabian', 13002, 13002, 13002, 1995, '1995-05-12', 'm', 42, 1),
(200053, NULL, NULL, '', 'Merkel', ' Andreas', 20542, 20542, 20542, 2003, '2003-03-20', 'm', 42, 1),
(200054, NULL, NULL, '', 'Tabaku', 'Arsian', 20542, 20542, 20542, 1990, '1990-11-02', 'm', 42, 1),
(200055, NULL, NULL, '', 'Schu', 'Muriel', 9014, 9014, 9014, 1995, '1995-11-09', 'w', 42, 1),
(200056, NULL, NULL, '', 'Nowara', 'Carolin', 9014, 9014, 9014, 1990, '1990-11-01', 'w', 42, 1),
(200057, NULL, NULL, '', 'Blang', 'Nico', 9014, 9014, 9014, 1992, '1992-04-18', 'm', 42, 1),
(200058, NULL, NULL, '', 'Wagner', 'Lukas', 9014, 9014, 9014, 2001, '2001-05-12', 'm', 42, 1),
(200059, NULL, NULL, '', 'Moussaoui', 'Ayoub', 9014, 9014, 9014, 1989, '1989-03-15', 'm', 42, 1),
(200060, NULL, NULL, '', 'Shahnavazi', 'Amir', 9014, 9014, 9014, 1997, '1997-05-25', 'm', 42, 1),
(200061, NULL, NULL, '', 'Rue', 'Derik', 9014, 9014, 9014, 1981, '1981-12-21', 'm', 42, 1),
(200062, NULL, NULL, '', 'Oettel', 'Ole', 9014, 9014, 9014, 1983, '1983-10-15', 'm', 42, 1),
(200063, NULL, NULL, '', 'Daum', 'Siegfried', 9014, 9014, 9014, 1949, '1949-08-25', 'm', 42, 1),
(200064, NULL, NULL, '', 'Rach', 'Sarah', 9003, 9003, 9003, 2008, '2008-12-16', 'w', 42, 1),
(200065, NULL, NULL, '', 'Wiedemann', 'Corinna', 9003, 9003, 9003, 1997, '1997-05-21', 'w', 42, 1),
(200066, NULL, NULL, '', 'Rach', 'Lukas', 9003, 9003, 9003, 2010, '2010-09-01', 'm', 42, 1),
(200067, NULL, NULL, '', 'Rach', 'Simon', 9003, 9003, 9003, 2010, '2010-09-01', 'm', 42, 1),
(200068, NULL, NULL, '', 'Schäfer', 'Tom', 9003, 9003, 9003, 1990, '1990-09-13', 'm', 42, 1),
(200069, NULL, NULL, '', 'Bönig', 'Fin', 9004, 9004, 9004, 2009, '2009-12-01', 'm', 42, 1),
(200070, NULL, NULL, '', 'Bespolaov', 'Gerasim', 9004, 9004, 9004, 2007, '2007-03-31', 'm', 42, 1),
(200071, NULL, NULL, '', 'Castaneda', 'Steven', 9004, 9004, 9004, 2003, '2003-10-12', 'm', 42, 1),
(200072, NULL, NULL, '', 'Diehl', 'Korinna', 9004, 9004, 9004, 1963, '1963-11-09', 'w', 42, 1),
(200073, NULL, NULL, '', 'Schlampp', 'Yvo', 9002, 9002, 9002, 2002, '2002-11-20', 'm', 42, 1),
(200074, NULL, NULL, '', 'Nützel', 'Sarah', 9002, 9002, 9002, 2007, '2007-01-14', 'w', 42, 1);

-- --------------------------------------------------------

--
-- Tabellenstruktur für Tabelle `athletik`
--

CREATE TABLE `athletik` (
  `Wettkampf` int(11) NOT NULL,
  `Teilnehmer` int(11) NOT NULL,
  `Disziplin` int(2) NOT NULL,
  `Durchgang` int(1) NOT NULL,
  `Wert` double(7,2) DEFAULT NULL,
  `Updated` timestamp NOT NULL DEFAULT current_timestamp() ON UPDATE current_timestamp()
) ENGINE=InnoDB DEFAULT CHARSET=utf8;

-- --------------------------------------------------------

--
-- Tabellenstruktur für Tabelle `athletik_defaults`
--

CREATE TABLE `athletik_defaults` (
  `Disziplin` int(2) NOT NULL,
  `Bezeichnung` varchar(15) COLLATE utf8_unicode_ci NOT NULL,
  `Geschlecht` varchar(1) COLLATE utf8_unicode_ci NOT NULL,
  `ak5` double(4,2) DEFAULT NULL,
  `ak6` double(4,2) DEFAULT NULL,
  `ak7` double(4,2) DEFAULT NULL,
  `ak8` double(4,2) DEFAULT NULL,
  `ak9` double(4,2) DEFAULT NULL,
  `ak10` double(4,2) DEFAULT NULL,
  `ak11` double(4,2) DEFAULT NULL,
  `ak12` double(4,2) DEFAULT NULL,
  `ak13` double(4,2) DEFAULT NULL,
  `ak14` double(4,2) DEFAULT NULL,
  `ak15` double(4,2) DEFAULT NULL,
  `ak16` double(4,2) DEFAULT NULL,
  `ak17` double(4,2) DEFAULT NULL
) ENGINE=InnoDB DEFAULT CHARSET=utf8 COLLATE=utf8_unicode_ci;

--
-- Daten für Tabelle `athletik_defaults`
--

INSERT INTO `athletik_defaults` (`Disziplin`, `Bezeichnung`, `Geschlecht`, `ak5`, `ak6`, `ak7`, `ak8`, `ak9`, `ak10`, `ak11`, `ak12`, `ak13`, `ak14`, `ak15`, `ak16`, `ak17`) VALUES
(10, 'Anzahl', 'm', NULL, NULL, NULL, NULL, NULL, 10.00, 10.00, 10.00, 12.00, 15.00, 15.00, 15.00, 15.00),
(10, 'Anzahl', 'w', NULL, NULL, NULL, NULL, NULL, 10.00, 10.00, 10.00, 12.00, 15.00, 15.00, 15.00, 15.00),
(10, 'Punkte', 'm', NULL, NULL, NULL, NULL, NULL, 15.00, 15.00, 15.00, 12.50, 10.00, 10.00, 10.00, 10.00),
(10, 'Punkte', 'w', NULL, NULL, NULL, NULL, NULL, 15.00, 15.00, 15.00, 12.50, 10.00, 10.00, 10.00, 10.00),
(20, 'Anzahl', 'm', NULL, NULL, NULL, NULL, NULL, 15.00, 15.00, 15.00, 15.00, 15.00, 15.00, NULL, NULL),
(20, 'Anzahl', 'w', NULL, NULL, NULL, NULL, NULL, 15.00, 15.00, 15.00, 15.00, 15.00, 15.00, NULL, NULL),
(20, 'Faktor', 'm', NULL, NULL, NULL, NULL, NULL, 0.50, 0.57, 0.65, 0.70, 0.75, 0.75, NULL, NULL),
(20, 'Faktor', 'w', NULL, NULL, NULL, NULL, NULL, 0.45, 0.48, 0.52, 0.57, 0.63, 0.63, NULL, NULL),
(20, 'Punkte', 'm', NULL, NULL, NULL, NULL, NULL, 10.00, 10.00, 10.00, 10.00, 10.00, 10.00, NULL, NULL),
(20, 'Punkte', 'w', NULL, NULL, NULL, NULL, NULL, 10.00, 10.00, 10.00, 10.00, 10.00, 10.00, NULL, NULL),
(60, 'Anzahl', 'm', NULL, NULL, NULL, NULL, NULL, 10.00, 10.00, 10.00, 12.00, 15.00, 15.00, 15.00, 15.00),
(60, 'Anzahl', 'w', NULL, NULL, NULL, NULL, NULL, 10.00, 10.00, 10.00, 10.00, 12.00, 12.00, 12.00, 12.00),
(60, 'Punkte', 'm', NULL, NULL, NULL, NULL, NULL, 15.00, 15.00, 15.00, 12.50, 10.00, 10.00, 10.00, 10.00),
(60, 'Punkte', 'w', NULL, NULL, NULL, NULL, NULL, 15.00, 15.00, 15.00, 15.00, 12.50, 12.50, 12.50, 12.50),
(110, 'Kugel', 'm', 2.00, 2.00, 2.00, 2.00, 2.00, 2.00, 3.00, 3.00, 4.00, 4.00, 5.00, 5.00, NULL),
(110, 'Kugel', 'w', 2.00, 2.00, 2.00, 2.00, 2.00, 2.00, 2.00, 2.00, 3.00, 3.00, 4.00, 4.00, NULL),
(130, 'Anzahl', 'm', NULL, NULL, NULL, NULL, NULL, 15.00, 15.00, 15.00, 15.00, 15.00, 15.00, 12.00, 10.00),
(130, 'Anzahl', 'w', NULL, NULL, NULL, NULL, NULL, 15.00, 15.00, 15.00, 15.00, 15.00, 15.00, 12.00, 10.00),
(130, 'Faktor', 'm', NULL, NULL, NULL, NULL, NULL, 0.80, 0.80, 0.80, 0.80, 0.80, 0.80, 0.90, 1.00),
(130, 'Faktor', 'w', NULL, NULL, NULL, NULL, NULL, 0.60, 0.60, 0.60, 0.60, 0.60, 0.60, 0.67, 0.75),
(130, 'Punkte', 'm', NULL, NULL, NULL, NULL, NULL, 10.00, 10.00, 10.00, 10.00, 10.00, 10.00, 12.50, 15.00),
(130, 'Punkte', 'w', NULL, NULL, NULL, NULL, NULL, 10.00, 10.00, 10.00, 10.00, 10.00, 10.00, 12.50, 15.00);

-- --------------------------------------------------------

--
-- Tabellenstruktur für Tabelle `athletik_disziplinen`
--

CREATE TABLE `athletik_disziplinen` (
  `idDisziplin` int(2) NOT NULL COMMENT 'athletik: D+idDisziplin',
  `Bezeichnung` varchar(30) COLLATE utf8_unicode_ci NOT NULL,
  `Durchgaenge` int(1) NOT NULL,
  `Formel` varchar(60) COLLATE utf8_unicode_ci NOT NULL,
  `V_min` double(4,1) DEFAULT NULL,
  `V_max` double(4,1) DEFAULT NULL,
  `Einheit` varchar(10) COLLATE utf8_unicode_ci NOT NULL
) ENGINE=InnoDB DEFAULT CHARSET=utf8 COLLATE=utf8_unicode_ci;

--
-- Daten für Tabelle `athletik_disziplinen`
--

INSERT INTO `athletik_disziplinen` (`idDisziplin`, `Bezeichnung`, `Durchgaenge`, `Formel`, `V_min`, `V_max`, `Einheit`) VALUES
(10, 'Anristen', 1, 'Anzahl * Punkte', NULL, NULL, 'Anzahl'),
(20, 'Bankdrücken', 1, 'Anzahl * 10', NULL, NULL, 'Anzahl'),
(30, 'Beugestütz', 1, 'Anzahl * 5', NULL, NULL, 'Anzahl'),
(40, 'CounterMoveJump', 2, 'Differenz * 3', NULL, NULL, 'Zentimeter'),
(50, 'Differenzsprung', 2, 'Differenz * 2,25', NULL, NULL, 'Zentimeter'),
(55, 'Kastenbumeranglauf', 2, '(15.5 - Zeit) * 20 + 100', NULL, 20.5, 'Sekunden'),
(60, 'Klimmzug', 1, 'Anzahl * Punkte', NULL, NULL, 'Anzahl'),
(65, 'Lauftest', 2, '400 - Zeit * 20', NULL, 20.0, 'Sekunden'),
(70, 'Liegestütz', 1, 'Anzahl * 4,5', NULL, NULL, 'Anzahl'),
(80, 'Pendellauf', 2, '(13 - Zeit) * 20 + 100', NULL, 18.0, 'Sekunden'),
(90, 'Schlussdreisprung', 3, 'Weite * 0,2', 300.0, NULL, 'Zentimeter'),
(100, 'Schlussweitsprung', 3, '75 + (Weite - 100) / 2', 100.0, NULL, 'Zentimeter'),
(110, 'Schockwurf', 3, 'Weite * 7,5 / KG', NULL, NULL, 'Zentimeter'),
(120, '30m-Sprint', 2, '(6 - Zeit) * 40 + 100', NULL, 8.5, 'Sekunden'),
(130, 'Zug liegend', 1, 'Anzahl * Punkte', NULL, NULL, 'Anzahl');

-- --------------------------------------------------------

--
-- Tabellenstruktur für Tabelle `athletik_results`
--

CREATE TABLE `athletik_results` (
  `Wettkampf` int(11) NOT NULL,
  `Teilnehmer` int(11) NOT NULL,
  `Disziplin` int(2) NOT NULL,
  `Resultat` double(5,2) DEFAULT NULL,
  `Platz` int(3) DEFAULT NULL,
  `Updated` timestamp NOT NULL DEFAULT current_timestamp() ON UPDATE current_timestamp()
) ENGINE=InnoDB DEFAULT CHARSET=utf8 COLLATE=utf8_unicode_ci;

-- --------------------------------------------------------

--
-- Tabellenstruktur für Tabelle `faktoren`
--

CREATE TABLE `faktoren` (
  `sex` varchar(1) COLLATE utf8_unicode_ci NOT NULL,
  `A` double(11,10) NOT NULL COMMENT 'A-Faktor der Sinclair-Formel',
  `b` double(6,3) NOT NULL COMMENT 'b-Faktor der Sinclair-Formel',
  `maxKG` int(3) NOT NULL COMMENT 'maximales KG in Sinclair-Formel',
  `maxSC` double(7,6) NOT NULL COMMENT 'maximaler Sinclair-Faktor'
) ENGINE=InnoDB DEFAULT CHARSET=utf8 COLLATE=utf8_unicode_ci COMMENT='2017 - 2020';

--
-- Daten für Tabelle `faktoren`
--

INSERT INTO `faktoren` (`sex`, `A`, `b`, `maxKG`, `maxSC`) VALUES
('m', 0.7519450300, 175.508, 32, 2.696150),
('w', 0.7834974760, 153.655, 28, 2.946170);

-- --------------------------------------------------------

--
-- Tabellenstruktur für Tabelle `gewichtsklassen`
--

CREATE TABLE `gewichtsklassen` (
  `International` tinyint(1) NOT NULL,
  `idAK` int(3) NOT NULL,
  `Sex` varchar(1) COLLATE utf8_unicode_ci NOT NULL,
  `idGK` int(3) NOT NULL,
  `GK` varchar(4) COLLATE utf8_unicode_ci NOT NULL
) ENGINE=InnoDB DEFAULT CHARSET=utf8 COLLATE=utf8_unicode_ci;

--
-- Daten für Tabelle `gewichtsklassen`
--

INSERT INTO `gewichtsklassen` (`International`, `idAK`, `Sex`, `idGK`, `GK`) VALUES
(0, 10, 'm', 5, '-25'),
(0, 10, 'm', 10, '-30'),
(0, 10, 'm', 20, '-35'),
(0, 10, 'm', 30, '-40'),
(0, 10, 'm', 40, '-45'),
(0, 10, 'm', 50, '-49'),
(0, 10, 'm', 60, '-55'),
(0, 10, 'm', 70, '+55'),
(0, 10, 'w', 5, '-25'),
(0, 10, 'w', 10, '-30'),
(0, 10, 'w', 20, '-35'),
(0, 10, 'w', 30, '-40'),
(0, 10, 'w', 40, '-45'),
(0, 10, 'w', 50, '-49'),
(0, 10, 'w', 60, '+49'),
(0, 11, 'm', 10, '-30'),
(0, 11, 'm', 20, '-35'),
(0, 11, 'm', 30, '-40'),
(0, 11, 'm', 40, '-45'),
(0, 11, 'm', 50, '-49'),
(0, 11, 'm', 60, '-55'),
(0, 11, 'm', 70, '-61'),
(0, 11, 'm', 80, '+61'),
(0, 11, 'w', 10, '-30'),
(0, 11, 'w', 20, '-35'),
(0, 11, 'w', 30, '-40'),
(0, 11, 'w', 40, '-45'),
(0, 11, 'w', 50, '-49'),
(0, 11, 'w', 60, '-55'),
(0, 11, 'w', 70, '+55'),
(0, 12, 'm', 10, '-30'),
(0, 12, 'm', 20, '-35'),
(0, 12, 'm', 30, '-40'),
(0, 12, 'm', 40, '-45'),
(0, 12, 'm', 50, '-49'),
(0, 12, 'm', 60, '-55'),
(0, 12, 'm', 70, '-61'),
(0, 12, 'm', 80, '-67'),
(0, 12, 'm', 90, '+67'),
(0, 12, 'w', 10, '-30'),
(0, 12, 'w', 20, '-35'),
(0, 12, 'w', 30, '-40'),
(0, 12, 'w', 40, '-45'),
(0, 12, 'w', 50, '-49'),
(0, 12, 'w', 60, '-55'),
(0, 12, 'w', 70, '-59'),
(0, 12, 'w', 80, '+59'),
(0, 20, 'm', 20, '-35'),
(0, 20, 'm', 30, '-40'),
(0, 20, 'm', 40, '-45'),
(0, 20, 'm', 50, '-49'),
(0, 20, 'm', 60, '-55'),
(0, 20, 'm', 70, '-61'),
(0, 20, 'm', 80, '-67'),
(0, 20, 'm', 90, '-73'),
(0, 20, 'm', 100, '+73'),
(0, 20, 'w', 20, '-35'),
(0, 20, 'w', 30, '-40'),
(0, 20, 'w', 40, '-45'),
(0, 20, 'w', 50, '-49'),
(0, 20, 'w', 60, '-55'),
(0, 20, 'w', 70, '-59'),
(0, 20, 'w', 80, '-64'),
(0, 20, 'w', 90, '+64'),
(0, 21, 'm', 30, '-40'),
(0, 21, 'm', 40, '-45'),
(0, 21, 'm', 50, '-49'),
(0, 21, 'm', 60, '-55'),
(0, 21, 'm', 70, '-61'),
(0, 21, 'm', 80, '-67'),
(0, 21, 'm', 90, '-73'),
(0, 21, 'm', 100, '-81'),
(0, 21, 'm', 110, '-89'),
(0, 21, 'm', 120, '+89'),
(0, 21, 'w', 30, '-40'),
(0, 21, 'w', 40, '-45'),
(0, 21, 'w', 50, '-49'),
(0, 21, 'w', 60, '-55'),
(0, 21, 'w', 70, '-59'),
(0, 21, 'w', 80, '-64'),
(0, 21, 'w', 90, '-71'),
(0, 21, 'w', 100, '+71'),
(0, 22, 'm', 40, '-45'),
(0, 22, 'm', 50, '-49'),
(0, 22, 'm', 60, '-55'),
(0, 22, 'm', 70, '-61'),
(0, 22, 'm', 80, '-67'),
(0, 22, 'm', 90, '-73'),
(0, 22, 'm', 100, '-81'),
(0, 22, 'm', 110, '-89'),
(0, 22, 'm', 120, '-96'),
(0, 22, 'm', 130, '+96'),
(0, 22, 'w', 30, '-40'),
(0, 22, 'w', 40, '-45'),
(0, 22, 'w', 50, '-49'),
(0, 22, 'w', 60, '-55'),
(0, 22, 'w', 70, '-59'),
(0, 22, 'w', 80, '-64'),
(0, 22, 'w', 90, '-71'),
(0, 22, 'w', 100, '-76'),
(0, 22, 'w', 110, '+76'),
(0, 30, 'm', 50, '-49'),
(0, 30, 'm', 60, '-55'),
(0, 30, 'm', 70, '-61'),
(0, 30, 'm', 80, '-67'),
(0, 30, 'm', 90, '-73'),
(0, 30, 'm', 100, '-81'),
(0, 30, 'm', 110, '-89'),
(0, 30, 'm', 120, '-96'),
(0, 30, 'm', 130, '-102'),
(0, 30, 'm', 140, '+102'),
(0, 30, 'w', 30, '-40'),
(0, 30, 'w', 40, '-45'),
(0, 30, 'w', 50, '-49'),
(0, 30, 'w', 60, '-55'),
(0, 30, 'w', 70, '-59'),
(0, 30, 'w', 80, '-64'),
(0, 30, 'w', 90, '-71'),
(0, 30, 'w', 100, '-76'),
(0, 30, 'w', 110, '-81'),
(0, 30, 'w', 120, '+81'),
(0, 40, 'm', 60, '-55'),
(0, 40, 'm', 70, '-61'),
(0, 40, 'm', 80, '-67'),
(0, 40, 'm', 90, '-73'),
(0, 40, 'm', 100, '-81'),
(0, 40, 'm', 110, '-89'),
(0, 40, 'm', 120, '-96'),
(0, 40, 'm', 130, '-102'),
(0, 40, 'm', 140, '-109'),
(0, 40, 'm', 150, '+109'),
(0, 40, 'w', 40, '-45'),
(0, 40, 'w', 50, '-49'),
(0, 40, 'w', 60, '-55'),
(0, 40, 'w', 70, '-59'),
(0, 40, 'w', 80, '-64'),
(0, 40, 'w', 90, '-71'),
(0, 40, 'w', 100, '-76'),
(0, 40, 'w', 110, '-81'),
(0, 40, 'w', 120, '-87'),
(0, 40, 'w', 130, '+87'),
(0, 50, 'm', 60, '-55'),
(0, 50, 'm', 70, '-61'),
(0, 50, 'm', 80, '-67'),
(0, 50, 'm', 90, '-73'),
(0, 50, 'm', 100, '-81'),
(0, 50, 'm', 110, '-89'),
(0, 50, 'm', 120, '-96'),
(0, 50, 'm', 130, '-102'),
(0, 50, 'm', 140, '-109'),
(0, 50, 'm', 150, '+109'),
(0, 50, 'w', 40, '-45'),
(0, 50, 'w', 50, '-49'),
(0, 50, 'w', 60, '-55'),
(0, 50, 'w', 70, '-59'),
(0, 50, 'w', 80, '-64'),
(0, 50, 'w', 90, '-71'),
(0, 50, 'w', 100, '-76'),
(0, 50, 'w', 110, '-81'),
(0, 50, 'w', 120, '-87'),
(0, 50, 'w', 130, '+87'),
(0, 100, 'm', 60, '-55'),
(0, 100, 'm', 70, '-61'),
(0, 100, 'm', 80, '-67'),
(0, 100, 'm', 90, '-73'),
(0, 100, 'm', 100, '-81'),
(0, 100, 'm', 110, '-89'),
(0, 100, 'm', 120, '-96'),
(0, 100, 'm', 130, '-102'),
(0, 100, 'm', 140, '-109'),
(0, 100, 'm', 150, '+109'),
(0, 100, 'w', 40, '-45'),
(0, 100, 'w', 50, '-49'),
(0, 100, 'w', 60, '-55'),
(0, 100, 'w', 70, '-59'),
(0, 100, 'w', 80, '-64'),
(0, 100, 'w', 90, '-71'),
(0, 100, 'w', 100, '-76'),
(0, 100, 'w', 110, '-81'),
(0, 100, 'w', 120, '-87'),
(0, 100, 'w', 130, '+87'),
(1, 20, 'm', 20, '-35'),
(1, 20, 'm', 30, '-40'),
(1, 20, 'm', 40, '-45'),
(1, 20, 'm', 50, '-49'),
(1, 20, 'm', 60, '-55'),
(1, 20, 'm', 70, '-61'),
(1, 20, 'm', 80, '-67'),
(1, 20, 'm', 90, '-73'),
(1, 20, 'm', 100, '+73'),
(1, 20, 'w', 20, '-35'),
(1, 20, 'w', 30, '-40'),
(1, 20, 'w', 40, '-45'),
(1, 20, 'w', 50, '-49'),
(1, 20, 'w', 60, '-55'),
(1, 20, 'w', 70, '-59'),
(1, 20, 'w', 80, '-64'),
(1, 20, 'w', 90, '+64'),
(1, 21, 'm', 30, '-40'),
(1, 21, 'm', 40, '-45'),
(1, 21, 'm', 50, '-49'),
(1, 21, 'm', 60, '-55'),
(1, 21, 'm', 70, '-61'),
(1, 21, 'm', 80, '-67'),
(1, 21, 'm', 90, '-73'),
(1, 21, 'm', 100, '-81'),
(1, 21, 'm', 110, '-89'),
(1, 21, 'm', 120, '+89'),
(1, 21, 'w', 30, '-40'),
(1, 21, 'w', 40, '-45'),
(1, 21, 'w', 50, '-49'),
(1, 21, 'w', 60, '-55'),
(1, 21, 'w', 70, '-59'),
(1, 21, 'w', 80, '-64'),
(1, 21, 'w', 90, '-71'),
(1, 21, 'w', 100, '+71'),
(1, 22, 'm', 40, '-45'),
(1, 22, 'm', 50, '-49'),
(1, 22, 'm', 60, '-55'),
(1, 22, 'm', 70, '-61'),
(1, 22, 'm', 80, '-67'),
(1, 22, 'm', 90, '-73'),
(1, 22, 'm', 100, '-81'),
(1, 22, 'm', 110, '-89'),
(1, 22, 'm', 120, '-96'),
(1, 22, 'm', 130, '+96'),
(1, 22, 'w', 30, '-40'),
(1, 22, 'w', 40, '-45'),
(1, 22, 'w', 50, '-49'),
(1, 22, 'w', 60, '-55'),
(1, 22, 'w', 70, '-59'),
(1, 22, 'w', 80, '-64'),
(1, 22, 'w', 90, '-71'),
(1, 22, 'w', 100, '-76'),
(1, 22, 'w', 110, '+76'),
(1, 30, 'm', 50, '-49'),
(1, 30, 'm', 60, '-55'),
(1, 30, 'm', 70, '-61'),
(1, 30, 'm', 80, '-67'),
(1, 30, 'm', 90, '-73'),
(1, 30, 'm', 100, '-81'),
(1, 30, 'm', 110, '-89'),
(1, 30, 'm', 120, '-96'),
(1, 30, 'm', 130, '-102'),
(1, 30, 'm', 140, '+102'),
(1, 30, 'w', 30, '-40'),
(1, 30, 'w', 40, '-45'),
(1, 30, 'w', 50, '-49'),
(1, 30, 'w', 60, '-55'),
(1, 30, 'w', 70, '-59'),
(1, 30, 'w', 80, '-64'),
(1, 30, 'w', 90, '-71'),
(1, 30, 'w', 100, '-76'),
(1, 30, 'w', 110, '-81'),
(1, 30, 'w', 120, '+81'),
(1, 40, 'm', 60, '-55'),
(1, 40, 'm', 70, '-61'),
(1, 40, 'm', 80, '-67'),
(1, 40, 'm', 90, '-73'),
(1, 40, 'm', 100, '-81'),
(1, 40, 'm', 110, '-89'),
(1, 40, 'm', 120, '-96'),
(1, 40, 'm', 130, '-102'),
(1, 40, 'm', 140, '-109'),
(1, 40, 'm', 150, '+109'),
(1, 40, 'w', 40, '-45'),
(1, 40, 'w', 50, '-49'),
(1, 40, 'w', 60, '-55'),
(1, 40, 'w', 70, '-59'),
(1, 40, 'w', 80, '-64'),
(1, 40, 'w', 90, '-71'),
(1, 40, 'w', 100, '-76'),
(1, 40, 'w', 110, '-81'),
(1, 40, 'w', 120, '-87'),
(1, 40, 'w', 130, '+87'),
(1, 45, 'm', 60, '-55'),
(1, 45, 'm', 70, '-61'),
(1, 45, 'm', 80, '-67'),
(1, 45, 'm', 90, '-73'),
(1, 45, 'm', 100, '-81'),
(1, 45, 'm', 110, '-89'),
(1, 45, 'm', 120, '-96'),
(1, 45, 'm', 130, '-102'),
(1, 45, 'm', 140, '-109'),
(1, 45, 'm', 150, '+109'),
(1, 45, 'w', 40, '-45'),
(1, 45, 'w', 50, '-49'),
(1, 45, 'w', 60, '-55'),
(1, 45, 'w', 70, '-59'),
(1, 45, 'w', 80, '-64'),
(1, 45, 'w', 90, '-71'),
(1, 45, 'w', 100, '-76'),
(1, 45, 'w', 110, '-81'),
(1, 45, 'w', 120, '-87'),
(1, 45, 'w', 130, '+87'),
(1, 50, 'm', 60, '-55'),
(1, 50, 'm', 70, '-61'),
(1, 50, 'm', 80, '-67'),
(1, 50, 'm', 90, '-73'),
(1, 50, 'm', 100, '-81'),
(1, 50, 'm', 110, '-89'),
(1, 50, 'm', 120, '-96'),
(1, 50, 'm', 130, '-102'),
(1, 50, 'm', 140, '-109'),
(1, 50, 'm', 150, '+109'),
(1, 50, 'w', 40, '-45'),
(1, 50, 'w', 50, '-49'),
(1, 50, 'w', 60, '-55'),
(1, 50, 'w', 70, '-59'),
(1, 50, 'w', 80, '-64'),
(1, 50, 'w', 90, '-71'),
(1, 50, 'w', 100, '-76'),
(1, 50, 'w', 110, '-81'),
(1, 50, 'w', 120, '-87'),
(1, 50, 'w', 130, '+87'),
(1, 100, 'm', 60, '-55'),
(1, 100, 'm', 70, '-61'),
(1, 100, 'm', 80, '-67'),
(1, 100, 'm', 90, '-73'),
(1, 100, 'm', 100, '-81'),
(1, 100, 'm', 110, '-89'),
(1, 100, 'm', 120, '-96'),
(1, 100, 'm', 130, '-102'),
(1, 100, 'm', 140, '-109'),
(1, 100, 'm', 150, '+109'),
(1, 100, 'w', 40, '-45'),
(1, 100, 'w', 50, '-49'),
(1, 100, 'w', 60, '-55'),
(1, 100, 'w', 70, '-59'),
(1, 100, 'w', 80, '-64'),
(1, 100, 'w', 90, '-71'),
(1, 100, 'w', 100, '-76'),
(1, 100, 'w', 110, '-81'),
(1, 100, 'w', 120, '-87'),
(1, 100, 'w', 130, '+87');

-- --------------------------------------------------------

--
-- Tabellenstruktur für Tabelle `gewichtsklassen_international`
--

CREATE TABLE `gewichtsklassen_international` (
  `International` tinyint(1) NOT NULL DEFAULT 1,
  `idAK` int(3) NOT NULL,
  `Sex` varchar(1) COLLATE utf8_unicode_ci NOT NULL,
  `idGK` int(3) NOT NULL,
  `GK` varchar(4) COLLATE utf8_unicode_ci NOT NULL
) ENGINE=InnoDB DEFAULT CHARSET=utf8 COLLATE=utf8_unicode_ci;

--
-- Daten für Tabelle `gewichtsklassen_international`
--

INSERT INTO `gewichtsklassen_international` (`International`, `idAK`, `Sex`, `idGK`, `GK`) VALUES
(1, 20, 'm', 20, '-35'),
(1, 20, 'm', 30, '-40'),
(1, 20, 'm', 40, '-45'),
(1, 20, 'm', 50, '-49'),
(1, 20, 'm', 60, '-55'),
(1, 20, 'm', 70, '-61'),
(1, 20, 'm', 80, '-67'),
(1, 20, 'm', 90, '-73'),
(1, 20, 'm', 100, '+73'),
(1, 20, 'w', 20, '-35'),
(1, 20, 'w', 30, '-40'),
(1, 20, 'w', 40, '-45'),
(1, 20, 'w', 50, '-49'),
(1, 20, 'w', 60, '-55'),
(1, 20, 'w', 70, '-59'),
(1, 20, 'w', 80, '-64'),
(1, 20, 'w', 90, '+64'),
(1, 21, 'm', 30, '-40'),
(1, 21, 'm', 40, '-45'),
(1, 21, 'm', 50, '-49'),
(1, 21, 'm', 60, '-55'),
(1, 21, 'm', 70, '-61'),
(1, 21, 'm', 80, '-67'),
(1, 21, 'm', 90, '-73'),
(1, 21, 'm', 100, '-81'),
(1, 21, 'm', 110, '-89'),
(1, 21, 'm', 120, '+89'),
(1, 21, 'w', 30, '-40'),
(1, 21, 'w', 40, '-45'),
(1, 21, 'w', 50, '-49'),
(1, 21, 'w', 60, '-55'),
(1, 21, 'w', 70, '-59'),
(1, 21, 'w', 80, '-64'),
(1, 21, 'w', 90, '-71'),
(1, 21, 'w', 100, '+71'),
(1, 22, 'm', 40, '-45'),
(1, 22, 'm', 50, '-49'),
(1, 22, 'm', 60, '-55'),
(1, 22, 'm', 70, '-61'),
(1, 22, 'm', 80, '-67'),
(1, 22, 'm', 90, '-73'),
(1, 22, 'm', 100, '-81'),
(1, 22, 'm', 110, '-89'),
(1, 22, 'm', 120, '-96'),
(1, 22, 'm', 130, '+96'),
(1, 22, 'w', 30, '-40'),
(1, 22, 'w', 40, '-45'),
(1, 22, 'w', 50, '-49'),
(1, 22, 'w', 60, '-55'),
(1, 22, 'w', 70, '-59'),
(1, 22, 'w', 80, '-64'),
(1, 22, 'w', 90, '-71'),
(1, 22, 'w', 100, '-76'),
(1, 22, 'w', 110, '+76'),
(1, 30, 'm', 50, '-49'),
(1, 30, 'm', 60, '-55'),
(1, 30, 'm', 70, '-61'),
(1, 30, 'm', 80, '-67'),
(1, 30, 'm', 90, '-73'),
(1, 30, 'm', 100, '-81'),
(1, 30, 'm', 110, '-89'),
(1, 30, 'm', 120, '-96'),
(1, 30, 'm', 130, '-102'),
(1, 30, 'm', 140, '+102'),
(1, 30, 'w', 30, '-40'),
(1, 30, 'w', 40, '-45'),
(1, 30, 'w', 50, '-49'),
(1, 30, 'w', 60, '-55'),
(1, 30, 'w', 70, '-59'),
(1, 30, 'w', 80, '-64'),
(1, 30, 'w', 90, '-71'),
(1, 30, 'w', 100, '-76'),
(1, 30, 'w', 110, '-81'),
(1, 30, 'w', 120, '+81'),
(1, 40, 'm', 60, '-55'),
(1, 40, 'm', 70, '-61'),
(1, 40, 'm', 80, '-67'),
(1, 40, 'm', 90, '-73'),
(1, 40, 'm', 100, '-81'),
(1, 40, 'm', 110, '-89'),
(1, 40, 'm', 120, '-96'),
(1, 40, 'm', 130, '-102'),
(1, 40, 'm', 140, '-109'),
(1, 40, 'm', 150, '+109'),
(1, 40, 'w', 40, '-45'),
(1, 40, 'w', 50, '-49'),
(1, 40, 'w', 60, '-55'),
(1, 40, 'w', 70, '-59'),
(1, 40, 'w', 80, '-64'),
(1, 40, 'w', 90, '-71'),
(1, 40, 'w', 100, '-76'),
(1, 40, 'w', 110, '-81'),
(1, 40, 'w', 120, '-87'),
(1, 40, 'w', 130, '+87'),
(1, 45, 'm', 60, '-55'),
(1, 45, 'm', 70, '-61'),
(1, 45, 'm', 80, '-67'),
(1, 45, 'm', 90, '-73'),
(1, 45, 'm', 100, '-81'),
(1, 45, 'm', 110, '-89'),
(1, 45, 'm', 120, '-96'),
(1, 45, 'm', 130, '-102'),
(1, 45, 'm', 140, '-109'),
(1, 45, 'm', 150, '+109'),
(1, 45, 'w', 40, '-45'),
(1, 45, 'w', 50, '-49'),
(1, 45, 'w', 60, '-55'),
(1, 45, 'w', 70, '-59'),
(1, 45, 'w', 80, '-64'),
(1, 45, 'w', 90, '-71'),
(1, 45, 'w', 100, '-76'),
(1, 45, 'w', 110, '-81'),
(1, 45, 'w', 120, '-87'),
(1, 45, 'w', 130, '+87'),
(1, 50, 'm', 60, '-55'),
(1, 50, 'm', 70, '-61'),
(1, 50, 'm', 80, '-67'),
(1, 50, 'm', 90, '-73'),
(1, 50, 'm', 100, '-81'),
(1, 50, 'm', 110, '-89'),
(1, 50, 'm', 120, '-96'),
(1, 50, 'm', 130, '-102'),
(1, 50, 'm', 140, '-109'),
(1, 50, 'm', 150, '+109'),
(1, 50, 'w', 40, '-45'),
(1, 50, 'w', 50, '-49'),
(1, 50, 'w', 60, '-55'),
(1, 50, 'w', 70, '-59'),
(1, 50, 'w', 80, '-64'),
(1, 50, 'w', 90, '-71'),
(1, 50, 'w', 100, '-76'),
(1, 50, 'w', 110, '-81'),
(1, 50, 'w', 120, '-87'),
(1, 50, 'w', 130, '+87'),
(1, 100, 'm', 60, '-55'),
(1, 100, 'm', 70, '-61'),
(1, 100, 'm', 80, '-67'),
(1, 100, 'm', 90, '-73'),
(1, 100, 'm', 100, '-81'),
(1, 100, 'm', 110, '-89'),
(1, 100, 'm', 120, '-96'),
(1, 100, 'm', 130, '-102'),
(1, 100, 'm', 140, '-109'),
(1, 100, 'm', 150, '+109'),
(1, 100, 'w', 40, '-45'),
(1, 100, 'w', 50, '-49'),
(1, 100, 'w', 60, '-55'),
(1, 100, 'w', 70, '-59'),
(1, 100, 'w', 80, '-64'),
(1, 100, 'w', 90, '-71'),
(1, 100, 'w', 100, '-76'),
(1, 100, 'w', 110, '-81'),
(1, 100, 'w', 120, '-87'),
(1, 100, 'w', 130, '+87');

-- --------------------------------------------------------

--
-- Tabellenstruktur für Tabelle `gruppen`
--

CREATE TABLE `gruppen` (
  `Wettkampf` int(11) NOT NULL,
  `Gruppe` int(4) NOT NULL COMMENT 'Wertungsgruppe',
  `Teilgruppe` varchar(1) COLLATE utf8_unicode_ci NOT NULL DEFAULT '' COMMENT 'A-/B-Gruppen',
  `WG` int(4) DEFAULT NULL COMMENT 'Wettkampf-Gruppe',
  `Einteilung` varchar(100) COLLATE utf8_unicode_ci NOT NULL DEFAULT '',
  `Bezeichnung` varchar(100) COLLATE utf8_unicode_ci NOT NULL DEFAULT '' COMMENT 'Bezeichnung Wertungsgruppe',
  `Bez_WG` varchar(100) COLLATE utf8_unicode_ci DEFAULT NULL COMMENT 'Bezeichnung WK-Gruppe',
  `Datum` date DEFAULT NULL COMMENT 'Datum Wettkampf',
  `DatumW` date DEFAULT NULL COMMENT 'Datum Wiegen',
  `WiegenBeginn` datetime DEFAULT NULL,
  `WiegenEnde` datetime DEFAULT NULL,
  `Reissen` datetime DEFAULT NULL,
  `Stossen` datetime DEFAULT NULL,
  `DatumA` date DEFAULT NULL,
  `Athletik` datetime DEFAULT NULL,
  `Blockheben` tinyint(1) NOT NULL DEFAULT 0,
  `Bohle` int(1) NOT NULL DEFAULT 1
) ENGINE=InnoDB DEFAULT CHARSET=utf8 COLLATE=utf8_unicode_ci;

--
-- Daten für Tabelle `gruppen`
--

INSERT INTO `gruppen` (`Wettkampf`, `Gruppe`, `Teilgruppe`, `WG`, `Einteilung`, `Bezeichnung`, `Bez_WG`, `Datum`, `DatumW`, `WiegenBeginn`, `WiegenEnde`, `Reissen`, `Stossen`, `DatumA`, `Athletik`, `Blockheben`, `Bohle`) VALUES
(1, 2, '', 1, '', 'AK 11 m', NULL, NULL, NULL, NULL, NULL, '2020-03-01 10:00:00', NULL, NULL, '2020-03-01 12:00:00', 0, 1),
(1, 3, '', 2, '', 'AK 10/9/8 w', NULL, NULL, NULL, NULL, NULL, '2020-03-01 10:00:00', NULL, NULL, '2020-03-01 13:00:00', 0, 1),
(1, 4, '', 2, '', 'AK 11/12 w', NULL, NULL, NULL, NULL, NULL, '2020-03-01 10:00:00', NULL, NULL, '2020-03-01 13:00:00', 0, 1),
(1, 5, '', 3, 'A(2008)', 'AK 12 m leicht', NULL, NULL, NULL, NULL, NULL, '2020-03-01 10:00:00', NULL, NULL, '2020-03-01 14:00:00', 0, 1),
(1, 6, '', 4, 'A(2008)', 'AK 12 m schwer', NULL, NULL, NULL, NULL, NULL, '2020-03-01 11:15:00', NULL, NULL, '2020-03-01 14:00:00', 0, 1),
(1, 7, '', 5, '', 'AK 13/14 w', NULL, NULL, NULL, NULL, NULL, '2020-03-01 12:30:00', NULL, NULL, '2020-03-01 10:00:00', 0, 1),
(1, 8, '', 5, '', 'AK 13 m', NULL, NULL, NULL, NULL, NULL, '2020-03-01 12:30:00', NULL, NULL, '2020-03-01 10:00:00', 0, 1),
(1, 9, '', 6, '', 'AK 14 m', NULL, NULL, NULL, NULL, NULL, '2020-03-01 14:15:00', NULL, NULL, '2020-03-01 11:00:00', 0, 1),
(11, 1, '', NULL, '', '', NULL, '2019-11-23', '2019-11-23', NULL, NULL, '2019-11-23 16:00:00', NULL, NULL, NULL, 1, 1),
(11, 2, '', NULL, '', '', NULL, '2019-11-23', '2019-11-23', NULL, NULL, '2019-11-23 16:00:00', NULL, NULL, NULL, 1, 1),
(12, 1, '', NULL, '', '', NULL, '2021-10-30', '2021-10-30', NULL, NULL, '2021-10-30 18:00:00', NULL, NULL, NULL, 1, 1),
(12, 2, '', NULL, '', '', NULL, '2021-10-30', '2021-10-30', NULL, NULL, '2021-10-30 18:00:00', NULL, NULL, NULL, 1, 1),
(13, 1, '', NULL, '', '', NULL, '2021-11-20', '2021-11-20', NULL, NULL, '2021-11-20 17:00:00', NULL, NULL, NULL, 1, 1),
(13, 2, '', NULL, '', '', NULL, '2021-11-20', '2021-11-20', NULL, NULL, '2021-11-20 17:00:00', NULL, NULL, NULL, 1, 1),
(14, 1, '', NULL, '', '', NULL, '2022-04-09', '2022-04-09', NULL, NULL, '2022-04-09 17:00:00', NULL, NULL, NULL, 1, 1),
(14, 2, '', NULL, '', '', NULL, '2022-04-09', '2022-04-09', NULL, NULL, '2022-04-09 17:00:00', NULL, NULL, NULL, 1, 1),
(14, 3, '', 0, '', '', NULL, '2022-04-09', '2022-04-09', NULL, NULL, NULL, NULL, '2022-04-09', NULL, 1, 1),
(15, 1, '', NULL, '', '', NULL, '2022-04-09', '2022-04-09', NULL, NULL, '2022-04-09 17:00:00', NULL, NULL, NULL, 1, 1),
(15, 2, '', NULL, '', '', NULL, '2022-04-09', '2022-04-09', NULL, NULL, '2022-04-09 17:00:00', NULL, NULL, NULL, 1, 1),
(15, 3, '', 0, '', '', NULL, '2022-04-09', '2022-04-09', NULL, NULL, NULL, NULL, '2022-04-09', NULL, 1, 1),
(16, 1, '', NULL, '', 'Gruppe 1', NULL, '2022-09-24', '2022-09-24', '2022-09-24 09:00:00', NULL, '2023-03-25 11:00:00', NULL, '2022-09-24', NULL, 0, 1),
(16, 2, '', NULL, '', 'Gruppe 2', NULL, '2022-09-24', '2022-09-24', '2022-09-24 09:00:00', NULL, '2023-03-25 11:00:00', NULL, '2022-09-24', NULL, 0, 1),
(16, 3, '', NULL, '', 'Gruppe 3', NULL, '2022-09-24', '2022-09-24', '2022-09-24 09:00:00', NULL, '2023-03-25 11:00:00', NULL, '2022-09-24', NULL, 0, 1),
(17, 1, '', NULL, '', 'weiblich', NULL, '2022-09-24', '2022-09-24', '2022-09-24 09:00:00', NULL, '2023-03-25 11:00:00', NULL, '2022-09-24', NULL, 0, 1),
(17, 2, '', NULL, '', 'Schüler/Jugend m', NULL, '2022-09-24', '2022-09-24', '2022-09-24 12:00:00', NULL, '2023-03-25 14:00:00', NULL, '2022-09-24', NULL, 0, 1),
(17, 3, '', NULL, '', 'Junioren/Aktive/Masters m', NULL, '2022-09-24', '2022-09-24', '2022-09-24 15:00:00', NULL, '2023-03-25 17:00:00', NULL, '2022-09-24', NULL, 0, 1),
(19, 1, '', NULL, '', '', NULL, '2022-12-17', '2022-12-17', NULL, NULL, '2022-12-17 17:00:00', NULL, NULL, NULL, 1, 1),
(19, 2, '', NULL, '', '', NULL, '2022-12-17', '2022-12-17', NULL, NULL, '2022-12-17 17:00:00', NULL, NULL, NULL, 1, 1),
(19, 3, '', NULL, '', '', NULL, '2022-12-17', '2022-12-17', NULL, NULL, '2022-12-17 17:00:00', NULL, NULL, NULL, 1, 1),
(20, 1, '', NULL, '', '', NULL, '2022-12-17', '2022-12-17', NULL, NULL, '2022-12-17 17:00:00', NULL, NULL, NULL, 1, 1),
(20, 2, '', NULL, '', '', NULL, '2022-12-17', '2022-12-17', NULL, NULL, '2022-12-17 17:00:00', NULL, NULL, NULL, 1, 1),
(21, 1, '', NULL, '', '', NULL, '2022-12-03', '2022-12-03', NULL, NULL, '2022-12-03 17:00:00', NULL, NULL, NULL, 1, 1),
(21, 2, '', NULL, '', '', NULL, '2022-12-03', '2022-12-03', NULL, NULL, '2022-12-03 17:00:00', NULL, NULL, NULL, 1, 1),
(22, 1, '', NULL, '', '', NULL, '2022-04-30', '2022-04-30', NULL, NULL, '2022-04-30 17:30:00', NULL, NULL, NULL, 1, 1),
(22, 2, '', NULL, '', '', NULL, '2022-04-30', '2022-04-30', NULL, NULL, '2022-04-30 17:30:00', NULL, NULL, NULL, 1, 1),
(22, 3, '', NULL, '', '', NULL, '2022-04-30', '2022-04-30', NULL, NULL, '2022-04-30 17:30:00', NULL, NULL, NULL, 1, 1),
(23, 1, '', NULL, '', '', NULL, '2020-01-18', '2020-01-18', NULL, NULL, '2020-01-18 17:00:00', NULL, NULL, NULL, 1, 1),
(23, 2, '', NULL, '', '', NULL, '2020-01-18', '2020-01-18', NULL, NULL, '2020-01-18 17:00:00', NULL, NULL, NULL, 1, 1),
(24, 1, '', NULL, '', '', NULL, '2022-11-12', '2022-11-12', NULL, NULL, '2022-11-12 17:00:00', NULL, NULL, NULL, 1, 1),
(24, 2, '', NULL, '', '', NULL, '2022-11-12', '2022-11-12', NULL, NULL, '2022-11-12 17:00:00', NULL, NULL, NULL, 1, 1),
(25, 1, '', NULL, '', '', NULL, '2023-01-28', '2023-01-28', NULL, NULL, '2023-01-28 18:00:00', NULL, NULL, NULL, 1, 1),
(25, 2, '', NULL, '', '', NULL, '2023-01-28', '2023-01-28', NULL, NULL, '2023-01-28 18:00:00', NULL, NULL, NULL, 1, 1),
(26, 1, '', NULL, '', '', NULL, '2023-01-28', '2023-01-28', NULL, NULL, '2023-01-28 18:00:00', NULL, NULL, NULL, 1, 1),
(26, 2, '', NULL, '', '', NULL, '2023-01-28', '2023-01-28', NULL, NULL, '2023-01-28 18:00:00', NULL, NULL, NULL, 1, 1),
(27, 1, '', NULL, '', '', NULL, '2023-03-11', '2023-03-11', NULL, NULL, '2023-03-11 18:00:00', NULL, NULL, NULL, 1, 1),
(27, 2, '', NULL, '', '', NULL, '2023-03-11', '2023-03-11', NULL, NULL, '2023-03-11 18:00:00', NULL, NULL, NULL, 1, 1),
(28, 1, '', NULL, '', 'Jugend/Masters', NULL, '2023-05-20', '2023-05-20', '2023-05-17 10:00:00', NULL, '2023-05-17 13:00:00', NULL, '2023-05-20', NULL, 0, 1),
(28, 2, '', NULL, '', 'Junioren/Aktive', NULL, '2023-05-20', '2023-05-20', '2023-05-17 13:00:00', NULL, '2023-05-17 15:00:00', NULL, '2023-05-20', NULL, 0, 1),
(29, 1, '', NULL, '', 'Vormittag', NULL, '2023-08-12', '2023-08-12', '2023-08-07 08:00:00', NULL, '2023-08-07 10:00:00', NULL, '2023-08-12', NULL, 0, 1),
(29, 2, '', NULL, '', 'Nachmittag', NULL, '2023-08-12', '2023-08-12', '2023-08-07 11:00:00', NULL, '2023-08-07 13:00:00', NULL, '2023-08-12', NULL, 0, 1),
(29, 3, '', NULL, '', 'Abend', NULL, '2023-08-12', '2023-08-12', '2023-08-07 14:30:00', NULL, '2023-08-07 16:30:00', NULL, '2023-08-12', NULL, 0, 1),
(30, 1, '', NULL, '', 'Senioren w', NULL, '2023-09-02', '2023-09-02', NULL, NULL, '2023-08-30 09:30:00', NULL, '2023-09-02', NULL, 0, 1),
(30, 2, '', NULL, '', 'Schüler m/w', NULL, '2023-09-02', '2023-09-02', '2023-08-30 09:00:00', NULL, '2023-08-30 11:00:00', NULL, '2023-09-02', NULL, 0, 1),
(30, 3, '', NULL, '', 'Jugend/Junioren m', NULL, '2023-09-02', '2023-09-02', '2023-08-30 10:30:00', NULL, '2023-08-30 12:30:00', NULL, '2023-09-02', NULL, 0, 1),
(30, 4, '', NULL, '', 'Jugend/Junioren/Masters w', NULL, '2023-09-02', '2023-09-02', '2023-08-30 12:00:00', NULL, '2023-08-30 14:00:00', NULL, '2023-09-02', NULL, 0, 1),
(30, 5, '', NULL, '', 'Senioren m', NULL, '2023-09-02', '2023-09-02', '2023-08-30 13:30:00', NULL, '2023-08-30 15:30:00', NULL, '2023-09-02', NULL, 0, 1),
(30, 6, '', NULL, '', 'Masters m', NULL, '2023-09-02', '2023-09-02', '2023-08-30 15:00:00', NULL, '2023-08-30 17:00:00', NULL, '2023-09-02', NULL, 0, 1);

-- --------------------------------------------------------

--
-- Tabellenstruktur für Tabelle `gruppen_kampfrichter`
--

CREATE TABLE `gruppen_kampfrichter` (
  `Wettkampf` int(11) NOT NULL,
  `Gruppe` int(4) NOT NULL,
  `Jury_1` varchar(50) COLLATE utf8_unicode_ci DEFAULT NULL,
  `Jury_2` varchar(50) COLLATE utf8_unicode_ci DEFAULT NULL,
  `Jury_3` varchar(50) COLLATE utf8_unicode_ci DEFAULT NULL,
  `Jury_4` varchar(50) COLLATE utf8_unicode_ci DEFAULT NULL,
  `Jury_5` varchar(50) COLLATE utf8_unicode_ci DEFAULT NULL,
  `KR_1` varchar(50) COLLATE utf8_unicode_ci DEFAULT NULL,
  `KR_2` varchar(50) COLLATE utf8_unicode_ci DEFAULT NULL,
  `KR_3` varchar(50) COLLATE utf8_unicode_ci DEFAULT NULL,
  `ZN` varchar(50) COLLATE utf8_unicode_ci DEFAULT NULL COMMENT 'Zeitnehmer',
  `TC` varchar(50) COLLATE utf8_unicode_ci DEFAULT NULL COMMENT 'Teschnicher Kontrolleur',
  `CM` varchar(50) COLLATE utf8_unicode_ci DEFAULT NULL COMMENT 'Wettkampfleiter',
  `Sec` varchar(50) COLLATE utf8_unicode_ci DEFAULT NULL COMMENT 'Listenführer',
  `Doc` varchar(50) COLLATE utf8_unicode_ci DEFAULT NULL COMMENT 'Arzt'
) ENGINE=InnoDB DEFAULT CHARSET=utf8 COLLATE=utf8_unicode_ci;

--
-- Daten für Tabelle `gruppen_kampfrichter`
--

INSERT INTO `gruppen_kampfrichter` (`Wettkampf`, `Gruppe`, `Jury_1`, `Jury_2`, `Jury_3`, `Jury_4`, `Jury_5`, `KR_1`, `KR_2`, `KR_3`, `ZN`, `TC`, `CM`, `Sec`, `Doc`) VALUES
(0, 1, NULL, NULL, NULL, NULL, NULL, 'Adolf Göthel', NULL, NULL, NULL, NULL, NULL, NULL, NULL),
(0, 2, NULL, NULL, NULL, NULL, NULL, 'Adolf Göthel', NULL, NULL, NULL, NULL, NULL, NULL, NULL),
(1, 1, NULL, NULL, NULL, NULL, NULL, NULL, NULL, NULL, NULL, NULL, NULL, NULL, NULL),
(1, 2, NULL, NULL, NULL, NULL, NULL, NULL, NULL, NULL, NULL, NULL, NULL, NULL, NULL),
(1, 3, NULL, NULL, NULL, NULL, NULL, NULL, NULL, NULL, NULL, NULL, NULL, NULL, NULL),
(1, 4, NULL, NULL, NULL, NULL, NULL, NULL, NULL, NULL, NULL, NULL, NULL, NULL, NULL),
(1, 5, NULL, NULL, NULL, NULL, NULL, NULL, NULL, NULL, NULL, NULL, NULL, NULL, NULL),
(1, 6, NULL, NULL, NULL, NULL, NULL, NULL, NULL, NULL, NULL, NULL, NULL, NULL, NULL),
(1, 7, NULL, NULL, NULL, NULL, NULL, NULL, NULL, NULL, NULL, NULL, NULL, NULL, NULL),
(1, 8, NULL, NULL, NULL, NULL, NULL, NULL, NULL, NULL, NULL, NULL, NULL, NULL, NULL),
(1, 9, NULL, NULL, NULL, NULL, NULL, NULL, NULL, NULL, NULL, NULL, NULL, NULL, NULL),
(11, 1, NULL, NULL, NULL, NULL, NULL, 'Maik Heerlein', NULL, NULL, NULL, NULL, NULL, NULL, NULL),
(11, 2, NULL, NULL, NULL, NULL, NULL, 'Maik Heerlein', NULL, NULL, NULL, NULL, NULL, NULL, NULL),
(12, 1, NULL, NULL, NULL, NULL, NULL, 'A.Göthel', NULL, NULL, NULL, NULL, NULL, NULL, NULL),
(12, 2, NULL, NULL, NULL, NULL, NULL, 'A.Göthel', NULL, NULL, NULL, NULL, NULL, NULL, NULL),
(13, 1, NULL, NULL, NULL, NULL, NULL, 'C. Erdmann', NULL, NULL, NULL, NULL, NULL, NULL, NULL),
(13, 2, NULL, NULL, NULL, NULL, NULL, 'C. Erdmann', NULL, NULL, NULL, NULL, NULL, NULL, NULL),
(14, 1, NULL, NULL, NULL, NULL, NULL, 'U. Bräuer ', NULL, NULL, NULL, NULL, NULL, NULL, NULL),
(14, 2, NULL, NULL, NULL, NULL, NULL, 'U. Bräuer ', NULL, NULL, NULL, NULL, NULL, NULL, NULL),
(14, 3, NULL, NULL, NULL, NULL, NULL, 'U. Bräuer ', NULL, NULL, NULL, NULL, NULL, NULL, NULL),
(15, 1, NULL, NULL, NULL, NULL, NULL, 'Dr. F. Faber ', NULL, NULL, NULL, NULL, NULL, NULL, NULL),
(15, 2, NULL, NULL, NULL, NULL, NULL, 'Dr. F. Faber ', NULL, NULL, NULL, NULL, NULL, NULL, NULL),
(15, 3, NULL, NULL, NULL, NULL, NULL, 'Dr. F. Faber ', NULL, NULL, NULL, NULL, NULL, NULL, NULL),
(16, 1, NULL, NULL, NULL, NULL, NULL, NULL, NULL, NULL, NULL, NULL, NULL, NULL, NULL),
(16, 2, NULL, NULL, NULL, NULL, NULL, NULL, NULL, NULL, NULL, NULL, NULL, NULL, NULL),
(16, 3, NULL, NULL, NULL, NULL, NULL, NULL, NULL, NULL, NULL, NULL, NULL, NULL, NULL),
(17, 1, NULL, NULL, NULL, NULL, NULL, NULL, NULL, NULL, NULL, NULL, NULL, NULL, NULL),
(17, 2, NULL, NULL, NULL, NULL, NULL, 'Max Mustermann', NULL, NULL, 'Ich', NULL, NULL, NULL, NULL),
(17, 3, NULL, NULL, NULL, NULL, NULL, 'Bodo Geröllheimer', NULL, NULL, 'auch ich', NULL, NULL, NULL, NULL),
(19, 1, NULL, NULL, NULL, NULL, NULL, 'Uwe Bräuer', NULL, NULL, NULL, NULL, NULL, NULL, NULL),
(19, 2, NULL, NULL, NULL, NULL, NULL, 'Uwe Bräuer', NULL, NULL, NULL, NULL, NULL, NULL, NULL),
(19, 3, NULL, NULL, NULL, NULL, NULL, 'Uwe Bräuer', NULL, NULL, NULL, NULL, NULL, NULL, NULL),
(20, 1, NULL, NULL, NULL, NULL, NULL, 'Uwe Bräuer', NULL, NULL, NULL, NULL, NULL, NULL, NULL),
(20, 2, NULL, NULL, NULL, NULL, NULL, 'Uwe Bräuer', NULL, NULL, NULL, NULL, NULL, NULL, NULL),
(21, 1, NULL, NULL, NULL, NULL, NULL, 'Volker Drechsel', NULL, NULL, NULL, NULL, NULL, NULL, NULL),
(21, 2, NULL, NULL, NULL, NULL, NULL, 'Volker Drechsel', NULL, NULL, NULL, NULL, NULL, NULL, NULL),
(22, 1, NULL, NULL, NULL, NULL, NULL, 'Uwe Siebert, Uwe Arndt, Ernst Schäfer', NULL, NULL, NULL, NULL, NULL, NULL, NULL),
(22, 2, NULL, NULL, NULL, NULL, NULL, 'Uwe Siebert, Uwe Arndt, Ernst Schäfer', NULL, NULL, NULL, NULL, NULL, NULL, NULL),
(22, 3, NULL, NULL, NULL, NULL, NULL, 'Uwe Siebert, Uwe Arndt, Ernst Schäfer', NULL, NULL, NULL, NULL, NULL, NULL, NULL),
(23, 1, NULL, NULL, NULL, NULL, NULL, 'Klaus Kroll', NULL, NULL, NULL, NULL, NULL, NULL, NULL),
(23, 2, NULL, NULL, NULL, NULL, NULL, 'Klaus Kroll', NULL, NULL, NULL, NULL, NULL, NULL, NULL),
(24, 1, NULL, NULL, NULL, NULL, NULL, '', NULL, NULL, NULL, NULL, NULL, NULL, NULL),
(24, 2, NULL, NULL, NULL, NULL, NULL, '', NULL, NULL, NULL, NULL, NULL, NULL, NULL),
(25, 1, NULL, NULL, NULL, NULL, NULL, 'Uwe Bräuer', NULL, NULL, NULL, NULL, NULL, NULL, NULL),
(25, 2, NULL, NULL, NULL, NULL, NULL, 'Uwe Bräuer', NULL, NULL, NULL, NULL, NULL, NULL, NULL),
(26, 1, NULL, NULL, NULL, NULL, NULL, 'Uwe Bräuer', NULL, NULL, NULL, NULL, NULL, NULL, NULL),
(26, 2, NULL, NULL, NULL, NULL, NULL, 'Uwe Bräuer', NULL, NULL, NULL, NULL, NULL, NULL, NULL),
(27, 1, NULL, NULL, NULL, NULL, NULL, 'Adolf Göthel', NULL, NULL, NULL, NULL, NULL, NULL, NULL),
(27, 2, NULL, NULL, NULL, NULL, NULL, 'Adolf Göthel', NULL, NULL, NULL, NULL, NULL, NULL, NULL),
(28, 1, NULL, NULL, NULL, NULL, NULL, NULL, NULL, NULL, NULL, NULL, NULL, NULL, NULL),
(28, 2, NULL, NULL, NULL, NULL, NULL, NULL, NULL, NULL, NULL, NULL, NULL, NULL, NULL),
(29, 1, NULL, NULL, NULL, NULL, NULL, 'Gerold Sender', 'Anja Bellmann', 'Jose Caballero', 'Andreas Hentschel', 'Volker Drechsel', NULL, NULL, NULL),
(29, 2, NULL, NULL, NULL, NULL, NULL, 'Danny Gründer', 'Sandra Martin', 'Uwe Bräuer', 'Andreas Hentschel', 'Jose Caballero', NULL, NULL, NULL),
(29, 3, NULL, NULL, NULL, NULL, NULL, 'Uwe Bräuer', 'Anja Bellmann', 'Jose Caballero', 'Andreas Hentschel', 'Volker Drechsel', NULL, NULL, NULL),
(30, 1, NULL, NULL, NULL, NULL, NULL, NULL, NULL, NULL, NULL, NULL, NULL, NULL, NULL),
(30, 2, NULL, NULL, NULL, NULL, NULL, NULL, NULL, NULL, NULL, NULL, NULL, NULL, NULL),
(30, 3, NULL, NULL, NULL, NULL, NULL, NULL, NULL, NULL, NULL, NULL, NULL, NULL, NULL),
(30, 4, NULL, NULL, NULL, NULL, NULL, NULL, NULL, NULL, NULL, NULL, NULL, NULL, NULL),
(30, 5, NULL, NULL, NULL, NULL, NULL, NULL, NULL, NULL, NULL, NULL, NULL, NULL, NULL),
(30, 6, NULL, NULL, NULL, NULL, NULL, NULL, NULL, NULL, NULL, NULL, NULL, NULL, NULL);

-- --------------------------------------------------------

--
-- Tabellenstruktur für Tabelle `hantel`
--

CREATE TABLE `hantel` (
  `ID` int(2) NOT NULL,
  `Bezeichnung` varchar(15) COLLATE utf8_unicode_ci NOT NULL,
  `Gewicht` double(4,2) NOT NULL,
  `Farbe` varchar(15) COLLATE utf8_unicode_ci NOT NULL COMMENT 'System.Drawing.Color.FromName("Farbe")',
  `Durchmesser` int(3) NOT NULL,
  `Dicke` int(3) NOT NULL,
  `available` tinyint(1) NOT NULL DEFAULT 1
) ENGINE=InnoDB DEFAULT CHARSET=utf8 COLLATE=utf8_unicode_ci;

--
-- Daten für Tabelle `hantel`
--

INSERT INTO `hantel` (`ID`, `Bezeichnung`, `Gewicht`, `Farbe`, `Durchmesser`, `Dicke`, `available`) VALUES
(0, 'Scheibe', 0.50, 'White', 135, 12, 1),
(1, 'Scheibe', 1.00, 'Green', 160, 15, 1),
(2, 'Scheibe', 1.50, 'Yellow', 175, 18, 1),
(3, 'Scheibe', 2.00, 'Blue', 190, 19, 1),
(4, 'Verschluss', 2.50, 'Silver', 90, 60, 1),
(5, 'Scheibe', 2.50, 'Red', 210, 19, 1),
(6, 'Scheibe', 5.00, 'White', 230, 26, 1),
(7, 'Scheibe', 10.00, 'Green', 450, 34, 1),
(8, 'Scheibe', 15.00, 'Yellow', 450, 42, 1),
(9, 'Scheibe', 20.00, 'Blue', 450, 54, 1),
(10, 'Scheibe', 25.00, 'Red', 450, 67, 1),
(13, 'Hantel_m', 20.00, 'Gray', 50, 415, 1),
(14, 'Hantel_w', 15.00, 'Gray', 50, 415, 1),
(15, 'Hantel_k', 7.00, 'Gray', 50, 415, 1),
(16, 'Hantel_x', 5.00, 'Gray', 50, 415, 1),
(17, 'Hantel_Anschlag', 0.00, 'Gray', 70, 20, 1),
(18, 'Hantel_Stange', 0.00, 'Gray', 25, 200, 1),
(101, 'Dummy', 1.00, 'LimeGreen', 450, 90, 1),
(102, 'Dummy', 1.50, 'Green', 450, 30, 0),
(103, 'Dummy', 2.00, 'DodgerBlue', 450, 90, 1),
(105, 'Dummy', 2.50, 'OrangeRed', 450, 90, 1),
(106, 'Dummy', 5.00, 'WhiteSmoke', 450, 101, 1);

-- --------------------------------------------------------

--
-- Tabellenstruktur für Tabelle `import_excel_meldung`
--

CREATE TABLE `import_excel_meldung` (
  `ID` int(3) NOT NULL,
  `Teilnehmer` int(11) DEFAULT NULL,
  `Nachname` varchar(50) CHARACTER SET utf8 COLLATE utf8_unicode_ci NOT NULL,
  `Vorname` varchar(50) CHARACTER SET utf8 COLLATE utf8_unicode_ci NOT NULL,
  `Verein` int(11) DEFAULT NULL,
  `Vereinsname` varchar(50) CHARACTER SET utf8 COLLATE utf8_unicode_ci NOT NULL,
  `Jahrgang` int(4) NOT NULL,
  `Geschlecht` varchar(1) CHARACTER SET utf8 COLLATE utf8_unicode_ci NOT NULL,
  `Vereinswertung` int(1) DEFAULT NULL,
  `KG` double(5,2) NOT NULL
) ENGINE=InnoDB DEFAULT CHARSET=utf8;

--
-- Daten für Tabelle `import_excel_meldung`
--

INSERT INTO `import_excel_meldung` (`ID`, `Teilnehmer`, `Nachname`, `Vorname`, `Verein`, `Vereinsname`, `Jahrgang`, `Geschlecht`, `Vereinswertung`, `KG`) VALUES
(1, 100182, 'Rohde', 'Till', 17066, 'Athletik Club Potsdam', 2009, 'm', NULL, 25.00),
(2, 100183, 'Hönicke', 'Jakob', 17078, 'TSG Angermünde', 2009, 'm', 1, 31.20),
(3, 100184, 'Buß', 'Max', 3013, 'Berliner TSC', 2009, 'm', 1, 37.00),
(4, 100185, 'Schulz', 'Konrad', 17047, 'ASK Frankfurt/Oder', 2009, 'm', NULL, 40.00),
(5, 513, 'Große', 'Lars', 14004, 'Athletikclub Meißen', 2009, 'm', 1, 45.00),
(6, 100037, 'Neidhardt', 'Jasmin', 14008, 'AC Atlas Plauen', 2009, 'w', 1, 30.00),
(7, 100186, 'Busch', 'Julia', 17078, 'TSG Angermünde', 2009, 'w', 1, 37.50),
(8, 100187, 'Anker', 'Angelina', 17066, 'Athletik Club Potsdam', 2009, 'w', NULL, 50.00),
(9, 543, 'Schlittig', 'Joey', 14011, 'Riesaer AC 1969', 2008, 'm', 1, 27.00),
(10, 100188, 'Trommer', 'Ole', 14008, 'AC Atlas Plauen', 2008, 'm', 1, 28.00),
(11, 100189, 'Hansch', 'Fabien', 17065, 'TSV Blau-Weiß 65 Schwedt', 2008, 'm', 1, 30.00),
(12, 100190, 'Kittel', 'Mathias', 3009, 'SV Empor Berlin', 2008, 'm', 1, 32.00),
(13, 495, 'Albrecht', 'Nino', 14016, 'TSG Rodewisch', 2008, 'm', 1, 34.60),
(14, 100033, 'Tackmann', 'Morris', 14005, 'SG Fortschritt Eibau', 2008, 'm', 1, 35.00),
(15, 100191, 'Proba', 'Max', 17066, 'Athletik Club Potsdam', 2008, 'm', 1, 35.00),
(16, 100192, 'Julemann', 'Carlos', 17066, 'Athletik Club Potsdam', 2008, 'm', 1, 35.00),
(17, 502, 'Brock', 'Marcel', 14005, 'SG Fortschritt Eibau', 2008, 'm', 1, 37.00),
(18, 100035, 'Mahler', 'Konstantin', 14008, 'AC Atlas Plauen', 2008, 'm', 1, 38.00),
(19, 100193, 'Schulz', 'Philipp', 17047, 'ASK Frankfurt/Oder', 2008, 'm', NULL, 38.00),
(20, 554, 'Telle', 'Hugo', 14010, 'NSAC Görlitz', 2008, 'm', NULL, 38.00),
(21, 525, 'Janta', 'Tristan', 14004, 'Athletikclub Meißen', 2008, 'm', 1, 40.00),
(22, 100194, 'Tzschoppe', 'Louis', 14010, 'NSAC Görlitz', 2008, 'm', NULL, 40.00),
(23, 100195, 'Falk', 'Noah', 17047, 'ASK Frankfurt/Oder', 2008, 'm', NULL, 41.00),
(24, 100245, 'Tech Kruse', 'Julien', 17078, 'TSG Angermünde', 2008, 'm', 1, 47.50),
(25, 100197, 'Altmann', 'Anton', 14010, 'NSAC Görlitz', 2008, 'm', NULL, 43.00),
(26, 100053, 'König', 'Stanley', 14004, 'Athletikclub Meißen', 2008, 'm', 1, 44.00),
(27, 100198, 'Falk', 'Nils', 17047, 'ASK Frankfurt/Oder', 2008, 'm', NULL, 45.00),
(28, 100041, 'Hüllebrand', 'Oskar', 14016, 'TSG Rodewisch', 2008, 'm', 1, 51.40),
(29, 100043, 'Fuhrmann', 'Fabian', 14016, 'TSG Rodewisch', 2008, 'm', 1, 56.40),
(30, 100199, 'Kunz', 'Elias', 14007, 'Chemnitzer AC', 2008, 'm', 1, 1.10),
(31, 100200, 'Voigt', 'Ronja', 17047, 'ASK Frankfurt/Oder', 2008, 'w', NULL, 30.00),
(32, 100201, 'Keil', 'Martha', 3009, 'SV Empor Berlin', 2008, 'w', 1, 32.00),
(33, 100175, 'Hiebel', 'Samira', 14005, 'SG Fortschritt Eibau', 2008, 'w', 1, 41.00),
(34, 100202, 'Kronschwitz', 'Lena', 17066, 'Athletik Club Potsdam', 2008, 'w', NULL, 42.00),
(35, 100203, 'Menzel', 'Marie', 17047, 'ASK Frankfurt/Oder', 2008, 'w', NULL, 43.00),
(36, 100204, 'Merscher', 'Nele', 17066, 'Athletik Club Potsdam', 2008, 'w', NULL, 55.00),
(37, 100205, 'Unger', 'Lennox', 17065, 'TSV Blau-Weiß 65 Schwedt', 2007, 'm', 1, 31.00),
(38, 518, 'Hentschel', 'Maximilian', 14005, 'SG Fortschritt Eibau', 2007, 'm', 1, 38.00),
(39, 100206, 'Kluck', 'Shawn', 3013, 'Berliner TSC', 2007, 'm', 1, 39.00),
(40, 100178, 'Blagnies', 'Sascha', 14016, 'TSG Rodewisch', 2007, 'm', 1, 39.30),
(41, 552, 'Steinbach', 'Cedric', 14007, 'Chemnitzer AC', 2007, 'm', 1, 43.00),
(42, 522, 'Hofer', 'Robin', 14010, 'NSAC Görlitz', 2007, 'm', NULL, 44.00),
(43, 100207, 'Littmann', 'Dan', 17047, 'ASK Frankfurt/Oder', 2007, 'm', NULL, 46.00),
(44, 100208, 'Delf', 'Adrian', 17047, 'ASK Frankfurt/Oder', 2007, 'm', NULL, 48.00),
(45, 100039, 'Winkler', 'Lukas', 14016, 'TSG Rodewisch', 2007, 'm', 1, 51.20),
(46, 100209, 'Schwarzer', 'Constantin', 17066, 'Athletik Club Potsdam', 2007, 'm', NULL, 70.00),
(47, 100210, 'Nygaard', 'Jacqueline', 3013, 'Berliner TSC', 2007, 'w', 1, 32.00),
(48, 100176, 'Berge', 'Joyce', 14011, 'Riesaer AC 1969', 2007, 'w', 1, 40.00),
(49, 100211, 'Bortel', 'Amely', 17047, 'ASK Frankfurt/Oder', 2007, 'w', NULL, 42.00),
(50, 553, 'Stephan', 'Pia', 14008, 'AC Atlas Plauen', 2007, 'w', 1, 43.00),
(51, 100212, 'Bonack', 'Christin', 17047, 'ASK Frankfurt/Oder', 2007, 'w', NULL, 43.00),
(52, 517, 'Heintz', 'Lara', 14010, 'NSAC Görlitz', 2007, 'w', NULL, 47.00),
(53, 100213, 'Wolf', 'Zarah', 17065, 'TSV Blau-Weiß 65 Schwedt', 2007, 'w', 1, 50.50),
(54, 100214, 'Heidemann', 'Gina', 3013, 'Berliner TSC', 2007, 'w', 1, 52.00),
(55, 100215, 'Kubelka', 'Elisa', 14010, 'NSAC Görlitz', 2007, 'w', NULL, 61.00),
(56, 100136, 'Pomsel', 'Maurice', 14008, 'AC Atlas Plauen', 2006, 'm', 1, 41.00),
(57, 496, 'Altmann', 'Robin', 14010, 'NSAC Görlitz', 2006, 'm', NULL, 41.00),
(58, 100216, 'Hein', 'Tiago', 3013, 'Berliner TSC', 2006, 'm', 1, 43.00),
(59, 557, 'Weißmann', 'Ron', 14007, 'Chemnitzer AC', 2006, 'm', 1, 43.80),
(60, 100217, 'Rothbauer', 'Tyler', 17047, 'ASK Frankfurt/Oder', 2006, 'm', 1, 45.00),
(61, 100218, 'Böhme', 'Tim', 3009, 'SV Empor Berlin', 2006, 'm', 1, 46.00),
(62, 100219, 'Keil', 'Richard', 3009, 'SV Empor Berlin', 2006, 'm', 1, 46.00),
(63, 544, 'Schlittig', 'Robby', 14011, 'Riesaer AC 1969', 2006, 'm', 1, 50.00),
(64, 100220, 'Berger', 'Keven', 17066, 'Athletik Club Potsdam', 2006, 'm', NULL, 50.00),
(65, 499, 'Bellmann', 'Ole', 14007, 'Chemnitzer AC', 2006, 'm', 1, 50.50),
(66, 100221, 'Peters', 'Collin', 17078, 'TSG Angermünde', 2006, 'm', 1, 51.40),
(67, 540, 'Raulf', 'Luis', 14004, 'Athletikclub Meißen', 2006, 'm', 1, 54.00),
(68, 100132, 'Barth', 'Jason', 14008, 'AC Atlas Plauen', 2006, 'm', 1, 55.00),
(69, 100222, 'Hauff', 'Tom', 17047, 'ASK Frankfurt/Oder', 2006, 'm', 1, 55.00),
(70, 516, 'Heidemann', 'Felix', 14008, 'AC Atlas Plauen', 2006, 'm', 1, 56.00),
(71, 100223, 'Leopold', 'Niclas', 17047, 'ASK Frankfurt/Oder', 2006, 'm', 1, 72.00),
(72, 100049, 'Pfeifer', 'Nicco', 14004, 'Athletikclub Meißen', 2006, 'm', 1, 85.00),
(73, 100224, 'Neubert', 'Nora', 14007, 'Chemnitzer AC', 2006, 'w', 1, 48.50),
(74, 100225, 'Herweg', 'Lucy', 17047, 'ASK Frankfurt/Oder', 2006, 'w', 1, 50.00),
(75, 555, 'Thieme', 'Hanna-Christin', 14011, 'Riesaer AC 1969', 2006, 'w', 1, 53.00),
(76, 100226, 'Siegert', 'Sissy', 17047, 'ASK Frankfurt/Oder', 2006, 'w', 1, 56.00),
(77, 100227, 'Rohde', 'Felix', 17066, 'Athletik Club Potsdam', 2005, 'm', 1, 46.00),
(78, 100228, 'Merscher', 'Lennart', 17066, 'Athletik Club Potsdam', 2005, 'm', 1, 50.00),
(79, 100229, 'Breetz', 'Devin', 17066, 'Athletik Club Potsdam', 2005, 'm', NULL, 50.00),
(80, 100181, 'Lichtenwald', 'Paul', 14038, 'SSV Torgau', 2005, 'm', NULL, 51.70),
(81, 100230, 'Kittel', 'Jonas', 3009, 'SV Empor Berlin', 2005, 'm', 1, 52.00),
(82, 497, 'Barthel', 'Marius', 14008, 'AC Atlas Plauen', 2005, 'm', 1, 55.00),
(83, 100231, 'Walter', 'Lenny', 17047, 'ASK Frankfurt/Oder', 2005, 'm', 1, 55.00),
(84, 100180, 'Karnatz', 'Louis', 14005, 'SG Fortschritt Eibau', 2005, 'm', 1, 57.00),
(85, 20770, 'Lange', 'Maximilian', 3013, 'Berliner TSC', 2005, 'm', 1, 58.00),
(86, 100008, 'Rusch', 'Valentino', 14005, 'SG Fortschritt Eibau', 2005, 'm', 1, 58.00),
(87, 536, 'Nizamov', 'Artur', 14011, 'Riesaer AC 1969', 2005, 'm', 1, 59.00),
(88, 100232, 'Kemmeries', 'Tim', 17047, 'ASK Frankfurt/Oder', 2005, 'm', 1, 60.00),
(89, 546, 'Schmidt', 'John-Marten', 14038, 'SSV Torgau', 2005, 'm', NULL, 63.00),
(90, 100233, 'Kronschwitz', 'Lio', 17066, 'Athletik Club Potsdam', 2005, 'm', 1, 64.00),
(91, 100060, 'Farrar', 'Mika', 14011, 'Riesaer AC 1969', 2005, 'm', 1, 64.00),
(92, 100234, 'Drafz', 'Benedikt', 17078, 'TSG Angermünde', 2005, 'm', 1, 64.20),
(93, 100009, 'Scholz', 'Florian', 14038, 'SSV Torgau', 2005, 'm', NULL, 67.60),
(94, 100235, 'Hammer', 'Moritz', 17044, 'USC Viadrina Frankfurt/Oder', 2005, 'm', NULL, 71.90),
(95, 100236, 'Urban', 'Arian', 17047, 'ASK Frankfurt/Oder', 2005, 'm', 1, 73.00),
(96, 100237, 'Schmock', 'Michelle', 17065, 'TSV Blau-Weiß 65 Schwedt', 2005, 'w', 1, 48.00),
(97, 100163, 'Wissing', 'Nele', 14008, 'AC Atlas Plauen', 2005, 'w', 1, 54.00),
(98, 20423, 'Blankenburg', 'Sophie', 3010, 'SG Anton Saefkow Berlin', 2005, 'w', NULL, 65.00),
(99, 13176, 'Viol', 'Laura', 17044, 'USC Viadrina Frankfurt/Oder', 2005, 'w', NULL, 65.80),
(100, 521, 'Hofer', 'Josefine', 14010, 'NSAC Görlitz', 2004, 'w', 1, 0.00);

-- --------------------------------------------------------

--
-- Tabellenstruktur für Tabelle `import_excel_wiegen`
--

CREATE TABLE `import_excel_wiegen` (
  `Teilnehmer` int(11) NOT NULL,
  `Wiegen` double(5,2) DEFAULT NULL,
  `Reissen` int(3) DEFAULT NULL,
  `Stossen` int(3) DEFAULT NULL,
  `Gruppe` int(3) DEFAULT NULL
) ENGINE=InnoDB DEFAULT CHARSET=utf8;

--
-- Daten für Tabelle `import_excel_wiegen`
--

INSERT INTO `import_excel_wiegen` (`Teilnehmer`, `Wiegen`, `Reissen`, `Stossen`, `Gruppe`) VALUES
(102, 45.90, 62, 75, NULL),
(103, 54.60, 62, 75, NULL),
(104, 51.80, 62, 75, NULL),
(105, 56.90, 33, 38, NULL),
(106, 47.20, 35, 40, NULL),
(107, 28.80, 20, 23, NULL),
(108, 27.70, 8, 0, NULL),
(202, 73.20, 35, 40, NULL),
(203, 39.00, 35, 40, NULL),
(204, 74.20, 35, 40, NULL),
(205, 37.10, 35, 40, NULL),
(206, 55.60, 35, 40, NULL),
(207, 39.20, 20, 23, NULL),
(208, 32.30, 10, 0, NULL),
(209, 37.00, 20, 23, NULL),
(210, 32.00, 20, 23, NULL),
(211, NULL, 20, 23, NULL),
(212, 29.00, 8, 0, NULL),
(213, 44.50, NULL, NULL, NULL),
(301, 46.00, 62, 75, NULL),
(302, 85.00, 62, 75, NULL),
(303, 65.00, 33, 38, NULL),
(304, 50.50, 35, 40, NULL),
(305, 51.00, 33, 38, NULL),
(306, 45.00, 20, 23, NULL),
(307, 37.30, 20, 23, NULL),
(308, 66.60, 20, 23, NULL),
(309, NULL, 10, 0, NULL),
(310, 30.60, 8, 0, NULL),
(402, NULL, 62, 75, NULL),
(403, 62.20, 62, 75, NULL),
(404, 48.30, 62, 75, NULL),
(405, 52.10, 62, 75, NULL),
(406, 42.00, 20, 23, NULL),
(407, NULL, 20, 23, NULL),
(408, NULL, 7, 0, NULL),
(409, 24.50, 7, 0, NULL),
(502, 52.80, 35, 40, NULL),
(503, 39.20, 35, 40, NULL),
(504, 38.50, 20, 23, NULL),
(505, 58.50, 20, 23, NULL),
(506, 58.90, 20, 23, NULL),
(507, 34.80, 20, 0, NULL),
(508, 42.50, 20, 0, NULL),
(509, NULL, 10, 0, NULL),
(510, NULL, 10, 0, NULL),
(511, 39.80, 8, 0, NULL),
(512, 26.50, 7, 0, NULL),
(513, 29.50, 8, 0, NULL),
(514, 35.80, 8, 0, NULL),
(602, 60.90, 62, 75, NULL),
(603, 90.20, 62, 75, NULL),
(604, 56.20, 62, 75, NULL),
(605, 84.50, 62, 75, NULL),
(606, 56.90, 20, 23, NULL),
(607, 42.70, 20, 23, NULL),
(608, 41.20, 20, 23, NULL),
(609, 42.30, 20, 0, NULL),
(610, NULL, 8, 0, NULL),
(611, 28.30, 5, 0, NULL),
(701, 73.50, 20, 23, NULL),
(702, 37.50, 20, 23, NULL),
(703, 41.20, 20, 23, NULL),
(704, NULL, 20, 0, NULL),
(705, 31.10, 7, 0, NULL),
(706, 25.00, 7, 0, NULL),
(804, NULL, 33, 38, NULL),
(805, 40.40, 20, 23, NULL),
(806, 44.00, 20, 23, NULL),
(807, 34.70, 18, 20, NULL),
(808, 36.50, 12, 0, NULL),
(810, 31.10, 8, 0, NULL),
(812, 31.20, 7, 0, NULL),
(902, 60.40, 42, 47, NULL),
(903, 57.60, 33, 38, NULL),
(904, 47.50, 28, 33, NULL),
(905, 28.70, 20, 23, NULL),
(906, 33.70, 5, 0, NULL);

-- --------------------------------------------------------

--
-- Tabellenstruktur für Tabelle `laenderwertung`
--

CREATE TABLE `laenderwertung` (
  `Platz` int(3) NOT NULL,
  `Punkte` int(3) NOT NULL
) ENGINE=InnoDB DEFAULT CHARSET=utf8 COLLATE=utf8_unicode_ci;

-- --------------------------------------------------------

--
-- Tabellenstruktur für Tabelle `mannschaftswertung`
--

CREATE TABLE `mannschaftswertung` (
  `Platz` int(2) NOT NULL,
  `Punkte` int(2) NOT NULL
) ENGINE=InnoDB DEFAULT CHARSET=utf8 COLLATE=utf8_unicode_ci;

--
-- Daten für Tabelle `mannschaftswertung`
--

INSERT INTO `mannschaftswertung` (`Platz`, `Punkte`) VALUES
(1, 28),
(2, 25),
(3, 23),
(4, 22),
(5, 21),
(6, 20),
(7, 19),
(8, 18),
(9, 17),
(10, 16),
(11, 15),
(12, 14),
(13, 13),
(14, 12),
(15, 11),
(16, 10),
(17, 9),
(18, 8),
(19, 7),
(20, 6),
(21, 5),
(22, 4),
(23, 3),
(24, 2),
(25, 1);

-- --------------------------------------------------------

--
-- Tabellenstruktur für Tabelle `masters_norm`
--

CREATE TABLE `masters_norm` (
  `Sex` varchar(1) COLLATE utf8_unicode_ci NOT NULL,
  `GK` int(2) NOT NULL,
  `AK_0` int(3) DEFAULT NULL,
  `AK_1` int(3) DEFAULT NULL,
  `AK_2` int(3) DEFAULT NULL,
  `AK_3` int(3) DEFAULT NULL,
  `AK_4` int(3) DEFAULT NULL,
  `AK_5` int(3) DEFAULT NULL,
  `AK_6` int(3) DEFAULT NULL,
  `AK_7` int(3) DEFAULT NULL,
  `AK_8` int(3) DEFAULT NULL,
  `AK_9` int(3) DEFAULT NULL,
  `AK_10` int(3) DEFAULT NULL
) ENGINE=InnoDB DEFAULT CHARSET=utf8 COLLATE=utf8_unicode_ci;

--
-- Daten für Tabelle `masters_norm`
--

INSERT INTO `masters_norm` (`Sex`, `GK`, `AK_0`, `AK_1`, `AK_2`, `AK_3`, `AK_4`, `AK_5`, `AK_6`, `AK_7`, `AK_8`, `AK_9`, `AK_10`) VALUES
('m', 1, 143, 137, 130, 125, 115, 102, 92, 80, 67, 62, 55),
('m', 2, 158, 152, 145, 137, 127, 112, 102, 90, 75, 68, 55),
('m', 3, 182, 167, 160, 150, 140, 125, 112, 97, 82, 75, 55),
('m', 4, 192, 182, 172, 165, 150, 135, 122, 107, 90, 82, 55),
('m', 5, 202, 192, 182, 175, 160, 142, 130, 112, 95, 87, 55),
('m', 6, 212, 202, 192, 182, 167, 150, 137, 120, 100, 90, 55),
('m', 7, 220, 210, 200, 190, 175, 157, 142, 122, 102, 95, 55),
('m', 8, 227, 217, 207, 197, 182, 165, 150, 127, 107, 100, 55),
('w', 1, 75, 70, 65, 62, 60, 55, 52, 50, 47, NULL, NULL),
('w', 2, 78, 72, 70, 65, 62, 57, 55, 52, 48, NULL, NULL),
('w', 3, 82, 77, 72, 70, 65, 62, 57, 55, 49, NULL, NULL),
('w', 4, 85, 80, 75, 72, 70, 65, 60, 57, 50, NULL, NULL),
('w', 5, 88, 85, 80, 75, 72, 67, 62, 60, 51, NULL, NULL),
('w', 6, 92, 87, 82, 77, 75, 70, 65, 62, 52, NULL, NULL),
('w', 7, 100, 95, 90, 85, 82, 77, 67, 65, 53, NULL, NULL),
('w', 8, 105, 100, 95, 90, 87, 82, 72, 68, 55, NULL, NULL);

-- --------------------------------------------------------

--
-- Tabellenstruktur für Tabelle `meldung`
--

CREATE TABLE `meldung` (
  `Wettkampf` int(11) NOT NULL,
  `Teilnehmer` int(11) NOT NULL,
  `Sortierung` int(11) DEFAULT NULL,
  `Gewicht` double(5,2) DEFAULT NULL,
  `Meldedatum` datetime DEFAULT NULL,
  `Laenderwertung` tinyint(1) NOT NULL DEFAULT 0,
  `Vereinswertung` int(2) DEFAULT NULL COMMENT 'Vereinsmannschaft',
  `Relativ_W` tinyint(1) DEFAULT 0 COMMENT 'True=w_selekt., Null=w_autom., False=m',
  `Team` int(11) DEFAULT NULL,
  `a_K` tinyint(1) NOT NULL DEFAULT 0,
  `Wiegen` double(5,2) DEFAULT NULL,
  `Losnummer` int(11) DEFAULT NULL,
  `Startnummer` int(11) DEFAULT NULL,
  `idAK` int(3) DEFAULT NULL,
  `AK` varchar(20) COLLATE utf8_unicode_ci DEFAULT NULL,
  `idGK` int(3) DEFAULT NULL,
  `GK` varchar(5) COLLATE utf8_unicode_ci DEFAULT NULL,
  `Gruppe` int(11) DEFAULT NULL,
  `GG` int(3) DEFAULT NULL,
  `Zweikampf` int(11) DEFAULT NULL,
  `Reissen` int(11) DEFAULT NULL,
  `Stossen` int(11) DEFAULT NULL,
  `attend` tinyint(1) DEFAULT NULL,
  `bezahlt` tinyint(1) NOT NULL DEFAULT 0
) ENGINE=InnoDB DEFAULT CHARSET=utf8 COLLATE=utf8_unicode_ci;

--
-- Daten für Tabelle `meldung`
--

INSERT INTO `meldung` (`Wettkampf`, `Teilnehmer`, `Sortierung`, `Gewicht`, `Meldedatum`, `Laenderwertung`, `Vereinswertung`, `Relativ_W`, `Team`, `a_K`, `Wiegen`, `Losnummer`, `Startnummer`, `idAK`, `AK`, `idGK`, `GK`, `Gruppe`, `GG`, `Zweikampf`, `Reissen`, `Stossen`, `attend`, `bezahlt`) VALUES
(1, 102, NULL, NULL, '2020-02-28 18:37:11', 0, NULL, 0, NULL, 0, 45.90, 1, 1, 20, 'Schüler', 50, '-49', 9, NULL, 65, 28, 37, 1, 0),
(1, 103, NULL, NULL, '2020-02-28 18:37:11', 0, NULL, 0, NULL, 0, 54.60, 2, 2, 20, 'Schüler', 60, '-55', 9, NULL, 80, 35, 45, 1, 0),
(1, 104, NULL, NULL, '2020-02-28 18:37:11', 0, NULL, 0, NULL, 0, 51.80, 3, NULL, 20, 'Schüler', 60, '-55', 9, NULL, 137, 62, 75, 0, 0),
(1, 105, NULL, NULL, '2020-02-28 18:37:11', 0, NULL, 0, NULL, 0, 56.90, 4, 1, 20, 'Schüler', 70, '-61', 7, NULL, 85, 35, 50, 1, 0),
(1, 106, NULL, NULL, '2020-02-28 18:37:11', 0, NULL, 0, NULL, 0, 47.20, 5, 1, 12, 'Kinder', 50, '-49', 8, NULL, 65, 30, 35, 1, 0),
(1, 107, NULL, NULL, '2020-02-28 18:37:11', 0, NULL, 0, NULL, 0, 28.80, 6, 1, 11, 'Kinder', 10, '-30', 5, NULL, 33, 15, 18, 1, 0),
(1, 108, NULL, NULL, '2020-02-28 18:37:11', 0, NULL, 0, NULL, 0, 27.70, 7, 1, 10, 'Kinder', 10, '-30', 3, NULL, NULL, 8, 0, 1, 0),
(1, 202, NULL, NULL, '2020-02-28 18:37:11', 0, NULL, 0, NULL, 0, 73.20, 8, 2, 12, 'Kinder', 90, '+67', 8, NULL, 82, 40, 42, 1, 0),
(1, 203, NULL, NULL, '2020-02-28 18:37:11', 0, NULL, 0, NULL, 0, 39.00, 9, 3, 12, 'Kinder', 30, '-40', 8, NULL, 45, 20, 25, 1, 0),
(1, 204, NULL, NULL, '2020-02-28 18:37:11', 0, NULL, 0, NULL, 0, 74.20, 10, 4, 12, 'Kinder', 90, '+67', 8, NULL, 70, 30, 40, 1, 0),
(1, 205, NULL, NULL, '2020-02-28 18:37:11', 0, NULL, 0, NULL, 0, 37.10, 11, 5, 12, 'Kinder', 30, '-40', 8, NULL, 35, 15, 20, 1, 0),
(1, 206, NULL, NULL, '2020-02-28 18:37:11', 0, NULL, 0, NULL, 0, 55.60, 12, 6, 12, 'Kinder', 70, '-59', 8, NULL, 35, 15, 20, 1, 0),
(1, 207, NULL, NULL, '2020-02-28 18:37:11', 0, NULL, 0, NULL, 0, 39.20, 13, 2, 11, 'Kinder', 30, '-40', 5, NULL, 55, 25, 30, 1, 0),
(1, 208, NULL, NULL, '2020-02-28 18:37:11', 0, NULL, 0, NULL, 0, 32.30, 14, 1, 11, 'Kinder', 20, '-35', 4, NULL, 21, 9, 12, 1, 0),
(1, 209, NULL, NULL, '2020-02-28 18:37:11', 0, NULL, 0, NULL, 0, 37.00, 15, 3, 11, 'Kinder', 30, '-40', 5, NULL, 39, 17, 22, 1, 0),
(1, 210, NULL, NULL, '2020-02-28 18:37:11', 0, NULL, 0, NULL, 0, 32.00, 16, 4, 11, 'Kinder', 20, '-35', 5, NULL, 23, 10, 13, 1, 0),
(1, 211, NULL, NULL, '2020-02-28 18:37:11', 0, NULL, 0, NULL, 0, NULL, 17, NULL, 11, 'Kinder', NULL, NULL, 11, NULL, 43, 20, 23, 0, 0),
(1, 212, NULL, NULL, '2020-02-28 18:37:11', 0, NULL, 0, NULL, 0, 29.00, 18, 2, 10, 'Kinder', 10, '-30', 3, NULL, NULL, 9, 0, 1, 0),
(1, 301, NULL, NULL, '2020-02-28 18:37:11', 0, NULL, 0, NULL, 0, 46.00, 19, 3, 20, 'Schüler', 50, '-49', 9, NULL, 60, 28, 32, 1, 0),
(1, 302, NULL, NULL, '2020-02-28 18:37:11', 0, NULL, 0, NULL, 0, 85.00, 20, 4, 20, 'Schüler', 100, '+73', 9, NULL, 83, 35, 48, 1, 0),
(1, 303, NULL, NULL, '2020-02-28 18:37:11', 0, NULL, 0, NULL, 0, 65.00, 21, 2, 12, 'Kinder', 80, '-67', 7, NULL, 80, 35, 45, 1, 0),
(1, 304, NULL, NULL, '2020-02-28 18:37:11', 0, NULL, 0, NULL, 0, 50.50, 22, 7, 12, 'Kinder', 60, '-55', 8, NULL, 53, 23, 30, 1, 0),
(1, 305, NULL, NULL, '2020-02-28 18:37:11', 0, NULL, 0, NULL, 0, 51.00, 23, 3, 12, 'Kinder', 60, '-55', 7, NULL, 57, 22, 35, 1, 0),
(1, 306, NULL, NULL, '2020-02-28 18:37:11', 0, NULL, 0, NULL, 0, 45.00, 24, 1, 11, 'Kinder', 40, '-45', 6, NULL, 43, 20, 23, 1, 0),
(1, 307, NULL, NULL, '2020-02-28 18:37:11', 0, NULL, 0, NULL, 0, 37.30, 25, 5, 11, 'Kinder', 30, '-40', 5, NULL, 24, 10, 14, 1, 0),
(1, 308, NULL, NULL, '2020-02-28 18:37:11', 0, NULL, 0, NULL, 0, 66.60, 26, 2, 11, 'Kinder', 80, '+61', 6, NULL, 42, 20, 22, 1, 0),
(1, 309, NULL, NULL, '2020-02-28 18:37:11', 0, NULL, 0, NULL, 0, NULL, 27, NULL, 10, 'Kinder', NULL, NULL, 10, NULL, NULL, 10, 0, 0, 0),
(1, 310, NULL, NULL, '2020-02-28 18:37:11', 0, NULL, 0, NULL, 0, 30.60, 28, 3, 10, 'Kinder', 20, '-35', 3, NULL, NULL, 10, 0, 1, 0),
(1, 402, NULL, NULL, '2020-02-28 18:37:11', 0, NULL, 0, NULL, 0, NULL, 29, NULL, 20, 'Schüler', NULL, NULL, 13, NULL, 137, 62, 75, 0, 0),
(1, 403, NULL, NULL, '2020-02-28 18:37:11', 0, NULL, 0, NULL, 0, 62.20, 30, 5, 20, 'Schüler', 80, '-67', 9, NULL, 110, 50, 60, 1, 0),
(1, 404, NULL, NULL, '2020-02-28 18:37:11', 0, NULL, 0, NULL, 0, 48.30, 31, 6, 20, 'Schüler', 50, '-49', 9, NULL, NULL, 6, 0, 1, 0),
(1, 405, NULL, NULL, '2020-02-28 18:37:11', 0, NULL, 0, NULL, 0, 52.10, 32, 7, 20, 'Schüler', 60, '-55', 9, NULL, 20, 10, 10, 1, 0),
(1, 406, NULL, NULL, '2020-02-28 18:37:11', 0, NULL, 0, NULL, 0, 42.00, 33, 3, 11, 'Kinder', 40, '-45', 6, NULL, 38, 18, 20, 1, 0),
(1, 407, NULL, NULL, '2020-02-28 18:37:11', 0, NULL, 0, NULL, 0, NULL, 34, NULL, 11, 'Kinder', NULL, NULL, 11, NULL, 43, 20, 23, 0, 0),
(1, 408, NULL, NULL, '2020-02-28 18:37:11', 0, NULL, 0, NULL, 0, NULL, 35, NULL, 10, 'Kinder', NULL, NULL, 9, NULL, NULL, 7, 0, 0, 0),
(1, 409, NULL, NULL, '2020-02-28 18:37:11', 0, NULL, 0, NULL, 0, 24.50, 36, 1, 10, 'Kinder', 5, '-25', 1, NULL, 64, 27, 37, 1, 0),
(1, 503, NULL, NULL, '2020-02-28 18:37:11', 0, NULL, 0, NULL, 0, 39.20, 38, 9, 12, 'Kinder', 30, '-40', 8, NULL, 43, 18, 25, 1, 0),
(1, 504, NULL, NULL, '2020-02-28 18:37:11', 0, NULL, 0, 147, 0, 38.50, 39, 6, 11, 'Kinder', NULL, '-40', 5, NULL, 38, 18, 20, 1, 0),
(1, 505, NULL, NULL, '2020-02-28 18:37:11', 0, NULL, 0, NULL, 0, 58.50, 40, 4, 11, 'Kinder', 70, '+55', 6, NULL, 79, 35, 44, 1, 0),
(1, 506, NULL, NULL, '2020-02-28 18:37:11', 0, NULL, 0, NULL, 0, 58.90, 41, 5, 11, 'Kinder', 70, '-61', 6, NULL, 43, 20, 23, 1, 0),
(1, 507, NULL, NULL, '2020-02-28 18:37:11', 0, NULL, 0, NULL, 0, 3.00, 42, 1, 10, 'Kinder', 5, '-25', 2, NULL, NULL, 15, 0, 1, 0),
(1, 508, NULL, NULL, '2020-02-28 18:37:11', 0, NULL, 0, NULL, 0, 42.50, 43, 2, 10, 'Kinder', 40, '-45', 2, NULL, NULL, 5, 0, 1, 0),
(1, 509, NULL, NULL, '2020-02-28 18:37:12', 0, NULL, 0, NULL, 0, NULL, 44, NULL, 10, 'Kinder', NULL, NULL, 4, NULL, NULL, 10, 0, 0, 0),
(1, 510, NULL, NULL, '2020-02-28 18:37:12', 0, NULL, 0, NULL, 0, NULL, 45, NULL, 10, 'Kinder', NULL, NULL, 4, NULL, NULL, 10, 0, 0, 0),
(1, 511, NULL, NULL, '2020-02-28 18:37:12', 0, NULL, 0, NULL, 0, 39.80, 46, 4, 10, 'Kinder', 30, '-40', 3, NULL, NULL, 5, 0, 1, 0),
(1, 513, NULL, NULL, '2020-02-28 18:37:12', 0, NULL, 0, NULL, 0, 29.50, 48, 5, 10, 'Kinder', 10, '-30', 3, NULL, NULL, 5, 0, 1, 0),
(1, 514, NULL, NULL, '2020-02-28 18:37:12', 0, NULL, 0, NULL, 0, 35.80, 49, NULL, 10, 'Kinder', 30, '-40', 3, NULL, NULL, 8, 0, 0, 0),
(1, 602, NULL, NULL, '2020-02-28 18:37:12', 0, NULL, 0, NULL, 0, 60.90, 50, NULL, 20, 'Schüler', 70, '-61', 9, NULL, 110, 50, 60, 0, 0),
(1, 603, NULL, NULL, '2020-02-28 18:37:12', 0, NULL, 0, NULL, 0, 90.20, 51, 8, 20, 'Schüler', 100, '+73', 9, NULL, 110, 50, 60, 1, 0),
(1, 604, NULL, NULL, '2020-02-28 18:37:12', 0, NULL, 0, NULL, 0, 56.20, 52, 9, 20, 'Schüler', 70, '-61', 9, NULL, 42, 20, 22, 1, 0),
(1, 605, NULL, NULL, '2020-02-28 18:37:12', 0, NULL, 0, NULL, 0, 84.50, 53, 10, 20, 'Schüler', 100, '+73', 9, NULL, 90, 40, 50, 1, 0),
(1, 606, NULL, NULL, '2020-02-28 18:37:12', 0, NULL, 0, NULL, 0, 56.90, 54, 6, 11, 'Kinder', 70, '-61', 6, NULL, 50, 25, 25, 1, 0),
(1, 607, NULL, NULL, '2020-02-28 18:37:12', 0, NULL, 0, NULL, 0, 42.70, 55, 7, 11, 'Kinder', 40, '-45', 6, NULL, 50, 24, 26, 1, 0),
(1, 608, NULL, NULL, '2020-02-28 18:37:12', 0, NULL, 0, NULL, 0, 41.20, 56, 8, 11, 'Kinder', 40, '-45', 6, NULL, 35, 15, 20, 1, 0),
(1, 609, NULL, NULL, '2020-02-28 18:37:12', 0, NULL, 0, NULL, 0, 42.30, 57, 3, 10, 'Kinder', 40, '-45', 2, NULL, NULL, 25, 0, 1, 0),
(1, 610, NULL, NULL, '2020-02-28 18:37:12', 0, NULL, 0, NULL, 0, NULL, 58, NULL, 10, 'Kinder', NULL, NULL, 3, NULL, NULL, 8, 0, 0, 0),
(1, 611, NULL, NULL, '2020-02-28 18:37:12', 0, NULL, 0, NULL, 0, 28.30, 59, 6, 10, 'Kinder', 10, '-30', 3, NULL, NULL, 7, 0, 1, 0),
(1, 701, NULL, NULL, '2020-02-28 18:37:12', 0, NULL, 0, NULL, 0, 73.50, 60, 10, 12, 'Kinder', 90, '+67', 8, NULL, 46, 22, 24, 1, 0),
(1, 702, NULL, NULL, '2020-02-28 18:37:12', 0, NULL, 0, NULL, 0, 37.50, 61, 7, 11, 'Kinder', 30, '-40', 5, NULL, 41, 18, 23, 1, 0),
(1, 703, NULL, NULL, '2020-02-28 18:37:12', 0, NULL, 0, NULL, 0, 41.20, 62, 9, 11, 'Kinder', 40, '-45', 6, NULL, 32, 15, 17, 1, 0),
(1, 704, NULL, NULL, '2020-02-28 18:37:12', 0, NULL, 0, NULL, 0, NULL, 63, NULL, 10, 'Kinder', NULL, NULL, 10, NULL, NULL, 20, 0, 0, 0),
(1, 705, NULL, NULL, '2020-02-28 18:37:12', 0, NULL, 0, NULL, 0, 31.10, 64, 3, 10, 'Kinder', 20, '-35', 1, NULL, NULL, 12, 0, 1, 0),
(1, 706, NULL, NULL, '2020-02-28 18:37:12', 0, NULL, 0, NULL, 0, 25.00, 65, 4, 10, 'Kinder', 5, '-25', 1, NULL, NULL, 8, 0, 1, 0),
(1, 804, NULL, NULL, '2020-02-28 18:37:12', 0, NULL, 0, NULL, 0, NULL, 66, NULL, 20, 'Schüler', NULL, NULL, 13, NULL, 71, 33, 38, 0, 0),
(1, 805, NULL, NULL, '2020-02-28 18:37:12', 0, NULL, 0, NULL, 0, 40.40, 67, 8, 11, 'Kinder', 40, '-45', 5, NULL, 30, 15, 15, 1, 0),
(1, 806, NULL, NULL, '2020-02-28 18:37:12', 0, NULL, 0, NULL, 0, 44.00, 68, 10, 11, 'Kinder', 40, '-45', 6, NULL, 18, 10, 8, 1, 0),
(1, 807, NULL, NULL, '2020-02-28 18:37:12', 0, NULL, 0, NULL, 0, 34.70, 69, 2, 10, 'Kinder', 20, '-35', 4, NULL, NULL, 10, 0, 1, 0),
(1, 808, NULL, NULL, '2020-02-28 18:37:12', 0, NULL, 0, NULL, 0, 36.50, 70, 4, 10, 'Kinder', 30, '-40', 2, NULL, NULL, 10, 0, 1, 0),
(1, 810, NULL, NULL, '2020-02-28 18:37:12', 0, NULL, 0, NULL, 0, 31.10, 71, 7, 10, 'Kinder', 20, '-35', 3, NULL, NULL, 5, 0, 1, 0),
(1, 812, NULL, NULL, '2020-02-28 18:37:12', 0, NULL, 0, NULL, 0, 31.20, 72, 5, 10, 'Kinder', 20, '-35', 1, NULL, NULL, 8, 0, 1, 0),
(1, 902, NULL, NULL, '2020-02-28 18:37:12', 0, NULL, 0, NULL, 0, 60.40, 73, 11, 20, 'Schüler', 70, '-61', 9, NULL, 100, 45, 55, 1, 0),
(1, 903, NULL, NULL, '2020-02-28 18:37:12', 0, NULL, 0, NULL, 0, 57.60, 74, 4, 20, 'Schüler', 70, '-61', 7, NULL, 85, 40, 45, 1, 0),
(1, 904, NULL, NULL, '2020-02-28 18:37:12', 0, NULL, 0, 14011, 0, 47.50, 75, 5, 12, 'Kinder', 50, '-49', 7, NULL, 55, 23, 32, 1, 0),
(1, 905, NULL, NULL, '2020-02-28 18:37:12', 0, NULL, 0, NULL, 0, 28.70, 76, 9, 11, 'Kinder', 10, '-30', 5, NULL, 32, 15, 17, 1, 0),
(1, 906, NULL, NULL, '2020-02-28 18:37:12', 0, NULL, 0, NULL, 0, 33.70, 77, 6, 10, 'Kinder', 20, '-35', 1, NULL, NULL, 7, 0, 1, 0),
(1, 100003, NULL, NULL, '2020-03-01 09:09:49', 0, NULL, 0, NULL, 0, 26.00, 78, 7, 10, 'Kinder', 10, '-30', 1, NULL, NULL, 5, 0, 1, 0),
(11, 9249, NULL, 87.10, '2019-11-23 19:24:34', 0, NULL, 0, NULL, 0, 87.10, 10, 8, 100, 'Masters (0)', 110, '-89', 2, NULL, NULL, 0, 125, 1, 0),
(11, 10846, NULL, 94.30, '2019-11-23 19:24:34', 0, NULL, 0, NULL, 0, 94.30, 5, 3, 50, 'Aktive', 120, '-96', 2, NULL, 290, 130, 160, 1, 0),
(11, 10847, NULL, 76.30, '2019-11-23 19:24:34', 0, NULL, 0, NULL, 0, 76.30, 7, 5, 50, 'Aktive', 100, '-81', 2, NULL, NULL, 0, 112, 1, 0),
(11, 12152, NULL, 62.00, '2019-11-23 19:24:34', 0, NULL, 0, NULL, 0, 62.00, 6, 4, 40, 'Junioren', 80, '-67', 1, NULL, 184, 82, 102, 1, 0),
(11, 12369, NULL, 56.00, '2019-11-23 19:24:34', 0, NULL, 0, NULL, 0, 56.00, 4, 2, 40, 'Junioren', 70, '-59', 1, NULL, 123, 53, 70, 1, 0),
(11, 12739, NULL, 91.90, '2019-11-23 19:24:34', 0, NULL, 0, NULL, 0, 91.90, 9, 7, 40, 'Junioren', 120, '-96', 2, NULL, 280, 125, 155, 1, 0),
(11, 13030, NULL, 70.00, '2019-11-23 19:24:34', 0, NULL, 0, NULL, 0, 70.00, 15, 13, 50, 'Aktive', 90, '-73', 2, NULL, 176, 78, 98, 1, 0),
(11, 13094, NULL, NULL, '2019-11-18 21:11:30', 0, NULL, 0, NULL, 0, NULL, 1, NULL, 50, 'Aktive', NULL, NULL, 1, NULL, NULL, NULL, NULL, 0, 0),
(11, 13113, NULL, 71.00, '2019-11-23 19:24:34', 0, NULL, 0, NULL, 0, 71.00, 11, 9, 50, 'Aktive', 90, '-71', 1, NULL, 153, 68, 85, 1, 0),
(11, 13303, NULL, 53.90, '2019-11-23 19:24:34', 0, NULL, 0, NULL, 0, 53.90, 3, 1, 30, 'Jugend', 60, '-55', 1, NULL, NULL, 48, 0, 1, 0),
(11, 20215, NULL, 61.40, '2019-11-23 19:24:34', 0, NULL, 0, NULL, 0, 61.40, 13, 11, 50, 'Aktive', 80, '-64', 1, NULL, 127, 57, 70, 1, 0),
(11, 20550, NULL, 70.90, '2019-11-23 19:24:34', 0, NULL, 0, NULL, 0, 70.90, 12, 10, 50, 'Aktive', 90, '-71', 2, NULL, 155, 70, 85, 1, 0),
(11, 20815, NULL, 83.80, '2019-11-23 19:24:34', 0, NULL, 0, NULL, 0, 83.80, 16, 14, 50, 'Aktive', 110, '-89', 2, NULL, 264, 114, 150, 1, 0),
(11, 20819, NULL, NULL, '2019-11-18 21:12:26', 0, NULL, 0, NULL, 0, NULL, 2, NULL, 50, 'Aktive', NULL, NULL, 1, NULL, NULL, NULL, NULL, 0, 0),
(11, 20820, NULL, 71.70, '2019-11-23 19:24:34', 0, NULL, 0, NULL, 0, 71.70, 8, 6, 50, 'Aktive', 100, '-76', 1, NULL, NULL, 62, 0, 1, 0),
(11, 22122, NULL, 66.70, '2019-11-23 19:24:34', 0, NULL, 0, NULL, 0, 66.70, 14, 12, 50, 'Aktive', 90, '-71', 2, NULL, 115, 50, 65, 1, 0),
(12, 363, NULL, NULL, '2021-10-29 21:30:37', 0, NULL, 0, NULL, 0, 86.40, 3, 10, 100, 'Masters (0)', 110, '-89', 1, NULL, 250, 110, 140, 1, 0),
(12, 7788, NULL, NULL, '2021-10-29 22:23:52', 0, NULL, 0, NULL, 0, NULL, 8, NULL, 100, 'Masters (0)', NULL, NULL, NULL, NULL, NULL, NULL, NULL, 0, 0),
(12, 10960, NULL, NULL, '2021-10-29 21:29:53', 0, NULL, 0, NULL, 0, 99.20, 1, 8, 100, 'Masters (0)', 130, '-102', 2, NULL, 270, 120, 150, 1, 0),
(12, 11943, NULL, NULL, '2021-10-30 12:36:49', 0, NULL, 0, NULL, 0, 108.40, 14, 6, 50, 'Aktive', 140, '-109', 2, NULL, 330, 145, 185, 1, 0),
(12, 12206, NULL, NULL, '2021-10-29 21:30:54', 0, NULL, 0, NULL, 0, 80.20, 4, 11, 50, 'Aktive', 110, '-81', 1, NULL, 180, 80, 100, 1, 0),
(12, 12506, NULL, NULL, '2021-10-30 12:32:35', 0, NULL, 0, NULL, 0, 85.50, 10, 2, 40, 'Junioren', 110, '-89', 1, NULL, 250, 110, 140, 1, 0),
(12, 12911, NULL, NULL, '2021-10-29 21:30:07', 0, NULL, 0, NULL, 0, 73.00, 2, 9, 50, 'Aktive', 90, '-73', 2, NULL, 260, 120, 140, 1, 0),
(12, 12915, NULL, NULL, '2021-10-30 12:32:17', 0, NULL, 0, 14007, 1, 76.10, 9, 1, 40, 'Junioren', 100, '-81', 1, NULL, 205, 90, 115, 1, 0),
(12, 13665, NULL, NULL, '2021-10-30 12:33:38', 0, NULL, 0, NULL, 0, 66.00, 12, 4, 30, 'Jugend', 90, '-71', 1, NULL, 150, 65, 85, 1, 0),
(12, 20846, NULL, NULL, '2021-10-30 12:36:58', 0, NULL, 0, NULL, 0, 65.10, 15, 7, 40, 'Junioren', 90, '-71', 1, NULL, 162, 72, 90, 1, 0),
(12, 22308, NULL, NULL, '2021-10-30 12:36:35', 0, NULL, 0, NULL, 0, 91.40, 13, 5, 50, 'Aktive', 120, '-96', 2, NULL, 315, 140, 175, 1, 0),
(12, 22403, NULL, NULL, '2021-10-29 21:34:53', 0, NULL, 0, NULL, 0, 59.30, 5, 12, 110, 'Masters (1)', 80, '-64', 1, NULL, 110, 50, 60, 1, 0),
(12, 22685, NULL, NULL, '2021-10-29 21:35:19', 0, NULL, 0, NULL, 0, 104.40, 7, 14, 50, 'Aktive', 140, '-109', 2, NULL, 320, 140, 180, 1, 0),
(12, 22932, NULL, NULL, '2021-10-30 12:33:01', 0, NULL, 0, NULL, 0, 103.50, 11, 3, 100, 'Masters (0)', 140, '-109', 2, NULL, 295, 135, 160, 1, 0),
(12, 23171, NULL, NULL, '2021-10-29 21:35:06', 0, NULL, 0, 15009, 0, 59.80, 6, 13, 100, 'Masters (0)', 80, '-64', 1, NULL, 185, 85, 100, 1, 0),
(13, 3757, NULL, NULL, '2021-11-19 11:26:04', 0, NULL, 0, NULL, 0, 86.40, 2, 10, 110, 'Masters (1)', 110, '-89', 1, NULL, 200, 90, 110, 1, 0),
(13, 6269, NULL, NULL, '2021-11-19 16:28:54', 0, NULL, 0, NULL, 0, 52.50, 10, 4, 120, 'Masters (2)', 60, '-55', 1, NULL, 90, 40, 50, 1, 0),
(13, 8923, NULL, NULL, '2021-11-19 11:26:44', 0, NULL, 0, NULL, 0, 87.20, 4, 12, 100, 'Masters (0)', 110, '-89', 2, NULL, 180, 80, 100, 1, 0),
(13, 12043, NULL, NULL, '2021-11-19 16:29:17', 0, NULL, 0, NULL, 0, 81.20, 12, 6, 50, 'Aktive', 110, '-89', 2, NULL, 200, 90, 110, 1, 0),
(13, 12330, NULL, NULL, '2021-11-19 11:26:25', 0, NULL, 0, NULL, 0, 87.90, 3, 11, 120, 'Masters (2)', 110, '-89', 2, NULL, 200, 90, 110, 1, 0),
(13, 12696, NULL, NULL, '2021-11-19 11:27:38', 0, NULL, 0, NULL, 0, 98.00, 6, 14, 50, 'Aktive', 130, '-102', 2, NULL, 240, 110, 130, 1, 0),
(13, 12989, NULL, NULL, '2021-11-19 16:28:00', 0, NULL, 0, 147, 0, 57.60, 7, 1, 40, 'Junioren', 70, '-59', 1, NULL, 100, 45, 55, 1, 0),
(13, 13262, NULL, NULL, '2021-11-19 16:29:06', 0, NULL, 0, NULL, 0, 70.90, 11, 5, 40, 'Junioren', 90, '-73', 2, NULL, 190, 85, 105, 1, 0),
(13, 13730, NULL, NULL, '2021-11-19 16:28:38', 0, NULL, 0, NULL, 0, 63.30, 9, 3, 50, 'Aktive', 80, '-64', 1, NULL, 145, 65, 80, 1, 0),
(13, 13731, NULL, NULL, '2021-11-19 16:28:23', 0, NULL, 0, 147, 0, 68.00, 8, 2, 100, 'Masters (0)', 90, '-73', 2, NULL, 270, 120, 150, 1, 0),
(13, 21722, NULL, NULL, '2021-11-19 16:29:38', 0, NULL, 0, 147, 1, 61.00, 14, 8, 22, 'Schüler', 70, '-61', 1, NULL, 128, 58, 70, 1, 0),
(13, 22563, NULL, NULL, '2021-11-19 11:25:45', 0, NULL, 0, NULL, 0, 60.50, 1, 9, 50, 'Aktive', 80, '-64', 1, NULL, 90, 40, 50, 1, 0),
(13, 22736, NULL, NULL, '2021-11-19 16:29:27', 0, NULL, 0, NULL, 0, 54.70, 13, 7, 30, 'Jugend', 60, '-55', 1, NULL, 61, 28, 33, 1, 0),
(13, 23004, NULL, NULL, '2021-11-19 11:27:17', 0, NULL, 0, NULL, 0, 76.80, 5, 13, 30, 'Jugend', 100, '-81', 1, NULL, 166, 73, 93, 1, 0),
(14, 6998, NULL, NULL, '2022-04-09 06:55:21', 0, NULL, 0, 2003, 0, 91.80, 8, 15, 110, 'Masters (1)', 120, '-96', 3, NULL, 295, 130, 165, 1, 0),
(14, 8503, NULL, NULL, '2022-04-09 06:54:13', 0, NULL, 0, NULL, 0, 65.30, 5, 12, 100, 'Masters (0)', 90, '-71', 2, NULL, 193, 88, 105, 1, 0),
(14, 11848, NULL, NULL, '2022-04-09 06:54:59', 0, NULL, 0, NULL, 0, 64.50, 7, 14, 50, 'Aktive', 90, '-71', 1000, NULL, 155, 70, 85, 1, 0),
(14, 11943, NULL, NULL, '2022-04-09 11:37:35', 0, NULL, 0, 14007, 0, 102.40, 13, 5, 50, 'Aktive', 140, '-109', 3, NULL, 315, 140, 175, 1, 0),
(14, 12089, NULL, NULL, '2022-04-09 06:53:19', 0, NULL, 0, 2003, 0, 63.00, 2, 9, 50, 'Aktive', 80, '-64', 1, NULL, 155, 74, 81, 1, 0),
(14, 12506, NULL, NULL, '2022-04-09 11:38:21', 0, NULL, 0, NULL, 0, 87.40, 14, 6, 50, 'Aktive', 110, '-89', 3, NULL, 310, 140, 170, 1, 0),
(14, 13665, NULL, NULL, '2022-04-09 11:34:30', 0, NULL, 0, NULL, 0, 64.90, 10, 2, 40, 'Junioren', 90, '-71', 1, NULL, 150, 65, 85, 1, 0),
(14, 20007, NULL, NULL, '2022-04-09 06:53:53', 0, NULL, 0, NULL, 0, 73.60, 4, 11, 100, 'Masters (0)', 100, '-81', 2, NULL, 290, 130, 160, 1, 0),
(14, 20203, NULL, NULL, '2022-04-09 06:52:55', 0, NULL, 0, 2003, 0, 81.10, 1, 8, 50, 'Aktive', NULL, '-89', 3, NULL, 315, 140, 175, 1, 0),
(14, 20846, NULL, NULL, '2022-04-09 11:31:43', 0, NULL, 0, 14007, 0, 67.20, 12, NULL, 40, 'Junioren', 90, '-71', 1, NULL, 150, 65, 85, 1, 0),
(14, 21238, NULL, NULL, '2022-04-09 06:53:36', 0, NULL, 0, 2003, 0, 57.50, 3, 10, 50, 'Aktive', 70, '-59', 1, NULL, 146, 63, 83, 1, 0),
(14, 21735, NULL, NULL, '2022-04-09 11:37:50', 0, NULL, 0, NULL, 0, 67.20, 15, 7, 30, 'Jugend', 90, '-71', NULL, NULL, 110, 50, 60, 1, 0),
(14, 21938, NULL, NULL, '2022-04-09 11:38:02', 0, NULL, 0, NULL, 0, 101.10, 12, 4, 50, 'Aktive', 130, '-102', 2, NULL, 310, 140, 170, 1, 0),
(14, 22520, NULL, NULL, '2022-04-09 06:54:37', 0, NULL, 0, 2003, 0, 57.30, 6, 13, 50, 'Aktive', 70, '-59', NULL, NULL, 130, 60, 70, 1, 0),
(14, 22932, NULL, NULL, '2022-04-09 11:37:20', 0, NULL, 0, NULL, 0, 105.70, 11, 3, 100, 'Masters (0)', 140, '-109', 2, NULL, 305, 140, 165, 1, 0),
(15, 9448, NULL, NULL, '2022-04-09 07:51:49', 0, NULL, 0, 9007, 0, 83.60, 9, NULL, 100, 'Masters (0)', 120, '-87', 2, NULL, 200, 90, 110, 1, 0),
(15, 11226, NULL, NULL, '2022-04-09 07:51:37', 0, NULL, 0, 9007, 0, 75.80, 15, NULL, 50, 'Aktive', 100, '-81', 2, NULL, 270, 120, 150, 1, 0),
(15, 11943, NULL, NULL, '2022-04-09 11:37:35', 0, NULL, 0, 14007, 0, 102.40, 13, 5, 50, 'Aktive', 140, '-109', 3, NULL, 315, 140, 175, 1, 0),
(15, 12506, NULL, NULL, '2022-04-09 11:32:54', 0, NULL, 0, 14007, 0, 87.40, 6, NULL, 50, 'Aktive', NULL, '-89', 3, NULL, 310, 140, 170, 1, 0),
(15, 13665, NULL, NULL, '2022-04-09 11:32:10', 0, NULL, 0, 14007, 0, 64.90, 1, NULL, 40, 'Junioren', 90, '-71', 1, NULL, 150, 65, 85, 1, 0),
(15, 20059, NULL, NULL, '2022-04-09 07:52:26', 0, NULL, 0, 9007, 0, 61.00, 4, NULL, 50, 'Aktive', 80, '-64', 1, NULL, 145, 65, 80, 1, 0),
(15, 20640, NULL, NULL, '2022-04-09 07:52:03', 0, NULL, 0, 9007, 0, 91.10, 7, NULL, 50, 'Aktive', 120, '-96', 1000, NULL, 255, 110, 145, 1, 0),
(15, 20846, NULL, NULL, '2022-04-09 11:31:43', 0, NULL, 0, 14007, 0, 67.20, 12, NULL, 40, 'Junioren', 90, '-71', 1, NULL, 150, 65, 85, 1, 0),
(15, 21735, NULL, NULL, '2022-04-09 11:33:05', 0, NULL, 0, 14007, 0, 67.20, 3, NULL, 30, 'Jugend', 90, '-71', NULL, NULL, 110, 50, 60, 1, 0),
(15, 21740, NULL, NULL, '2022-04-09 07:51:26', 0, NULL, 0, 9007, 0, 157.90, 14, NULL, 50, 'Aktive', 110, '+109', 3, NULL, 380, 170, 210, 1, 0),
(15, 21938, NULL, NULL, '2022-04-09 11:32:33', 0, NULL, 0, 14007, 0, 101.10, 5, NULL, 50, 'Aktive', 130, '-102', 2, NULL, 310, 140, 170, 1, 0),
(15, 22524, NULL, NULL, '2022-04-09 07:52:15', 0, NULL, 0, 9007, 0, 61.20, 2, NULL, 50, 'Aktive', 80, '-64', 1000, NULL, 130, 60, 70, 1, 0),
(15, 22538, NULL, NULL, '2022-04-09 07:51:14', 0, NULL, 0, 9007, 0, 117.20, 11, NULL, 50, 'Aktive', 150, '+109', 3, NULL, 355, 165, 190, 1, 0),
(15, 22932, NULL, NULL, '2022-04-09 11:32:20', 0, NULL, 0, 14007, 0, 105.70, 13, NULL, 100, 'Masters (0)', 140, '-109', 2, NULL, 305, 140, 165, 1, 0),
(15, 23017, NULL, NULL, '2022-04-09 07:51:00', 0, NULL, 0, 9007, 0, 69.60, 8, NULL, 50, 'Aktive', 90, '-71', 1, NULL, 145, 65, 80, 1, 0),
(16, 100017, NULL, NULL, '2022-09-20 00:00:00', 1, 1, 0, 14009, 0, 80.00, 1, 1, 40, 'Junioren', 100, '-81', 3, NULL, 240, 110, 130, 1, 0),
(16, 100018, NULL, NULL, '2022-09-20 00:00:00', 1, 0, 0, 14009, 0, 95.00, 21, 9, 40, 'Junioren', 120, '-96', 3, NULL, 240, 110, 130, 1, 0),
(16, 100019, NULL, NULL, '2022-09-20 00:00:00', 0, 0, 0, 14009, 0, 95.00, 2, 2, 50, 'Aktive', 120, '-96', 3, NULL, 270, 120, 150, 1, 0),
(16, 100020, NULL, NULL, '2022-09-20 00:00:00', 0, 0, 0, 14009, 0, 72.00, 38, 17, 110, 'Masters (1)', 90, '-73', 3, NULL, 220, 95, 125, 1, 0),
(16, 100021, NULL, NULL, '2022-09-20 00:00:00', 1, 1, 0, 14009, 0, 88.00, 10, 4, 130, 'Masters (3)', 110, '-89', 3, NULL, 220, 100, 120, 1, 0),
(16, 100022, NULL, NULL, '2022-09-20 00:00:00', 0, 0, 0, 14009, 0, 72.00, 35, 15, 170, 'Masters (7)', 90, '-73', 3, NULL, 210, 90, 120, 1, 0),
(16, 100023, NULL, NULL, '2022-09-20 00:00:00', 0, 0, 0, 14009, 0, 69.00, 24, 10, 50, 'Aktive', 90, '-71', 3, NULL, 120, 50, 70, 1, 0),
(16, 100025, NULL, NULL, '2022-09-20 00:00:00', 0, 0, 0, 14005, 0, NULL, 7, NULL, 50, 'Aktive', 40, '-45', 1, NULL, NULL, NULL, NULL, 0, 0),
(17, 104, NULL, NULL, NULL, 1, NULL, 0, 14007, 0, 50.00, 16, 7, 30, 'Jugend', 60, '-55', 2, NULL, 130, 60, 70, 1, 0),
(17, 105, NULL, NULL, NULL, 0, NULL, 0, 14007, 0, NULL, 3, NULL, 30, 'Jugend', 90, '-71', 1, NULL, NULL, NULL, NULL, 0, 0),
(17, 301, NULL, NULL, NULL, 0, NULL, 0, 14010, 0, 72.00, 36, 13, 30, 'Jugend', 90, '-73', 2, NULL, 120, 55, 65, 1, 0),
(17, 303, NULL, NULL, NULL, 0, NULL, 0, 14010, 0, NULL, 22, NULL, 22, 'Schüler', 110, '+76', 1, NULL, NULL, NULL, NULL, 0, 0),
(17, 304, NULL, NULL, NULL, 0, NULL, 0, 14010, 0, 70.00, 4, 1, 22, 'Schüler', 90, '-73', 2, NULL, 142, 66, 76, 1, 0),
(17, 404, NULL, NULL, NULL, 0, NULL, 0, 147, 0, 66.00, 12, 5, 30, 'Jugend', 80, '-67', 2, NULL, 131, 55, 76, 1, 0),
(17, 902, NULL, NULL, NULL, 0, NULL, 0, 14011, 0, 80.00, 40, 14, 30, 'Jugend', 100, '-81', 2, NULL, 160, 75, 85, 1, 0),
(17, 11943, NULL, NULL, NULL, 0, NULL, 0, 14007, 0, 108.00, 13, 6, 50, 'Aktive', 140, '-109', 3, NULL, 270, 120, 150, 1, 0),
(17, 13665, NULL, NULL, NULL, 0, NULL, 0, 14007, 0, NULL, 19, NULL, 40, 'Junioren', 80, '-64', 1, NULL, NULL, NULL, NULL, 0, 0),
(17, 100017, NULL, NULL, NULL, 0, 0, 0, 14009, 0, 80.00, 1, 1, 40, 'Junioren', 100, '-81', 3, NULL, 240, 110, 130, 1, 0),
(17, 100018, NULL, NULL, NULL, 0, 0, 0, 14009, 0, 95.00, 21, 9, 40, 'Junioren', 120, '-96', 3, NULL, 240, 110, 130, 1, 0),
(17, 100019, NULL, NULL, NULL, 0, 0, 0, 14009, 0, 95.00, 2, 2, 50, 'Aktive', 120, '-96', 3, NULL, 270, 120, 150, 1, 0),
(17, 100020, NULL, NULL, NULL, 0, 0, 0, 14009, 0, 72.00, 38, 16, 110, 'Masters (1)', 90, '-73', 3, NULL, 220, 95, 125, 1, 0),
(17, 100021, NULL, NULL, NULL, 0, 1, 0, 14009, 0, 88.00, 10, 4, 130, 'Masters (3)', 110, '-89', 3, NULL, 220, 100, 120, 1, 0),
(17, 100022, NULL, NULL, '2022-09-20 10:53:19', 0, 0, 0, 14009, 0, 72.00, 35, 14, 170, 'Masters (7)', 90, '-73', 3, NULL, 210, 90, 120, 1, 0),
(17, 100025, NULL, NULL, '2022-09-09 00:00:00', 0, 2, 0, 14005, 0, NULL, 7, NULL, 50, 'Aktive', 40, '-45', 1, NULL, NULL, NULL, NULL, 0, 0),
(17, 100026, NULL, NULL, NULL, 0, 0, 0, 14005, 0, NULL, 25, NULL, 50, 'Aktive', 80, '-64', 1, NULL, NULL, NULL, NULL, 0, 0),
(17, 100027, NULL, NULL, NULL, 0, 0, 0, 14005, 0, NULL, 29, NULL, 50, 'Aktive', 80, '-64', 1, NULL, NULL, NULL, NULL, 0, 0),
(17, 100028, NULL, NULL, NULL, 0, 0, 0, 14016, 0, NULL, 26, NULL, 50, 'Aktive', 120, '-87', 1, NULL, NULL, NULL, NULL, 0, 0),
(17, 100029, NULL, NULL, '2022-11-10 00:00:00', 0, 0, 0, 14004, 0, NULL, 6, NULL, 50, 'Aktive', 70, '-59', 1, NULL, NULL, NULL, NULL, 0, 0),
(17, 100030, NULL, NULL, NULL, 0, 0, 0, 14007, 0, 88.00, 6, 3, 30, 'Jugend', 110, '-89', 2, NULL, 150, 70, 80, 1, 0),
(17, 100031, NULL, NULL, NULL, 0, 0, 0, 14007, 0, 56.00, 20, 9, 22, 'Schüler', 70, '-61', 2, NULL, 92, 41, 51, 1, 0),
(17, 100032, NULL, NULL, NULL, 0, 0, 0, 14005, 0, 66.00, 31, 11, 30, 'Jugend', 80, '-67', 2, NULL, 112, 51, 61, 1, 0),
(17, 100033, NULL, NULL, NULL, 0, 0, 0, 14011, 0, 54.00, 15, 6, 22, 'Schüler', 60, '-55', 2, NULL, 96, 43, 53, 1, 0),
(17, 100034, NULL, NULL, '2022-11-10 00:00:00', 0, 0, 0, 14011, 0, 60.00, 32, 12, 22, 'Schüler', 70, '-61', 2, NULL, 94, 42, 52, 1, 0),
(17, 100035, NULL, NULL, NULL, 0, 0, 0, 3009, 0, 88.00, 23, 10, 30, 'Jugend', 110, '-89', 2, NULL, 160, 75, 85, 1, 0),
(17, 100036, NULL, NULL, NULL, 0, 0, 0, 14005, 0, 66.00, 9, 4, 30, 'Jugend', 80, '-67', 2, NULL, 118, 54, 64, 1, 0),
(17, 100037, NULL, NULL, NULL, 0, 0, 0, 14005, 0, 88.00, 18, 8, 30, 'Jugend', 110, '-89', 2, NULL, 188, 89, 99, 1, 0),
(17, 100038, NULL, NULL, NULL, 0, 0, 0, 14008, 0, 103.00, 5, 2, 30, 'Jugend', 140, '+102', 2, NULL, 101, 41, 60, 1, 0),
(17, 100039, NULL, NULL, NULL, 0, 0, 0, 14004, 0, 88.00, 37, 15, 40, 'Junioren', 110, '-89', 3, NULL, 210, 90, 120, 1, 0),
(17, 100040, NULL, NULL, NULL, 0, 0, 0, 14004, 0, 108.00, 34, 13, 40, 'Junioren', 140, '-109', 3, NULL, 245, 110, 135, 1, 0),
(17, 100041, NULL, NULL, NULL, 0, 0, 0, 14004, 0, 80.00, 30, 11, 40, 'Junioren', 100, '-81', 3, NULL, 200, 90, 110, 1, 0),
(17, 100042, NULL, NULL, NULL, 0, 0, 0, 14011, 0, 72.00, 33, 12, 110, 'Masters (1)', 90, '-73', 3, NULL, 170, 80, 90, 1, 0),
(17, 100043, NULL, NULL, NULL, 0, 0, 0, 14007, 0, 88.00, 39, 17, 150, 'Masters (5)', 110, '-89', 3, NULL, 255, 120, 135, 1, 0),
(17, 100044, NULL, NULL, '2022-11-10 00:00:00', 0, 0, 0, 14005, 0, 72.00, 11, 5, 200, 'Masters (10)', 90, '-73', 3, NULL, 175, 80, 95, 1, 0),
(17, 100045, NULL, NULL, NULL, 0, 0, 0, 14005, 0, 95.00, 14, 7, 110, 'Masters (1)', 120, '-96', 3, NULL, 240, 110, 130, 1, 0),
(17, 100046, NULL, NULL, NULL, 0, 0, 0, 14010, 0, 101.00, 28, 10, 40, 'Junioren', 130, '-102', 3, NULL, 270, 120, 150, 1, 0),
(17, 100047, NULL, NULL, NULL, 0, 0, 0, 14008, 0, 108.00, 8, 3, 40, 'Junioren', 140, '-109', 3, NULL, 200, 90, 110, 1, 0),
(17, 100048, NULL, NULL, NULL, 0, 0, 0, 14005, 0, 80.00, 17, 8, 50, 'Aktive', 100, '-81', 3, NULL, 225, 100, 125, 1, 0),
(21, 6269, NULL, NULL, '2022-12-02 16:30:51', 0, NULL, 0, NULL, 0, 60.00, 5, NULL, 130, 'Masters (3)', 80, '-64', NULL, NULL, 90, 40, 50, 1, 0),
(21, 12989, NULL, NULL, '2022-12-02 16:29:59', 0, NULL, 0, NULL, 0, NULL, 1, NULL, 40, 'Junioren', NULL, NULL, NULL, NULL, NULL, NULL, NULL, NULL, 0),
(21, 13528, NULL, NULL, '2022-12-02 16:31:27', 0, NULL, 0, NULL, 0, NULL, 8, NULL, 110, 'Masters (1)', NULL, NULL, NULL, NULL, NULL, NULL, NULL, NULL, 0),
(21, 13730, NULL, NULL, '2022-12-02 16:30:28', 0, NULL, 0, NULL, 0, NULL, 3, NULL, 50, 'Aktive', NULL, NULL, NULL, NULL, NULL, NULL, NULL, NULL, 0),
(21, 21659, NULL, NULL, '2022-12-03 06:29:13', 0, NULL, 0, NULL, 0, NULL, 10, NULL, 100, 'Masters (0)', NULL, NULL, NULL, NULL, NULL, NULL, NULL, NULL, 0),
(21, 21722, NULL, 62.90, '2022-12-03 19:20:50', 0, NULL, 0, NULL, 0, NULL, 2, NULL, 30, 'Jugend', 80, '-67', NULL, NULL, NULL, NULL, NULL, 1, 0),
(21, 21732, NULL, 61.80, '2022-12-03 19:20:50', 0, NULL, 0, NULL, 0, NULL, 1, NULL, 30, 'Jugend', 80, '-67', NULL, NULL, NULL, NULL, NULL, 1, 0),
(21, 21734, NULL, NULL, '2022-12-02 16:31:13', 0, NULL, 0, NULL, 0, NULL, 7, NULL, 30, 'Jugend', NULL, NULL, NULL, NULL, NULL, NULL, NULL, NULL, 0),
(21, 22759, NULL, NULL, '2022-12-03 06:29:36', 0, NULL, 0, NULL, 0, NULL, 12, NULL, 50, 'Aktive', NULL, NULL, NULL, NULL, NULL, NULL, NULL, NULL, 0),
(21, 22926, NULL, NULL, '2022-12-03 06:28:59', 0, NULL, 0, NULL, 0, NULL, 9, NULL, 50, 'Aktive', NULL, NULL, NULL, NULL, NULL, NULL, NULL, NULL, 0),
(21, 23344, NULL, NULL, '2022-12-03 06:29:23', 0, NULL, 0, NULL, 0, NULL, 11, NULL, 50, 'Aktive', NULL, NULL, NULL, NULL, NULL, NULL, NULL, NULL, 0),
(21, 23377, NULL, NULL, '2022-12-03 06:29:53', 0, NULL, 0, NULL, 0, NULL, 13, NULL, 50, 'Aktive', NULL, NULL, NULL, NULL, NULL, NULL, NULL, NULL, 0),
(21, 23553, NULL, NULL, '2022-12-02 16:30:39', 0, NULL, 0, NULL, 0, NULL, 4, NULL, 50, 'Aktive', NULL, NULL, NULL, NULL, NULL, NULL, NULL, NULL, 0),
(21, 23855, NULL, NULL, '2022-12-03 06:30:11', 0, NULL, 0, NULL, 0, NULL, 14, NULL, 50, 'Aktive', NULL, NULL, NULL, NULL, NULL, NULL, NULL, NULL, 0),
(22, 4555, NULL, 93.20, '2022-04-30 21:16:36', 0, NULL, 0, NULL, 0, 93.20, 9, NULL, 110, 'Masters (1)', 120, '-96', NULL, NULL, NULL, NULL, NULL, 1, 0),
(22, 9448, NULL, 84.00, '2022-04-30 21:16:36', 0, NULL, 0, NULL, 0, 84.00, 14, NULL, 100, 'Masters (0)', 120, '-87', NULL, NULL, NULL, NULL, NULL, 1, 0),
(22, 9549, NULL, 63.70, '2022-04-30 21:16:36', 0, NULL, 0, NULL, 0, 63.70, 12, NULL, 100, 'Masters (0)', 80, '-67', NULL, NULL, NULL, NULL, NULL, 1, 0),
(22, 10632, NULL, 88.70, '2022-04-30 21:16:36', 0, NULL, 0, NULL, 0, 88.70, 7, NULL, 50, 'Aktive', 110, '-89', NULL, NULL, NULL, NULL, NULL, 1, 0),
(22, 10912, NULL, 100.40, '2022-04-30 21:16:36', 0, NULL, 0, NULL, 0, 100.40, 8, NULL, 50, 'Aktive', 130, '-102', NULL, NULL, NULL, NULL, NULL, 1, 0),
(22, 11188, NULL, 73.50, '2022-04-30 21:16:36', 0, NULL, 0, NULL, 0, 73.50, 20, NULL, 50, 'Aktive', 100, '-76', NULL, NULL, NULL, NULL, NULL, 1, 0),
(22, 11226, NULL, 75.20, '2022-04-30 21:16:36', 0, NULL, 0, NULL, 0, 75.20, 11, NULL, 50, 'Aktive', 100, '-81', NULL, NULL, NULL, NULL, NULL, 1, 0),
(22, 11439, NULL, 109.40, '2022-04-30 21:16:36', 0, NULL, 0, NULL, 0, 109.40, 22, NULL, 50, 'Aktive', 150, '+109', NULL, NULL, NULL, NULL, NULL, 1, 0),
(22, 11726, NULL, 68.40, '2022-04-30 21:16:36', 0, NULL, 0, NULL, 0, 68.40, 24, NULL, 50, 'Aktive', 90, '-71', NULL, NULL, NULL, NULL, NULL, 1, 0),
(22, 12056, NULL, 72.70, '2022-04-30 21:16:36', 0, NULL, 0, NULL, 0, 72.70, 4, NULL, 50, 'Aktive', 90, '-73', NULL, NULL, NULL, NULL, NULL, 1, 0),
(22, 12371, NULL, 51.80, '2022-04-30 21:16:36', 0, NULL, 0, NULL, 0, 51.80, 21, NULL, 100, 'Masters (0)', 60, '-55', NULL, NULL, NULL, NULL, NULL, 1, 0),
(22, 12885, NULL, 89.60, '2022-04-30 21:16:36', 0, NULL, 0, NULL, 0, 89.60, 5, NULL, 50, 'Aktive', 120, '-96', NULL, NULL, NULL, NULL, NULL, 1, 0),
(22, 20059, NULL, 61.60, '2022-04-30 21:16:36', 0, NULL, 0, NULL, 0, 61.60, 23, NULL, 50, 'Aktive', 80, '-64', NULL, NULL, NULL, NULL, NULL, 1, 0),
(22, 20169, NULL, 74.70, '2022-04-30 21:16:36', 0, NULL, 0, NULL, 0, 74.70, 6, NULL, 50, 'Aktive', 100, '-81', NULL, NULL, NULL, NULL, NULL, 1, 0),
(22, 20640, NULL, 90.10, '2022-04-30 21:16:36', 0, NULL, 0, NULL, 0, 90.10, 19, NULL, 50, 'Aktive', 120, '-96', NULL, NULL, NULL, NULL, NULL, 1, 0),
(22, 20987, NULL, 59.80, '2022-04-30 21:16:36', 0, NULL, 0, NULL, 0, 59.80, 2, NULL, 40, 'Junioren', 80, '-64', NULL, NULL, NULL, NULL, NULL, 1, 0),
(22, 21057, NULL, 58.30, '2022-04-30 21:16:36', 0, NULL, 0, NULL, 0, 58.30, 3, NULL, 50, 'Aktive', 70, '-59', NULL, NULL, NULL, NULL, NULL, 1, 0),
(22, 21580, NULL, 108.30, '2022-04-30 21:16:36', 0, NULL, 0, NULL, 0, 108.30, 1, NULL, 110, 'Masters (1)', 140, '-109', NULL, NULL, NULL, NULL, NULL, 1, 0),
(22, 21740, NULL, 156.70, '2022-04-30 21:16:36', 0, NULL, 0, NULL, 0, 156.70, 15, NULL, 50, 'Aktive', 150, '+109', NULL, NULL, NULL, NULL, NULL, 1, 0),
(22, 22305, NULL, 77.80, '2022-04-30 21:16:36', 0, NULL, 0, NULL, 0, 77.80, 10, NULL, 100, 'Masters (0)', 100, '-81', NULL, NULL, NULL, NULL, NULL, 1, 0),
(22, 22517, NULL, 76.10, '2022-04-30 21:16:36', 0, NULL, 0, NULL, 0, 76.10, 18, NULL, 100, 'Masters (0)', 100, '-81', NULL, NULL, NULL, NULL, NULL, 1, 0),
(22, 22524, NULL, 60.50, '2022-04-30 21:16:36', 0, NULL, 0, NULL, 0, 60.50, 13, NULL, 50, 'Aktive', 80, '-64', NULL, NULL, NULL, NULL, NULL, 1, 0),
(22, 22538, NULL, 119.20, '2022-04-30 21:16:36', 0, NULL, 0, NULL, 0, 119.20, 17, NULL, 50, 'Aktive', 150, '+109', NULL, NULL, NULL, NULL, NULL, 1, 0),
(22, 23017, NULL, 69.60, '2022-04-30 21:16:36', 0, NULL, 0, NULL, 0, 69.60, 16, NULL, 50, 'Aktive', 90, '-71', NULL, NULL, NULL, NULL, NULL, 1, 0),
(23, 6141, NULL, 62.00, '2020-01-19 00:51:29', 0, NULL, 0, NULL, 0, NULL, 3, NULL, 110, 'Masters (1)', 80, '-67', NULL, NULL, NULL, NULL, NULL, 1, 0),
(23, 9200, NULL, 80.30, '2020-01-19 00:51:29', 0, NULL, 0, NULL, 0, NULL, 7, NULL, 100, 'Masters (0)', 100, '-81', NULL, NULL, NULL, NULL, NULL, 1, 0),
(23, 11336, NULL, 60.90, '2020-01-19 00:51:28', 0, NULL, 0, NULL, 0, NULL, 14, NULL, 50, 'Aktive', 70, '-61', NULL, NULL, NULL, NULL, NULL, 1, 0),
(23, 11357, NULL, 99.30, '2020-01-19 00:51:29', 0, NULL, 0, NULL, 0, NULL, 2, NULL, 50, 'Aktive', 130, '-102', NULL, NULL, NULL, NULL, NULL, 1, 0),
(23, 11912, NULL, 81.10, '2020-01-19 00:51:28', 0, NULL, 0, NULL, 0, NULL, 1, NULL, 50, 'Aktive', 110, '-89', NULL, NULL, NULL, NULL, NULL, 1, 0),
(23, 12043, NULL, NULL, '2020-01-18 08:43:41', 0, NULL, 0, NULL, 0, NULL, 9, NULL, 50, 'Aktive', NULL, NULL, NULL, NULL, NULL, NULL, NULL, NULL, 0),
(23, 12144, NULL, 84.30, '2020-01-19 00:51:29', 0, NULL, 0, NULL, 0, NULL, 6, NULL, 50, 'Aktive', 110, '-89', NULL, NULL, NULL, NULL, NULL, 1, 0),
(23, 12366, NULL, 79.50, '2020-01-19 00:51:05', 0, NULL, 0, NULL, 0, NULL, 13, NULL, 40, 'Junioren', 110, '-81', NULL, NULL, NULL, NULL, NULL, 1, 0),
(23, 12438, NULL, 86.10, '2020-01-19 00:51:29', 0, NULL, 0, NULL, 0, NULL, 16, NULL, 50, 'Aktive', 110, '-89', NULL, NULL, NULL, NULL, NULL, 1, 0),
(23, 12765, NULL, NULL, '2020-01-18 08:43:55', 0, NULL, 0, NULL, 0, NULL, 12, NULL, 40, 'Junioren', NULL, NULL, NULL, NULL, NULL, NULL, NULL, NULL, 0),
(23, 13528, NULL, 105.00, '2020-01-19 00:51:28', 0, NULL, 0, NULL, 0, NULL, 15, NULL, 100, 'Masters (0)', 140, '-109', NULL, NULL, NULL, NULL, NULL, 1, 0),
(23, 13730, NULL, 63.70, '2020-01-19 00:51:28', 0, NULL, 0, NULL, 0, NULL, 10, NULL, 50, 'Aktive', 80, '-64', NULL, NULL, NULL, NULL, NULL, 1, 0),
(23, 13731, NULL, NULL, '2020-01-18 08:42:56', 0, NULL, 0, NULL, 0, NULL, 8, NULL, 100, 'Masters (0)', NULL, NULL, NULL, NULL, NULL, NULL, NULL, NULL, 0),
(23, 22213, NULL, 91.40, '2020-01-19 00:51:28', 0, NULL, 0, NULL, 0, NULL, 11, NULL, 50, 'Aktive', 120, '-96', NULL, NULL, NULL, NULL, NULL, 1, 0),
(23, 22271, NULL, 58.30, '2020-01-19 00:51:29', 0, NULL, 0, NULL, 0, NULL, 5, NULL, 50, 'Aktive', 70, '-59', NULL, NULL, NULL, NULL, NULL, 1, 0),
(23, 22282, NULL, 57.80, '2020-01-19 00:51:29', 0, NULL, 0, NULL, 0, NULL, 4, NULL, 50, 'Aktive', 70, '-59', NULL, NULL, NULL, NULL, NULL, 1, 0),
(26, 10632, NULL, NULL, '2023-01-27 17:59:10', 0, NULL, 0, NULL, 0, 89.70, 1, NULL, 50, 'Aktive', 120, '-96', 2, NULL, 270, 120, 150, 1, 0),
(26, 10912, NULL, NULL, '2023-01-27 17:58:34', 0, NULL, 0, NULL, 0, 102.60, 5, NULL, 50, 'Aktive', 140, '-109', 2, NULL, 290, 130, 160, 1, 0),
(26, 11943, NULL, NULL, '2023-01-28 11:50:35', 0, NULL, 0, NULL, 0, 102.60, 14, NULL, 50, 'Aktive', 140, '-109', 2, NULL, 310, 140, 170, 1, 0),
(26, 12056, NULL, NULL, '2023-01-27 17:58:44', 0, NULL, 0, NULL, 0, 73.70, 2, NULL, 50, 'Aktive', 100, '-81', 1, NULL, 240, 110, 130, 1, 0),
(26, 12506, NULL, NULL, '2023-01-28 11:49:59', 0, NULL, 0, NULL, 0, 89.10, 13, NULL, 50, 'Aktive', 120, '-96', 2, NULL, 300, 135, 165, 1, 0),
(26, 12915, NULL, NULL, '2023-01-28 11:49:50', 0, NULL, 0, NULL, 0, 72.60, 12, NULL, 50, 'Aktive', 90, '-73', 1, NULL, 205, 90, 115, 1, 0),
(26, 20663, NULL, NULL, '2023-01-27 17:59:27', 0, NULL, 0, NULL, 0, 104.20, 3, NULL, 100, 'Masters (0)', 140, '-109', 2, NULL, 340, 150, 190, 1, 0),
(26, 21057, NULL, NULL, '2023-01-27 17:59:37', 0, NULL, 0, NULL, 0, 58.90, 4, NULL, 50, 'Aktive', 70, '-59', 1, NULL, 155, 65, 90, 1, 0),
(26, 21331, NULL, NULL, '2023-01-27 17:59:54', 0, NULL, 0, NULL, 0, 74.60, 6, NULL, 40, 'Junioren', 100, '-81', NULL, NULL, 195, 80, 115, 1, 0),
(26, 22308, NULL, NULL, '2023-01-28 11:50:21', 0, NULL, 0, 14007, 0, 90.50, 9, NULL, 50, 'Aktive', 120, '-96', 2, NULL, 320, 140, 180, 1, 0),
(26, 22643, NULL, NULL, '2023-01-28 11:50:46', 0, NULL, 0, 14007, 0, 55.00, 10, NULL, 100, 'Masters (0)', 60, '-55', 1, NULL, 118, 53, 65, 1, 0),
(26, 23254, NULL, NULL, '2023-01-27 17:58:57', 0, NULL, 0, NULL, 0, 80.30, 7, NULL, 50, 'Aktive', 100, '-81', 1, NULL, 295, 135, 160, 1, 0),
(26, 23675, NULL, NULL, '2023-01-28 11:50:59', 0, NULL, 0, NULL, 0, 91.60, 8, NULL, 50, 'Aktive', 120, '-96', 1, NULL, 313, 138, 175, 1, 0),
(26, 23832, NULL, NULL, '2023-01-28 11:50:08', 0, NULL, 0, 14007, 1, 84.70, 11, NULL, 50, 'Aktive', 110, '-89', 1, NULL, 230, 100, 130, 1, 0),
(27, 10960, NULL, NULL, '2023-03-11 09:14:15', 0, NULL, 0, NULL, 0, 98.60, 5, NULL, 100, 'Masters (0)', 130, '-102', 1, NULL, 285, 125, 160, 1, 0),
(27, 11439, NULL, NULL, '2023-03-11 09:14:23', 0, NULL, 0, NULL, 0, 114.70, 6, NULL, 50, 'Aktive', 150, '+109', 2, NULL, 320, 145, 175, 1, 0),
(27, 11943, NULL, NULL, '2023-03-11 10:43:02', 0, NULL, 0, NULL, 0, 103.20, 12, NULL, 50, 'Aktive', 140, '-109', 2, NULL, 300, 135, 165, 1, 0),
(27, 12156, NULL, NULL, '2023-03-11 09:14:46', 0, NULL, 0, NULL, 0, 113.30, 1, NULL, 100, 'Masters (0)', 150, '+109', 2, NULL, 340, 150, 190, 1, 0),
(27, 12206, NULL, NULL, '2023-03-11 09:14:57', 0, NULL, 0, NULL, 0, 82.40, 3, NULL, 50, 'Aktive', 120, '-87', 1, NULL, 190, 85, 105, 1, 0),
(27, 12506, NULL, NULL, '2023-03-11 10:42:18', 0, NULL, 0, NULL, 0, 88.60, 14, NULL, 50, 'Aktive', 110, '-89', 2, NULL, 300, 135, 165, 1, 0),
(27, 12780, NULL, NULL, '2023-03-11 09:15:14', 0, NULL, 0, NULL, 0, NULL, 8, NULL, 50, 'Aktive', NULL, NULL, NULL, NULL, NULL, NULL, NULL, 0, 0),
(27, 12911, NULL, NULL, '2023-03-11 09:14:35', 0, NULL, 0, NULL, 0, 76.00, 7, NULL, 50, 'Aktive', 100, '-81', 2, NULL, 280, 130, 150, 1, 0),
(27, 21735, NULL, NULL, '2023-03-11 10:42:50', 0, NULL, 0, NULL, 0, 70.00, 11, NULL, 30, 'Jugend', 90, '-71', 1, NULL, 130, 55, 75, 1, 0),
(27, 21938, NULL, NULL, '2023-03-11 10:42:37', 0, NULL, 0, NULL, 0, 104.00, 13, NULL, 50, 'Aktive', 140, '-109', 2, NULL, 320, 145, 175, 1, 0),
(27, 22403, NULL, NULL, '2023-03-11 09:15:34', 0, NULL, 0, NULL, 0, NULL, 4, NULL, 120, 'Masters (2)', NULL, NULL, NULL, NULL, NULL, NULL, NULL, 0, 0),
(27, 22643, NULL, NULL, '2023-03-11 10:43:12', 0, NULL, 0, NULL, 0, 54.40, 9, NULL, 100, 'Masters (0)', 60, '-55', 1, NULL, 118, 53, 65, 1, 0),
(27, 23171, NULL, NULL, '2023-03-11 09:14:05', 0, NULL, 0, NULL, 0, 62.70, 2, NULL, 100, 'Masters (0)', 80, '-64', 1, NULL, 191, 83, 108, 1, 0),
(27, 23832, NULL, NULL, '2023-03-11 10:42:27', 0, NULL, 0, NULL, 0, 84.40, 10, NULL, 50, 'Aktive', 110, '-89', 1, NULL, 235, 105, 130, 1, 0),
(28, 102, 6, NULL, '2023-05-08 00:00:00', 0, NULL, 0, 14007, 0, 66.40, 1, 1, 30, 'Jugend', 80, '-67', 1, NULL, 160, 75, 85, 1, 0),
(28, 103, 7, NULL, '2023-05-08 00:00:00', 0, NULL, 0, 14007, 0, 69.20, 25, 9, 30, 'Jugend', 90, '-73', 1, NULL, 145, 65, 80, 1, 0),
(28, 209, 1, NULL, '2023-05-08 00:00:00', 0, NULL, 0, 14005, 0, 58.00, 10, 5, 22, 'Schüler', 70, '-61', 1, NULL, 120, 55, 65, 1, 0),
(28, 301, 8, NULL, '2023-05-08 00:00:00', 0, NULL, 0, 14010, 0, NULL, 12, NULL, 30, 'Jugend', NULL, '-73', 1, NULL, NULL, NULL, NULL, 0, 0),
(28, 307, 5, NULL, '2023-05-08 00:00:00', 0, NULL, 0, 14010, 0, 65.60, 26, 10, 22, 'Schüler', 80, '-67', 1, NULL, 132, 60, 72, 1, 0),
(28, 308, 11, NULL, '2023-05-08 00:00:00', 0, NULL, 0, 14010, 0, 89.10, 29, 11, 22, 'Schüler', 120, '-96', 1, NULL, 154, 72, 82, 1, 0),
(28, 606, 9, NULL, '2023-05-08 00:00:00', 0, NULL, 0, 14004, 0, 79.50, 2, 2, 22, 'Schüler', 100, '-81', 1, NULL, 170, 75, 95, 1, 0),
(28, 607, 4, NULL, '2023-05-08 00:00:00', 0, NULL, 0, 14004, 0, NULL, 17, NULL, 22, 'Schüler', 70, '-61', 1, NULL, NULL, NULL, NULL, 0, 0),
(28, 608, 3, NULL, '2023-05-08 00:00:00', 0, NULL, 0, 14004, 0, 57.10, 19, 8, 22, 'Schüler', 70, '-61', 1, NULL, 110, 45, 65, 1, 0),
(28, 11943, 29, NULL, '2023-05-08 00:00:00', 0, NULL, 0, 14007, 0, 103.20, 4, NULL, 50, 'Aktive', 140, '-109', 2, NULL, 290, 130, 160, 1, 0),
(28, 100019, 30, NULL, NULL, 0, NULL, 0, 14009, 0, 97.50, NULL, NULL, 50, 'Aktive', 130, '-102', 2, NULL, 185, 85, 100, 1, 0),
(28, 100032, 14, NULL, '2023-05-08 00:00:00', 0, NULL, 0, 14005, 0, 67.00, 28, NULL, 40, 'Junioren', 80, '-67', 2, NULL, 195, 85, 110, 1, 0),
(28, 100037, 18, NULL, '2023-05-08 00:00:00', 0, NULL, 0, 14005, 0, 83.40, 23, NULL, 40, 'Junioren', 110, '-89', 2, NULL, 170, 75, 95, 1, 0),
(28, 100038, 26, NULL, '2023-05-08 00:00:00', 0, NULL, 0, 14008, 0, 105.60, 20, NULL, 40, 'Junioren', 140, '-109', 2, NULL, 150, 70, 80, 1, 0),
(28, 100039, 19, NULL, '2023-05-08 00:00:00', 0, NULL, 0, 14004, 0, 89.00, 3, NULL, 40, 'Junioren', 110, '-89', 2, NULL, 220, 100, 120, 1, 0),
(28, 100040, 25, NULL, '2023-05-08 00:00:00', 0, NULL, 0, 14004, 0, 121.00, 27, NULL, 40, 'Junioren', 150, '+109', 2, NULL, 260, 110, 150, 1, 0),
(28, 100041, 17, NULL, '2023-05-08 00:00:00', 0, NULL, 0, 14004, 0, 80.40, 8, NULL, 40, 'Junioren', 100, '-81', 2, NULL, 250, 110, 140, 1, 0),
(28, 100043, 13, NULL, '2023-05-08 00:00:00', 0, NULL, 0, 14007, 0, 94.50, 15, 7, 150, 'Masters (0)', 120, '-96', 1, NULL, 145, 65, 80, 1, 0),
(28, 100052, 2, NULL, '2023-05-08 00:00:00', 0, NULL, 0, 14010, 0, 62.50, 14, 6, 22, 'Schüler', 80, '-67', 1, NULL, 102, 45, 57, 1, 0),
(28, 100053, 10, NULL, '2023-05-08 00:00:00', 0, NULL, 0, 2016, 0, 79.60, 9, 4, 30, 'Jugend', 100, '-81', 1, NULL, 135, 60, 75, 1, 0),
(28, 100054, 12, NULL, '2023-05-08 00:00:00', 0, NULL, 0, 22070, 0, 98.00, 7, 3, 30, 'Jugend', 130, '-102', 1, NULL, 230, 105, 125, 1, 0),
(28, 100055, 15, NULL, '2023-05-08 00:00:00', 0, NULL, 0, 14005, 0, 70.40, 6, NULL, 40, 'Junioren', 90, '-73', 2, NULL, 124, 57, 67, 1, 0),
(28, 100056, 16, NULL, '2023-05-08 00:00:00', 0, NULL, 0, 14010, 0, 68.20, 5, NULL, 50, 'Aktive', 90, '-73', 2, NULL, 160, 70, 90, 1, 0),
(28, 100057, 20, NULL, '2023-05-08 00:00:00', 0, NULL, 0, 2016, 0, 88.90, 13, NULL, 50, 'Aktive', 110, '-89', 2, NULL, 197, 90, 107, 1, 0),
(28, 100058, 21, NULL, '2023-05-08 00:00:00', 0, NULL, 0, 14004, 0, 95.20, 22, NULL, 50, 'Aktive', 120, '-96', 2, NULL, 210, 95, 115, 1, 0),
(28, 100059, 22, NULL, '2023-05-08 00:00:00', 0, NULL, 0, 2016, 0, 95.30, 16, NULL, 40, 'Junioren', 120, '-96', 2, NULL, 268, 118, 150, 1, 0),
(28, 100060, 23, NULL, '2023-05-08 00:00:00', 0, NULL, 0, 14005, 0, 97.60, 21, NULL, 50, 'Aktive', 130, '-102', 2, NULL, 290, 130, 160, 1, 0),
(28, 100061, 24, NULL, '2023-05-08 00:00:00', 0, NULL, 0, 14010, 0, 90.30, 18, NULL, 50, 'Aktive', 120, '-96', 2, NULL, 200, 90, 110, 1, 0),
(28, 100062, 27, NULL, '2023-05-08 00:00:00', 0, NULL, 0, 15001, 0, 134.50, 24, NULL, 40, 'Junioren', 150, '+109', 2, NULL, 270, 115, 155, 1, 0),
(28, 100063, 28, NULL, '2023-05-08 00:00:00', 0, NULL, 0, 14008, 0, NULL, 11, NULL, 40, 'Junioren', 80, '-67', 2, NULL, NULL, NULL, NULL, 0, 0),
(28, 100064, 31, NULL, NULL, 0, NULL, 0, 14009, 0, 88.00, NULL, NULL, 50, 'Aktive', 110, '-89', 2, NULL, 190, 85, 105, 1, 0),
(29, 8503, 3, 59.00, NULL, 0, NULL, 0, 2003, 0, 60.60, 13, 4, 50, 'Senior', 80, '-64', 1, NULL, 190, 85, 105, 1, 0),
(29, 9448, 19, 81.00, NULL, 0, NULL, 0, 9007, 0, 84.70, 28, 28, 50, 'Senior', 120, '-87', 2, NULL, 201, 93, 108, 1, 0),
(29, 9549, 35, 67.00, NULL, 0, NULL, 0, 9010, 0, 63.00, 29, 44, 50, 'Senior', 80, '-67', 3, NULL, 265, 125, 140, 1, 0),
(29, 10632, 30, 81.00, NULL, 0, NULL, 0, 2033, 0, 92.10, 33, 47, 50, 'Senior', 120, '-96', 3, NULL, 330, 145, 185, 1, 0),
(29, 11226, 31, 73.00, NULL, 0, NULL, 0, 9007, 0, 74.80, 32, 46, 50, 'Senior', 100, '-81', 3, NULL, 310, 140, 170, 1, 0),
(29, 11726, 33, 71.00, NULL, 0, NULL, 0, 9010, 0, 72.60, 11, 39, 50, 'Senior', 100, '-76', 3, NULL, 215, 100, 115, 1, 0),
(29, 12206, 2, 87.00, NULL, 0, NULL, 0, 15009, 0, 81.40, 17, 5, 50, 'Senior', 120, '-87', 1, NULL, 195, 85, 110, 1, 0),
(29, 12506, 32, 89.00, NULL, 0, NULL, 0, 14007, 0, 92.20, 34, 48, 45, 'U23', 120, '-96', 3, NULL, 310, 140, 170, 1, 0),
(29, 12780, 36, 55.00, NULL, 0, NULL, 0, 15009, 0, NULL, 12, NULL, 45, 'U23', 60, '-55', 3, NULL, NULL, NULL, NULL, 0, 0),
(29, 12911, 29, 73.00, NULL, 0, NULL, 0, 15009, 0, 74.70, 30, 45, 45, 'U23', 100, '-81', 3, NULL, 305, 140, 165, 1, 0),
(29, 20251, 4, 59.00, NULL, 0, NULL, 0, 3013, 0, NULL, 10, NULL, 40, 'Junior', 70, '-59', 1, NULL, NULL, NULL, NULL, 0, 0),
(29, 100010, 17, 71.00, NULL, 0, NULL, 0, 9007, 0, 72.20, 18, 25, 45, 'U23', 100, '-76', 2, NULL, 195, 90, 105, 1, 0),
(29, 100041, 34, 81.00, NULL, 0, NULL, 0, 14004, 0, 81.30, 15, 40, 40, 'Junior', 110, '-89', 3, NULL, 290, 130, 160, 1, 0),
(29, 100060, 18, 96.00, NULL, 0, NULL, 0, 14005, 0, 97.60, 16, 24, 45, 'U23', 130, '-102', 2, NULL, 320, 140, 180, 1, 0),
(29, 100064, 1, 81.00, NULL, 0, NULL, 0, 0, 0, 84.00, 3, 1, 50, 'Senior', 110, '-81', 1, NULL, 205, 92, 113, 1, 0),
(29, 100065, 5, 81.00, NULL, 0, NULL, 0, 0, 0, 86.50, 19, 6, 40, 'Junior', 120, '-87', 1, NULL, 190, 85, 105, 1, 0),
(29, 100066, 6, 71.00, NULL, 0, NULL, 0, 0, 0, 76.20, 35, 10, 40, 'Junior', 110, '-81', 1, NULL, 180, 80, 100, 1, 0),
(29, 100067, 7, 81.00, NULL, 0, NULL, 0, 14004, 0, 77.40, 31, 9, 50, 'Senior', 110, '-81', 1, NULL, 190, 85, 105, 1, 0),
(29, 100069, 9, 102.00, NULL, 0, NULL, 0, 0, 0, 99.50, 7, 2, 50, 'Senior', 130, '-102', 1, NULL, 308, 138, 170, 1, 0),
(29, 100070, 10, 64.00, NULL, 0, NULL, 0, 0, 0, 64.70, 39, 12, 50, 'Senior', 90, '-71', 1, NULL, 155, 65, 90, 1, 0),
(29, 100071, 11, 55.00, NULL, 0, NULL, 0, 0, 0, 55.40, 38, 11, 50, 'Senior', 70, '-59', 1, NULL, 150, 70, 80, 1, 0),
(29, 100072, 12, 64.00, NULL, 0, NULL, 0, 0, 0, 63.00, 43, 13, 50, 'Senior', 80, '-64', 1, NULL, 163, 70, 93, 1, 0),
(29, 100073, 13, 76.00, NULL, 0, NULL, 0, 0, 0, 74.00, 27, 8, 50, 'Senior', 100, '-76', 1, NULL, 195, 90, 105, 1, 0),
(29, 100074, 14, 61.00, NULL, 0, NULL, 0, 0, 0, 61.10, 20, 7, 50, 'Senior', 80, '-67', 1, NULL, 250, 110, 140, 1, 0),
(29, 100075, 15, 55.00, NULL, 0, NULL, 0, 0, 0, 54.80, 1, 19, 40, 'Junior', 60, '-55', 2, NULL, 160, 73, 87, 1, 0),
(29, 100076, 16, 71.00, NULL, 0, NULL, 0, 0, 0, 70.70, 4, 20, 50, 'Senior', 90, '-71', 2, NULL, 195, 85, 110, 1, 0),
(29, 100077, 20, 73.00, NULL, 0, NULL, 0, 0, 0, 73.80, 14, 23, 40, 'Junior', 100, '-81', 2, NULL, 210, 90, 120, 1, 0),
(29, 100078, 21, 89.00, NULL, 0, NULL, 0, 0, 0, 95.20, 6, 21, 50, 'Senior', 120, '-96', 2, NULL, 300, 130, 170, 1, 0),
(29, 100079, 22, 96.00, NULL, 0, NULL, 0, 0, 0, 95.70, 9, 22, 40, 'Junior', 120, '-96', 2, NULL, 302, 137, 165, 1, 0),
(29, 100080, 23, 49.00, NULL, 0, NULL, 0, 0, 0, 48.90, 36, 29, 50, 'Senior', 50, '-49', 2, NULL, 142, 62, 80, 1, 0),
(29, 100081, 24, 102.00, NULL, 0, NULL, 0, 0, 0, 100.10, 41, 30, 50, 'Senior', 130, '-102', 2, NULL, 340, 150, 190, 1, 0),
(29, 100082, 25, 81.00, NULL, 0, NULL, 0, 0, 0, NULL, 26, NULL, 50, 'Senior', 110, '-81', 2, NULL, NULL, NULL, NULL, 0, 0),
(29, 100083, 26, 55.00, NULL, 0, NULL, 0, 0, 0, 55.00, 25, 27, 45, 'U23', 60, '-55', 2, NULL, 176, 78, 98, 1, 0),
(29, 100084, 27, 73.00, NULL, 0, NULL, 0, 0, 0, 72.80, 21, 26, 50, 'Senior', 90, '-73', 2, NULL, 300, 130, 170, 1, 0),
(29, 100085, 28, 59.00, NULL, 0, NULL, 0, 0, 0, 58.40, 2, 37, 45, 'U23', 70, '-59', 3, NULL, 198, 88, 110, 1, 0),
(29, 100086, 37, 76.00, NULL, 0, NULL, 0, 0, 0, 73.10, 5, 38, 50, 'Senior', 100, '-76', 3, NULL, 191, 85, 106, 1, 0),
(29, 100087, 38, 73.00, NULL, 0, NULL, 0, 0, 0, 75.50, 40, 49, 50, 'Senior', 100, '-81', 3, NULL, 295, 130, 165, 1, 0),
(29, 100088, 39, 81.00, NULL, 0, NULL, 0, 0, 0, 79.60, 42, 50, 50, 'Senior', 100, '-81', 3, NULL, 280, 120, 160, 1, 0),
(29, 100089, 40, 55.00, NULL, 0, NULL, 0, 0, 0, 58.80, 44, 51, 110, 'Masters (1)', 70, '-59', 3, NULL, 184, 82, 102, 1, 0),
(29, 100090, 41, 89.00, NULL, 0, NULL, 0, 0, 0, 88.50, 22, 41, 50, 'Senior', 110, '-89', 3, NULL, 360, 160, 200, 1, 0),
(29, 100091, 42, 81.00, NULL, 0, NULL, 0, 0, 0, 80.40, 23, 42, 50, 'Senior', 100, '-81', 3, NULL, 310, 140, 170, 1, 0),
(29, 100092, 43, 45.00, NULL, 0, NULL, 0, 0, 0, 42.00, 24, 43, 45, 'U23', 40, '-45', 3, NULL, 135, 60, 75, 1, 0),
(29, 100093, 44, 59.00, NULL, 0, NULL, 0, 0, 0, NULL, 37, NULL, 40, 'Junior', 70, '-59', 2, NULL, NULL, NULL, NULL, 0, 0),
(30, 9448, 16, NULL, NULL, 0, NULL, 0, 9007, 0, NULL, 35, NULL, 50, 'Aktive', 120, '-87', 1, NULL, NULL, NULL, NULL, NULL, 0),
(30, 200000, 1, NULL, NULL, 0, NULL, 0, 10003, 0, NULL, 43, NULL, 190, 'Masters (9)', 90, '-73', 6, NULL, NULL, NULL, NULL, NULL, 0),
(30, 200001, 2, NULL, NULL, 0, NULL, 0, 10003, 0, NULL, 24, NULL, 200, 'Masters (10)', 120, '-96', 6, NULL, NULL, NULL, NULL, NULL, 0),
(30, 200002, 4, NULL, NULL, 0, NULL, 0, 9001, 0, NULL, 56, NULL, 110, 'Masters (1)', 80, '-64', 4, NULL, NULL, NULL, NULL, NULL, 0),
(30, 200003, 5, NULL, NULL, 0, NULL, 0, 9001, 0, NULL, 45, NULL, 110, 'Masters (1)', 90, '-71', 4, NULL, NULL, NULL, NULL, NULL, 0),
(30, 200004, 6, NULL, NULL, 0, NULL, 0, 9001, 0, NULL, 41, NULL, 110, 'Masters (1)', 150, '+109', 6, NULL, NULL, NULL, NULL, NULL, 0),
(30, 200005, 7, NULL, NULL, 0, NULL, 0, 9001, 0, NULL, 30, NULL, 170, 'Masters (7)', 120, '-96', 6, NULL, NULL, NULL, NULL, NULL, 0),
(30, 200006, 8, NULL, NULL, 0, NULL, 0, 13004, 0, NULL, 37, NULL, 50, 'Aktive', 100, '-81', 5, NULL, NULL, NULL, NULL, NULL, 0),
(30, 200007, 9, NULL, NULL, 1, NULL, 0, 13004, 0, 64.00, 53, NULL, 50, 'Aktive', 80, '-64', 1, NULL, 220, 100, 120, 1, 0),
(30, 200008, 10, NULL, NULL, 1, NULL, 0, 13004, 0, 55.00, 63, NULL, 50, 'Aktive', 60, '-55', 1, NULL, NULL, 80, 95, NULL, 0),
(30, 200009, 11, NULL, NULL, 0, NULL, 0, 13004, 0, NULL, 17, NULL, 50, 'Aktive', 60, '-55', 1, NULL, NULL, NULL, NULL, NULL, 0),
(30, 200010, 12, NULL, NULL, 0, NULL, 0, 13004, 0, NULL, 40, NULL, 40, 'Junioren', 80, '-67', 3, NULL, NULL, NULL, NULL, NULL, 0),
(30, 200011, 13, NULL, NULL, 0, NULL, 0, 9005, 0, NULL, 57, NULL, 50, 'Aktive', 110, '-89', 5, NULL, NULL, NULL, NULL, NULL, 0),
(30, 200012, 14, NULL, NULL, 0, NULL, 0, 9005, 0, NULL, 70, NULL, 50, 'Aktive', 110, '-89', 5, NULL, NULL, NULL, NULL, NULL, 0),
(30, 200013, 15, NULL, NULL, 0, NULL, 0, 9005, 0, NULL, 44, NULL, 50, 'Aktive', 100, '-81', 5, NULL, NULL, NULL, NULL, NULL, 0),
(30, 200014, 3, NULL, NULL, 0, NULL, 0, 10003, 0, NULL, 34, NULL, 50, 'Aktive', 100, '-81', 5, NULL, NULL, NULL, NULL, NULL, 0),
(30, 200015, 17, NULL, NULL, 0, NULL, 0, 9007, 0, NULL, 50, NULL, 30, 'Jugend', 70, '-59', 4, NULL, NULL, NULL, NULL, NULL, 0);
INSERT INTO `meldung` (`Wettkampf`, `Teilnehmer`, `Sortierung`, `Gewicht`, `Meldedatum`, `Laenderwertung`, `Vereinswertung`, `Relativ_W`, `Team`, `a_K`, `Wiegen`, `Losnummer`, `Startnummer`, `idAK`, `AK`, `idGK`, `GK`, `Gruppe`, `GG`, `Zweikampf`, `Reissen`, `Stossen`, `attend`, `bezahlt`) VALUES
(30, 200016, 18, NULL, NULL, 0, NULL, 0, 9007, 0, NULL, 5, NULL, 40, 'Junioren', 110, '-81', 4, NULL, NULL, NULL, NULL, NULL, 0),
(30, 200018, 19, NULL, NULL, 1, NULL, 0, 9007, 0, 40.00, 23, NULL, 20, 'Schüler', 30, '-40', 2, NULL, 90, 40, 50, 1, 0),
(30, 200019, 20, NULL, NULL, 1, NULL, 0, 9007, 0, 61.00, 12, NULL, 20, 'Schüler', 70, '-61', 2, NULL, 132, 61, 71, 1, 0),
(30, 200020, 21, NULL, NULL, 0, NULL, 0, 9007, 0, NULL, 65, NULL, 30, 'Jugend', 110, '-89', 3, NULL, NULL, NULL, NULL, NULL, 0),
(30, 200021, 22, NULL, NULL, 0, NULL, 0, 9007, 0, NULL, 3, NULL, 30, 'Jugend', 110, '-89', 3, NULL, NULL, NULL, NULL, NULL, 0),
(30, 200022, 23, NULL, NULL, 0, NULL, 0, 10004, 0, NULL, 19, NULL, 50, 'Aktive', 110, '-81', 1, NULL, NULL, NULL, NULL, NULL, 0),
(30, 200023, 24, NULL, NULL, 0, NULL, 0, 10004, 0, NULL, 39, NULL, 50, 'Aktive', 70, '-59', 1, NULL, NULL, NULL, NULL, NULL, 0),
(30, 200024, 25, NULL, NULL, 0, NULL, 0, 9010, 0, NULL, 48, NULL, 50, 'Aktive', 100, '-76', 1, NULL, NULL, NULL, NULL, NULL, 0),
(30, 200025, 26, NULL, NULL, 0, NULL, 0, 9010, 0, NULL, 15, NULL, 50, 'Aktive', 100, '-76', 1, NULL, NULL, NULL, NULL, NULL, 0),
(30, 200026, 27, NULL, NULL, 0, NULL, 0, 9010, 0, NULL, 14, NULL, 50, 'Aktive', 80, '-64', 1, NULL, NULL, NULL, NULL, NULL, 0),
(30, 200027, 28, NULL, NULL, 0, NULL, 0, 9010, 0, NULL, 21, NULL, 100, 'Masters (0)', 80, '-64', 4, NULL, NULL, NULL, NULL, NULL, 0),
(30, 200028, 29, NULL, NULL, 0, NULL, 0, 9010, 0, NULL, 33, NULL, 30, 'Jugend', 130, '-102', 3, NULL, NULL, NULL, NULL, NULL, 0),
(30, 200029, 30, NULL, NULL, 0, NULL, 0, 9010, 0, NULL, 13, NULL, 100, 'Masters (0)', 130, '-102', 6, NULL, NULL, NULL, NULL, NULL, 0),
(30, 200030, 31, NULL, NULL, 0, NULL, 0, 9010, 0, NULL, 60, NULL, 100, 'Masters (0)', 110, '-89', 6, NULL, NULL, NULL, NULL, NULL, 0),
(30, 200031, 32, NULL, NULL, 0, NULL, 0, 9010, 0, NULL, 8, NULL, 110, 'Masters (1)', 110, '-89', 6, NULL, NULL, NULL, NULL, NULL, 0),
(30, 200032, 33, NULL, NULL, 0, NULL, 0, 9010, 0, NULL, 31, NULL, 110, 'Masters (1)', 110, '-89', 6, NULL, NULL, NULL, NULL, NULL, 0),
(30, 200033, 34, NULL, NULL, 0, NULL, 0, 9013, 0, 61.00, 73, NULL, 20, 'Schüler', 70, '-61', 2, NULL, 134, 62, 72, 1, 0),
(30, 200034, 35, NULL, NULL, 0, NULL, 0, 9013, 0, NULL, 74, NULL, 50, 'Aktive', 150, '+109', 5, NULL, NULL, NULL, NULL, NULL, 0),
(30, 200035, 36, NULL, NULL, 0, NULL, 0, 9013, 0, NULL, 32, NULL, 150, 'Masters (5)', 100, '-81', 6, NULL, NULL, NULL, NULL, NULL, 0),
(30, 200036, 37, NULL, NULL, 0, NULL, 0, 9013, 0, NULL, 67, NULL, 50, 'Aktive', 70, '-59', 1, NULL, NULL, NULL, NULL, NULL, 0),
(30, 200037, 38, NULL, NULL, 0, NULL, 0, 9013, 0, NULL, 29, NULL, 50, 'Aktive', 80, '-64', 1, NULL, NULL, NULL, NULL, NULL, 0),
(30, 200038, 39, NULL, NULL, 0, NULL, 0, 9013, 0, NULL, 6, NULL, 120, 'Masters (2)', 80, '-64', 4, NULL, NULL, NULL, NULL, NULL, 0),
(30, 200039, 40, NULL, NULL, 0, NULL, 0, 9002, 0, NULL, 7, NULL, 40, 'Junioren', 60, '-55', 4, NULL, NULL, NULL, NULL, NULL, 0),
(30, 200040, 41, NULL, NULL, 0, NULL, 0, 9002, 0, NULL, 38, NULL, 40, 'Junioren', 60, '-55', 4, NULL, NULL, NULL, NULL, NULL, 0),
(30, 200041, 42, NULL, NULL, 0, NULL, 0, 9002, 0, NULL, 68, NULL, 30, 'Jugend', 60, '-55', 4, NULL, NULL, NULL, NULL, NULL, 0),
(30, 200042, 43, NULL, NULL, 0, NULL, 0, 9002, 0, NULL, 26, NULL, 110, 'Masters (1)', 90, '-71', 4, NULL, NULL, NULL, NULL, NULL, 0),
(30, 200043, 44, NULL, NULL, 0, NULL, 0, 9002, 0, NULL, 71, NULL, 50, 'Aktive', 90, '-71', 1, NULL, NULL, NULL, NULL, NULL, 0),
(30, 200044, 45, NULL, NULL, 0, NULL, 0, 9002, 0, 64.00, 18, NULL, 20, 'Schüler', 80, '-64', 2, NULL, 138, 64, 74, 1, 0),
(30, 200045, 46, NULL, NULL, 0, NULL, 0, 9002, 0, NULL, 42, NULL, 30, 'Jugend', 70, '-61', 3, NULL, NULL, NULL, NULL, NULL, 0),
(30, 200046, 47, NULL, NULL, 0, NULL, 0, 9002, 0, NULL, 52, NULL, 40, 'Junioren', 80, '-67', 3, NULL, NULL, NULL, NULL, NULL, 0),
(30, 200047, 48, NULL, NULL, 0, NULL, 0, 9002, 0, NULL, 22, NULL, 50, 'Aktive', 100, '-81', 5, NULL, NULL, NULL, NULL, NULL, 0),
(30, 200048, 49, NULL, NULL, 0, NULL, 0, 9002, 0, NULL, 51, NULL, 50, 'Aktive', 80, '-67', 5, NULL, NULL, NULL, NULL, NULL, 0),
(30, 200049, 50, NULL, NULL, 0, NULL, 0, 9002, 0, NULL, 47, NULL, 100, 'Masters (0)', 90, '-73', 6, NULL, NULL, NULL, NULL, NULL, 0),
(30, 200050, 51, NULL, NULL, 0, NULL, 0, 13002, 0, NULL, 4, NULL, 30, 'Jugend', 90, '-73', 3, NULL, NULL, NULL, NULL, NULL, 0),
(30, 200051, 52, NULL, NULL, 0, NULL, 0, 13002, 0, NULL, 72, NULL, 50, 'Aktive', 90, '-73', 5, NULL, NULL, NULL, NULL, NULL, 0),
(30, 200052, 53, NULL, NULL, 0, NULL, 0, 13002, 0, NULL, 58, NULL, 50, 'Aktive', 80, '-67', 5, NULL, NULL, NULL, NULL, NULL, 0),
(30, 200053, 54, NULL, NULL, 0, NULL, 0, 20542, 0, NULL, 69, NULL, 40, 'Junioren', 100, '-81', 3, NULL, NULL, NULL, NULL, NULL, 0),
(30, 200054, 55, NULL, NULL, 0, NULL, 0, 20542, 0, NULL, 28, NULL, 50, 'Aktive', 100, '-81', 5, NULL, NULL, NULL, NULL, NULL, 0),
(30, 200055, 56, NULL, NULL, 0, NULL, 0, 9014, 0, NULL, 16, NULL, 50, 'Aktive', 80, '-64', 1, NULL, NULL, NULL, NULL, NULL, 0),
(30, 200056, 57, NULL, NULL, 0, NULL, 0, 9014, 0, NULL, 1, NULL, 50, 'Aktive', 130, '+87', 1, NULL, NULL, NULL, NULL, NULL, 0),
(30, 200057, 58, NULL, NULL, 0, NULL, 0, 9014, 0, NULL, 61, NULL, 50, 'Aktive', 100, '-81', 5, NULL, NULL, NULL, NULL, NULL, 0),
(30, 200058, 59, NULL, NULL, 0, NULL, 0, 9014, 0, NULL, 20, NULL, 50, 'Aktive', 110, '-89', 5, NULL, NULL, NULL, NULL, NULL, 0),
(30, 200059, 60, NULL, NULL, 0, NULL, 0, 9014, 0, NULL, 46, NULL, 50, 'Aktive', 110, '-89', 5, NULL, NULL, NULL, NULL, NULL, 0),
(30, 200060, 61, NULL, NULL, 0, NULL, 0, 9014, 0, NULL, 64, NULL, 50, 'Aktive', 110, '-89', 5, NULL, NULL, NULL, NULL, NULL, 0),
(30, 200061, 62, NULL, NULL, 0, NULL, 0, 9014, 0, NULL, 10, NULL, 120, 'Masters (2)', 90, '-73', 6, NULL, NULL, NULL, NULL, NULL, 0),
(30, 200062, 63, NULL, NULL, 0, NULL, 0, 9014, 0, NULL, 11, NULL, 120, 'Masters (2)', 110, '-89', 6, NULL, NULL, NULL, NULL, NULL, 0),
(30, 200063, 64, NULL, NULL, 0, NULL, 0, 9014, 0, NULL, 2, NULL, 180, 'Masters (8)', 90, '-73', 6, NULL, NULL, NULL, NULL, NULL, 0),
(30, 200064, 65, NULL, NULL, 1, NULL, 0, 9003, 0, 55.00, 66, NULL, 20, 'Schüler', 60, '-55', 2, NULL, 120, 55, 65, 1, 0),
(30, 200065, 66, NULL, NULL, 0, NULL, 0, 9003, 0, NULL, 49, NULL, 50, 'Aktive', 100, '-76', 1, NULL, NULL, NULL, NULL, NULL, 0),
(30, 200066, 67, NULL, NULL, 1, NULL, 0, 9003, 0, 61.00, 54, NULL, 20, 'Schüler', 70, '-61', 2, NULL, 132, 61, 71, 1, 0),
(30, 200067, 68, NULL, NULL, 1, NULL, 0, 9003, 0, 73.00, 9, NULL, 20, 'Schüler', 90, '-73', 2, NULL, 156, 73, 83, 1, 0),
(30, 200068, 69, NULL, NULL, 0, NULL, 0, 9003, 0, NULL, 36, NULL, 100, 'Masters (0)', 100, '-81', 6, NULL, NULL, NULL, NULL, NULL, 0),
(30, 200069, 70, NULL, NULL, 0, NULL, 0, 9004, 0, 81.00, 75, NULL, 20, 'Schüler', 80, '-81', 2, NULL, 172, 81, 91, 1, 0),
(30, 200070, 71, NULL, NULL, 0, NULL, 0, 9004, 0, NULL, 59, NULL, 30, 'Jugend', 100, '-81', 3, NULL, NULL, NULL, NULL, NULL, 0),
(30, 200071, 72, NULL, NULL, 0, NULL, 0, 9004, 0, NULL, 27, NULL, 40, 'Junioren', 90, '-73', 3, NULL, NULL, NULL, NULL, NULL, 0),
(30, 200072, 73, NULL, NULL, 0, NULL, 0, 9004, 0, NULL, 62, NULL, 140, 'Masters (4)', 70, '-59', 4, NULL, NULL, NULL, NULL, NULL, 0),
(30, 200073, 74, NULL, NULL, 0, NULL, 0, 9002, 0, NULL, 55, NULL, 50, 'Aktive', 90, '-73', 5, NULL, NULL, NULL, NULL, NULL, 0),
(30, 200074, 75, NULL, NULL, 0, NULL, 0, 9002, 0, NULL, 25, NULL, 30, 'Jugend', 80, '-64', 4, NULL, NULL, NULL, NULL, NULL, 0);

-- --------------------------------------------------------

--
-- Tabellenstruktur für Tabelle `meldung_import`
--

CREATE TABLE `meldung_import` (
  `Teilnehmer` int(11) DEFAULT NULL,
  `Geschlecht` varchar(8) COLLATE utf8_unicode_ci DEFAULT NULL,
  `Nachname` varchar(45) COLLATE utf8_unicode_ci NOT NULL DEFAULT '',
  `Vorname` varchar(45) COLLATE utf8_unicode_ci NOT NULL DEFAULT '',
  `Geburtstag` date DEFAULT NULL,
  `Verein` int(11) DEFAULT NULL,
  `AK` int(2) DEFAULT NULL,
  `GK` varchar(4) COLLATE utf8_unicode_ci DEFAULT NULL,
  `ZKL` varchar(3) COLLATE utf8_unicode_ci DEFAULT NULL,
  `Bundesland` varchar(3) COLLATE utf8_unicode_ci DEFAULT NULL,
  `Gruppe` int(2) DEFAULT NULL,
  `Meldedatum` date DEFAULT NULL
) ENGINE=InnoDB DEFAULT CHARSET=utf8 COLLATE=utf8_unicode_ci;

--
-- Daten für Tabelle `meldung_import`
--

INSERT INTO `meldung_import` (`Teilnehmer`, `Geschlecht`, `Nachname`, `Vorname`, `Geburtstag`, `Verein`, `AK`, `GK`, `ZKL`, `Bundesland`, `Gruppe`, `Meldedatum`) VALUES
(0, 'männlich', 'Ahrens', 'Ole', '2004-01-01', 26, 0, '', '', '', 0, '0000-00-00'),
(0, 'männlich', 'Albrecht', 'Nino', '2008-01-01', 17, 0, '', '', '', 0, '0000-00-00'),
(0, 'männlich', 'Altmann', 'Robin', '2006-01-01', 26, 0, '', '', '', 0, '0000-00-00'),
(0, 'männlich', 'Barthel', 'Marius', '2005-01-01', 19, 0, '', '', '', 0, '0000-00-00'),
(0, 'weiblich', 'Barthel', 'Marlen', '2003-01-01', 19, 0, '', '', '', 0, '0000-00-00'),
(0, 'männlich', 'Behschnitt', 'Steven', '2004-01-01', 18, 0, '', '', '', 0, '0000-00-00'),
(0, 'männlich', 'Bellmann', 'Ole', '2006-01-01', 13, 0, '', '', '', 0, '0000-00-00'),
(0, 'männlich', 'Berger', 'Eric Steven', '2004-01-01', 149, 0, '', '', '', 0, '0000-00-00'),
(0, 'männlich', 'Blum', 'Philip', '2005-01-01', 31, 0, '', '', '', 0, '0000-00-00'),
(0, 'männlich', 'Brock', 'Marcel', '2008-01-01', 31, 0, '', '', '', 0, '0000-00-00'),
(0, 'weiblich', 'Buchholz', 'Pauline', '2003-01-01', 18, 0, '', '', '', 0, '0000-00-00'),
(0, 'männlich', 'Bzih', 'Hahdi', '2008-01-01', 13, 0, '', '', '', 0, '0000-00-00'),
(0, 'männlich', 'Bzih', 'Mahdi', '2006-01-01', 13, 0, '', '', '', 0, '0000-00-00'),
(0, 'männlich', 'Chir', 'Jasin-Alexander', '2006-01-01', 19, 0, '', '', '', 0, '0000-00-00'),
(0, 'männlich', 'Cyron', 'Elija', '2003-01-01', 15, 0, '', '', '', 0, '0000-00-00'),
(0, 'weiblich', 'Fiebig', 'Lilly', '2006-01-01', 26, 0, '', '', '', 0, '0000-00-00'),
(0, 'männlich', 'Fiedler', 'Philipp', '2003-01-01', 15, 0, '', '', '', 0, '0000-00-00'),
(0, 'männlich', 'Fischer', 'Elias', '2004-01-01', 19, 0, '', '', '', 0, '0000-00-00'),
(0, 'männlich', 'Gawol', 'Max Louis', '2008-01-01', 26, 0, '', '', '', 0, '0000-00-00'),
(0, 'männlich', 'Göttlich', 'Lennard', '2004-01-01', 31, 0, '', '', '', 0, '0000-00-00'),
(0, 'männlich', 'Große', 'Lars', '2009-01-01', 15, 0, '', '', '', 0, '0000-00-00'),
(0, 'männlich', 'Günnel', 'Maurice', '2003-01-01', 17, 0, '', '', '', 0, '0000-00-00'),
(0, 'weiblich', 'Hahn', 'Anna', '2004-01-01', 17, 0, '', '', '', 0, '0000-00-00'),
(0, 'männlich', 'Hanitzsch', 'Vincent', '2004-01-01', 18, 0, '', '', '', 0, '0000-00-00'),
(0, 'männlich', 'Heidemann', 'Felix', '2006-01-01', 19, 0, '', '', '', 0, '0000-00-00'),
(0, 'weiblich', 'Heinzt', 'Lara', '2007-01-01', 26, 0, '', '', '', 0, '0000-00-00'),
(0, 'männlich', 'Hentschel', 'Maximilian', '2007-01-01', 31, 0, '', '', '', 0, '0000-00-00'),
(0, 'männlich', 'Herzmann', 'Florian', '2005-01-01', 150, 0, '', '', '', 0, '0000-00-00'),
(0, 'männlich', 'Hochgeschwender', 'Sky', '2006-01-01', 17, 0, '', '', '', 0, '0000-00-00'),
(0, 'weiblich', 'Hofer', 'Josefine', '2004-01-01', 26, 0, '', '', '', 0, '0000-00-00'),
(0, 'männlich', 'Hofer', 'Robin', '2007-01-01', 26, 0, '', '', '', 0, '0000-00-00'),
(0, 'männlich', 'Hübel', 'Adrian', '2003-01-01', 31, 0, '', '', '', 0, '0000-00-00'),
(0, 'männlich', 'Jakob', 'Alexander', '2005-01-01', 13, 0, '', '', '', 0, '0000-00-00'),
(0, 'männlich', 'Janta', 'Tristan', '2008-01-01', 15, 0, '', '', '', 0, '0000-00-00'),
(0, 'weiblich', 'Kaufhold', 'Ayleen', '2005-01-01', 13, 0, '', '', '', 0, '0000-00-00'),
(0, 'männlich', 'Kausch', 'Moritz', '2005-01-01', 19, 0, '', '', '', 0, '0000-00-00'),
(0, 'männlich', 'Klünder', 'Kevin', '2003-01-01', 15, 0, '', '', '', 0, '0000-00-00'),
(0, 'männlich', 'Kohlisch', ' Martin', '2004-01-01', 13, 0, '', '', '', 0, '0000-00-00'),
(0, 'männlich', 'Kohn', 'Justin', '2004-01-01', 31, 0, '', '', '', 0, '0000-00-00'),
(0, 'weiblich', 'Krüger', 'Vivien', '2004-01-01', 15, 0, '', '', '', 0, '0000-00-00'),
(0, 'weiblich', 'Kubelka', 'Elisa Franziska', '2007-01-01', 26, 0, '', '', '', 0, '0000-00-00'),
(0, 'männlich', 'Lotz', 'Alexander', '2003-01-01', 15, 0, '', '', '', 0, '0000-00-00'),
(0, 'weiblich', 'Martin', 'Leonie', '2004-01-01', 13, 0, '', '', '', 0, '0000-00-00'),
(0, 'weiblich', 'Müller', 'Leonie', '2005-01-01', 17, 0, '', '', '', 0, '0000-00-00'),
(0, 'männlich', 'Müller', 'Lucas', '2003-01-01', 15, 0, '', '', '', 0, '0000-00-00'),
(0, 'männlich', 'Nike', 'Imanuel', '2003-01-01', 13, 0, '', '', '', 0, '0000-00-00'),
(0, 'männlich', 'Nizamov', 'Artur', '2005-01-01', 18, 0, '', '', '', 0, '0000-00-00'),
(0, 'männlich', 'Pester', ' Julian', '2003-01-01', 13, 0, '', '', '', 0, '0000-00-00'),
(0, 'männlich', 'Pokulis', 'Pauls', '2005-01-01', 150, 0, '', '', '', 0, '0000-00-00'),
(0, 'männlich', 'Prießner', 'Vincent', '2004-01-01', 13, 0, '', '', '', 0, '0000-00-00'),
(0, 'männlich', 'Raulf', 'Luis', '2006-01-01', 15, 0, '', '', '', 0, '0000-00-00'),
(0, 'männlich', 'Rusch', 'Valentino', '2005-01-01', 31, 0, '', '', '', 0, '0000-00-00'),
(0, 'männlich', 'Schlegel', 'Clemens', '2003-01-01', 149, 0, '', '', '', 0, '0000-00-00'),
(0, 'männlich', 'Schlittig', 'Joey', '2008-01-01', 18, 0, '', '', '', 0, '0000-00-00'),
(0, 'männlich', 'Schlittig', 'Robby', '2006-01-01', 18, 0, '', '', '', 0, '0000-00-00'),
(0, 'weiblich', 'Schlittig', 'Vicky', '2003-01-01', 18, 0, '', '', '', 0, '0000-00-00'),
(0, 'weiblich', 'Schlosser', 'Angelina', '2006-01-01', 19, 0, '', '', '', 0, '0000-00-00'),
(0, 'männlich', 'Schmidt', 'John-Marten', '2005-01-01', 149, 0, '', '', '', 0, '0000-00-00'),
(0, 'weiblich', 'Schnitte', 'Sarah', '2004-01-01', 26, 0, '', '', '', 0, '0000-00-00'),
(0, 'männlich', 'Scholz', 'Florian', '2005-01-01', 149, 0, '', '', '', 0, '0000-00-00'),
(0, 'männlich', 'Seibel', 'Alex', '2006-01-01', 18, 0, '', '', '', 0, '0000-00-00'),
(0, 'männlich', 'Seidel', 'Kelvin', '2005-01-01', 19, 0, '', '', '', 0, '0000-00-00'),
(0, 'weiblich', 'Sitkowski', 'Sara', '2003-01-01', 26, 0, '', '', '', 0, '0000-00-00'),
(0, 'männlich', 'Steinbach', 'Cedric', '2007-01-01', 13, 0, '', '', '', 0, '0000-00-00'),
(0, 'weiblich', 'Stephan', 'Pia', '2007-01-01', 19, 0, '', '', '', 0, '0000-00-00'),
(0, 'männlich', 'Telle', 'Hugo', '2008-01-01', 26, 0, '', '', '', 0, '0000-00-00'),
(0, 'weiblich', 'Thieme', 'Hanna-Christin', '2006-01-01', 18, 0, '', '', '', 0, '0000-00-00'),
(0, 'weiblich', 'Valodze', 'Elina', '2006-01-01', 150, 0, '', '', '', 0, '0000-00-00'),
(0, 'männlich', 'Weißbeck', 'Benjamin', '2003-01-01', 13, 0, '', '', '', 0, '0000-00-00'),
(0, 'männlich', 'Weißmann', 'Ron', '2006-01-01', 13, 0, '', '', '', 0, '0000-00-00'),
(0, 'männlich', 'Winkler', 'Leon', '2006-01-01', 26, 0, '', '', '', 0, '0000-00-00');

-- --------------------------------------------------------

--
-- Tabellenstruktur für Tabelle `modus`
--

CREATE TABLE `modus` (
  `idModus` int(3) NOT NULL,
  `Bezeichnung` varchar(100) COLLATE utf8_unicode_ci DEFAULT NULL,
  `Technikwertung` tinyint(1) NOT NULL DEFAULT 0,
  `Athletik` tinyint(1) NOT NULL DEFAULT 0,
  `Steigerung1` int(2) NOT NULL DEFAULT 0,
  `Steigerung2` int(2) NOT NULL DEFAULT 0,
  `Alterseinteilung` varchar(40) COLLATE utf8_unicode_ci NOT NULL,
  `Gewichtseinteilung` char(20) COLLATE utf8_unicode_ci NOT NULL,
  `Wertung` int(1) NOT NULL,
  `Platzierung` int(3) NOT NULL DEFAULT 0,
  `Hantelstange` varchar(10) COLLATE utf8_unicode_ci NOT NULL COMMENT 's=m/w, a=AK(w/u15, m/ü15), k=7kg, x=5kg',
  `MinAlter` int(3) NOT NULL,
  `MaxAlter` int(3) NOT NULL,
  `Regel20` tinyint(1) NOT NULL,
  `IncAfterNoLift` tinyint(1) NOT NULL DEFAULT 1,
  `AutoLosnummer` tinyint(1) NOT NULL,
  `locked` tinyint(1) NOT NULL COMMENT 'Default-Modi'
) ENGINE=InnoDB DEFAULT CHARSET=utf8 COLLATE=utf8_unicode_ci;

--
-- Daten für Tabelle `modus`
--

INSERT INTO `modus` (`idModus`, `Bezeichnung`, `Technikwertung`, `Athletik`, `Steigerung1`, `Steigerung2`, `Alterseinteilung`, `Gewichtseinteilung`, `Wertung`, `Platzierung`, `Hantelstange`, `MinAlter`, `MaxAlter`, `Regel20`, `IncAfterNoLift`, `AutoLosnummer`, `locked`) VALUES
(100, 'Sächsischer Schülerpokal', 1, 1, 1, 1, 'Altersgruppen', '', 6, 2, 'a_x', 7, 14, 0, 0, 0, 0),
(110, 'DGJ Schülerpokal (MK mit Technik und Athletik)', 1, 1, 1, 1, 'Jahrgang', 'Gewichtsgruppen', 6, 2, 'a_x', 7, 14, 0, 0, 0, 1),
(120, 'DM Schüler (MK mit Technik und Athletik)', 1, 1, 1, 1, 'Jahrgang', 'Gewichtsgruppen', 6, 2, 'a_x', 7, 14, 0, 0, 0, 1),
(130, 'DGJ Jugendpokal (MK und Athletik)', 0, 1, 1, 1, 'Altersgruppen', 'Gewichtsgruppen', 6, 212, 's', 15, 17, 0, 1, 0, 1),
(140, 'IDJM (MK und Athletik)', 0, 1, 1, 1, 'Jahrgang', 'Gewichtsgruppen', 6, 212, 's', 15, 17, 0, 1, 0, 1),
(160, 'DM Jugend (ZK)', 0, 0, 1, 1, 'Altersgruppen', 'Gewichtsklassen', 5, 4, 's', 16, 17, 0, 1, 0, 1),
(200, 'Regionale MKM bis AK 15 (mit Technik und Athletik)', 1, 1, 1, 1, 'Jahrgang', 'Gewichtsgruppen', 6, 2, 'a_x', 10, 15, 0, 0, 0, 1),
(400, 'Masters (Sinclair-Punkte)', 0, 0, 1, 1, 'Altersklassen', 'Gewichtsklassen', 3, 3, 's', 18, 120, 0, 1, 0, 1),
(410, 'Masters (S-M Punkte)', 0, 0, 1, 1, 'Altersklassen', 'Gewichtsklassen', 4, 3, 's', 18, 120, 0, 1, 0, 1),
(500, 'Olympischer Zweikampf (Alters- und Gewichtsklassen)', 0, 0, 1, 1, 'Altersklassen', 'Gewichtsklassen', 5, 3, 's', 13, 120, 0, 1, 0, 1),
(505, 'Olympischer Zweikampf (Gewichtsklassen)', 0, 0, 1, 1, '', 'Gewichtsklassen', 5, 3, 's', 13, 120, 0, 1, 0, 1),
(510, 'Olympischer Zweikampf (Relativ-Abzug)', 0, 0, 1, 1, '', '', 2, 4, 's', 13, 120, 0, 1, 0, 1),
(520, 'Olympischer Zweikampf (Sinclair-Punkte)', 0, 0, 1, 1, '', '', 3, 3, 's', 13, 120, 0, 1, 0, 1),
(530, 'Olympischer Zweikampf (S-M Punkte)', 0, 0, 1, 1, '', '', 4, 3, 's', 13, 120, 0, 1, 0, 1),
(540, 'Olympischer Zweikampf (Robi-Punkte)', 0, 0, 1, 1, '', '', 1, 3, 's', 13, 120, 0, 1, 0, 1),
(600, 'Mannschaft (Olympischer Zweikampf)', 0, 0, 1, 1, '', '', 5, 0, 's', 7, 120, 0, 1, 1, 1),
(610, 'Mannschaft (Relativ-Abzug)', 0, 0, 1, 1, '', '', 2, 0, 's', 15, 120, 0, 1, 1, 1),
(620, 'Mannschaft (Sinclair-Punkte)', 0, 0, 1, 1, '', '', 3, 0, 's', 7, 120, 0, 1, 1, 1),
(630, 'Mannschaft (S-M Punkte)', 0, 0, 1, 1, '', '', 4, 0, 's', 7, 120, 0, 1, 1, 1);

-- --------------------------------------------------------

--
-- Tabellenstruktur für Tabelle `modus_formeln`
--

CREATE TABLE `modus_formeln` (
  `Modus` int(3) NOT NULL,
  `AK` int(2) NOT NULL,
  `Sex` varchar(1) CHARACTER SET utf8 NOT NULL,
  `Faktor` double(3,2) NOT NULL,
  `Reissen` varchar(60) COLLATE utf8_unicode_ci NOT NULL,
  `Stossen` varchar(60) COLLATE utf8_unicode_ci NOT NULL
) ENGINE=InnoDB DEFAULT CHARSET=utf8 COLLATE=utf8_unicode_ci;

--
-- Daten für Tabelle `modus_formeln`
--

INSERT INTO `modus_formeln` (`Modus`, `AK`, `Sex`, `Faktor`, `Reissen`, `Stossen`) VALUES
(110, 6, 'm', 0.50, 'HL * 50 / KG + TN * 25', ''),
(110, 6, 'w', 0.50, 'HL * 50 / KG + TN * 25', ''),
(110, 7, 'm', 0.50, 'HL * 50 / KG + TN * 25', ''),
(110, 7, 'w', 0.50, 'HL * 50 / KG + TN * 25', ''),
(110, 8, 'm', 0.50, 'HL * 50 / KG + TN * 25', ''),
(110, 8, 'w', 0.50, 'HL * 50 / KG + TN * 25', ''),
(110, 9, 'm', 0.50, 'HL * 50 / KG + TN * 25', ''),
(110, 9, 'w', 0.50, 'HL * 50 / KG + TN * 25', ''),
(110, 10, 'm', 0.50, 'HL * 50 / KG + TN * 25', ''),
(110, 10, 'w', 0.50, 'HL * 50 / KG + TN * 25', ''),
(110, 11, 'm', 0.50, 'HL * 50 / KG + TN * 25', ''),
(110, 11, 'w', 0.50, 'HL * 50 / KG + TN * 25', ''),
(110, 12, 'm', 0.50, 'HL * 50 / KG + TN * 10', 'HL * 50 / KG + TN * 10'),
(110, 12, 'w', 0.50, 'HL * 50 / KG + TN * 10', 'HL * 50 / KG + TN * 10'),
(110, 13, 'm', 0.50, 'HL * 50 / KG + TN * 10', 'HL * 50 / KG + TN * 10'),
(110, 13, 'w', 0.50, 'HL * 50 / KG + TN * 10', 'HL * 50 / KG + TN * 10'),
(110, 14, 'm', 0.50, 'HL * 50 / KG + TN * 10', 'HL * 50 / KG + TN * 10'),
(110, 14, 'w', 0.50, 'HL * 50 / KG + TN * 10', 'HL * 50 / KG + TN * 10'),
(120, 13, 'm', 0.66, 'HL * 50 / KG + TN * 10', 'HL * 50 / KG + TN * 10'),
(120, 13, 'w', 0.66, 'HL * 50 / KG + TN * 10', 'HL * 50 / KG + TN * 10'),
(120, 14, 'm', 0.66, 'HL * 50 / KG + TN * 10', 'HL * 50 / KG + TN * 10'),
(120, 14, 'w', 0.66, 'HL * 50 / KG + TN * 10', 'HL * 50 / KG + TN * 10'),
(120, 15, 'm', 0.66, 'HL * 50 / KG + TN * 10', 'HL * 50 / KG + TN * 10'),
(120, 15, 'w', 0.66, 'HL * 50 / KG + TN * 10', 'HL * 50 / KG + TN * 10'),
(130, 15, 'm', 0.66, 'HL * 135 / KG', 'HL * 100 / KG'),
(130, 15, 'w', 0.66, 'HL * 135 / KG * 1,5', 'HL * 100 / KG * 1,5'),
(130, 16, 'm', 0.66, 'HL * 135 / KG', 'HL * 100 / KG'),
(130, 16, 'w', 0.66, 'HL * 135 / KG * 1,5', 'HL * 100 / KG * 1,5'),
(130, 17, 'm', 0.66, 'HL * 135 / KG', 'HL * 100 / KG'),
(130, 17, 'w', 0.66, 'HL * 135 / KG * 1,5', 'HL * 100 / KG * 1,5'),
(140, 15, 'm', 0.66, 'HL * 135 / KG', 'HL * 100 / KG'),
(140, 15, 'w', 0.66, 'HL * 135 / KG', 'HL * 100 / KG'),
(140, 16, 'm', 0.66, 'HL * 135 / KG', 'HL * 100 / KG'),
(140, 16, 'w', 0.66, 'HL * 135 / KG', 'HL * 100 / KG'),
(140, 17, 'm', 0.66, 'HL * 135 / KG', 'HL * 100 / KG'),
(140, 17, 'w', 0.66, 'HL * 135 / KG', 'HL * 100 / KG'),
(160, 16, 'm', 0.00, '', ''),
(160, 16, 'w', 0.00, '', ''),
(160, 17, 'm', 0.00, '', ''),
(160, 17, 'w', 0.00, '', ''),
(200, 10, 'm', 0.40, 'HL * 50 / KG + TN * 25', ''),
(200, 10, 'w', 0.40, 'HL * 50 / KG + TN * 25', ''),
(200, 11, 'm', 0.40, 'HL * 50 / KG + TN * 25', ''),
(200, 11, 'w', 0.40, 'HL * 50 / KG + TN * 25', ''),
(200, 12, 'm', 0.50, 'HL * 50 / KG + TN * 10', 'HL * 50 / KG + TN * 10'),
(200, 12, 'w', 0.50, 'HL * 50 / KG + TN * 10', 'HL * 50 / KG + TN * 10'),
(200, 13, 'm', 0.50, 'HL * 50 / KG + TN * 10', 'HL * 50 / KG + TN * 10'),
(200, 13, 'w', 0.50, 'HL * 50 / KG + TN * 10', 'HL * 50 / KG + TN * 10'),
(200, 14, 'm', 0.50, 'HL * 50 / KG + TN * 10', 'HL * 50 / KG + TN * 10'),
(200, 14, 'w', 0.50, 'HL * 50 / KG + TN * 10', 'HL * 50 / KG + TN * 10'),
(200, 15, 'm', 0.50, 'HL * 50 / KG + TN * 10', 'HL * 50 / KG + TN * 10'),
(200, 15, 'w', 0.50, 'HL * 50 / KG + TN * 10', 'HL * 50 / KG + TN * 10');

-- --------------------------------------------------------

--
-- Tabellenstruktur für Tabelle `modus_gewichtsgruppen`
--

CREATE TABLE `modus_gewichtsgruppen` (
  `Geschlecht` varchar(1) COLLATE utf8_unicode_ci NOT NULL,
  `Gruppe` int(1) NOT NULL,
  `Heber` int(2) NOT NULL COMMENT 'Heber/Gruppe=TN(Gruppe)',
  `Bezeichnung` varchar(20) COLLATE utf8_unicode_ci NOT NULL
) ENGINE=InnoDB DEFAULT CHARSET=utf8 COLLATE=utf8_unicode_ci;

--
-- Daten für Tabelle `modus_gewichtsgruppen`
--

INSERT INTO `modus_gewichtsgruppen` (`Geschlecht`, `Gruppe`, `Heber`, `Bezeichnung`) VALUES
('m', 1, 15, 'Feder'),
('m', 2, 16, 'Leicht'),
('m', 3, 27, 'Mittel'),
('m', 4, 36, 'Halbschwer'),
('m', 5, 45, 'Schwer'),
('w', 1, 13, 'Feder'),
('w', 2, 14, 'Leicht'),
('w', 3, 21, 'Mittel'),
('w', 4, 28, 'Halbschwer'),
('w', 5, 35, 'Schwer');

-- --------------------------------------------------------

--
-- Tabellenstruktur für Tabelle `modus_mannschaft`
--

CREATE TABLE `modus_mannschaft` (
  `Modus` int(11) NOT NULL,
  `idMannschaft` int(1) NOT NULL COMMENT '0=Verein; 1=Land; 2=Liga',
  `min` int(2) NOT NULL,
  `max` int(2) NOT NULL,
  `gewertet` int(2) NOT NULL,
  `m_w` tinyint(1) NOT NULL,
  `multi` tinyint(1) NOT NULL COMMENT 'Mehrere Mannschaften pro Verein',
  `relativ` int(2) DEFAULT NULL COMMENT 'Relativwertung W (weitere M)'
) ENGINE=InnoDB DEFAULT CHARSET=utf8 COLLATE=utf8_unicode_ci;

--
-- Daten für Tabelle `modus_mannschaft`
--

INSERT INTO `modus_mannschaft` (`Modus`, `idMannschaft`, `min`, `max`, `gewertet`, `m_w`, `multi`, `relativ`) VALUES
(110, 0, 3, 4, 4, 0, 1, NULL),
(110, 1, 2, 8, 5, 1, 0, NULL),
(130, 1, 2, 8, 5, 1, 0, NULL),
(140, 0, 3, 4, 4, 0, 1, 2);

-- --------------------------------------------------------

--
-- Tabellenstruktur für Tabelle `notizen`
--

CREATE TABLE `notizen` (
  `Heber` int(11) NOT NULL,
  `Notiz` mediumblob DEFAULT NULL
) ENGINE=InnoDB DEFAULT CHARSET=utf8 COLLATE=utf8_unicode_ci;

-- --------------------------------------------------------

--
-- Tabellenstruktur für Tabelle `region`
--

CREATE TABLE `region` (
  `region_id` int(2) NOT NULL,
  `region_name` varchar(25) COLLATE utf8_unicode_ci NOT NULL,
  `Bezeichnung` varchar(75) COLLATE utf8_unicode_ci DEFAULT NULL,
  `Kurz` varchar(25) COLLATE utf8_unicode_ci DEFAULT NULL,
  `region_2` char(2) COLLATE utf8_unicode_ci NOT NULL,
  `region_3` char(3) COLLATE utf8_unicode_ci NOT NULL,
  `Adresse` varchar(50) COLLATE utf8_unicode_ci NOT NULL DEFAULT '',
  `PLZ` varchar(5) COLLATE utf8_unicode_ci NOT NULL DEFAULT '',
  `Ort` varchar(50) COLLATE utf8_unicode_ci NOT NULL DEFAULT '',
  `region_flag` varchar(7) COLLATE utf8_unicode_ci NOT NULL
) ENGINE=InnoDB DEFAULT CHARSET=utf8 COLLATE=utf8_unicode_ci;

--
-- Daten für Tabelle `region`
--

INSERT INTO `region` (`region_id`, `region_name`, `Bezeichnung`, `Kurz`, `region_2`, `region_3`, `Adresse`, `PLZ`, `Ort`, `region_flag`) VALUES
(0, '', NULL, NULL, '', '', '', '', '', ''),
(1, 'Schleswig-Holstein', NULL, NULL, 'SH', 'SHS', '', '', '', ''),
(2, 'Hamburg', NULL, NULL, 'HH', 'HAM', '', '', '', ''),
(3, 'Niedersachsen', NULL, NULL, 'NI', 'NDS', '', '', '', ''),
(4, 'Bremen', NULL, NULL, 'HB', 'BRE', '', '', '', ''),
(5, 'Nordrhein-Westfalen', NULL, NULL, 'NW', 'NRW', '', '', '', ''),
(6, 'Hessen', NULL, NULL, 'HE', 'HES', '', '', '', ''),
(7, 'Rheinland-Pfalz', NULL, NULL, 'RP', 'RLP', '', '', '', ''),
(8, 'Baden-Württemberg', NULL, NULL, 'BW', 'BWG', '', '', '', ''),
(9, 'Bayern', NULL, NULL, 'BY', 'BAY', '', '', '', ''),
(10, 'Saarland', NULL, NULL, 'SL', 'SAR', '', '', '', ''),
(11, 'Berlin', NULL, NULL, 'BE', 'BER', '', '', '', ''),
(12, 'Brandenburg', NULL, NULL, 'BB', 'BRA', '', '', '', ''),
(13, 'Mecklenburg-Vorpommern', NULL, NULL, 'MV', 'NVP', '', '', '', ''),
(14, 'Sachsen', 'Verband für Gewichtheben, Kraftdreikampf und Fitness Sachsen e.V.', 'VGKF Sachsen', 'SN', 'SAS', 'Käthe-Kollwitz-Str. 22', '02827', 'Görlitz', ''),
(15, 'Sachsen-Anhalt', NULL, NULL, 'ST', 'SAA', '', '', '', ''),
(16, 'Thüringen', NULL, NULL, 'TH', 'THÜ', '', '', '', '');

-- --------------------------------------------------------

--
-- Tabellenstruktur für Tabelle `reissen`
--

CREATE TABLE `reissen` (
  `Wettkampf` int(11) NOT NULL,
  `Teilnehmer` int(11) NOT NULL,
  `Versuch` int(1) NOT NULL,
  `HLast` int(3) NOT NULL,
  `Diff` int(2) NOT NULL DEFAULT 0,
  `Steigerung1` int(2) NOT NULL DEFAULT 0,
  `Steigerung2` int(2) NOT NULL DEFAULT 0,
  `Steigerung3` int(2) NOT NULL DEFAULT 0,
  `Wertung` int(2) DEFAULT NULL,
  `Zeit` datetime DEFAULT NULL,
  `Note` double(4,2) DEFAULT NULL,
  `Lampen` varchar(3) COLLATE utf8_unicode_ci DEFAULT NULL,
  `Updated` timestamp NOT NULL DEFAULT current_timestamp() ON UPDATE current_timestamp()
) ENGINE=InnoDB DEFAULT CHARSET=utf8 COLLATE=utf8_unicode_ci;

--
-- Daten für Tabelle `reissen`
--

INSERT INTO `reissen` (`Wettkampf`, `Teilnehmer`, `Versuch`, `HLast`, `Diff`, `Steigerung1`, `Steigerung2`, `Steigerung3`, `Wertung`, `Zeit`, `Note`, `Lampen`, `Updated`) VALUES
(1, 102, 1, 28, 0, 28, 0, 0, NULL, NULL, NULL, NULL, '2022-04-05 06:40:31'),
(1, 102, 2, 29, 1, 0, 0, 0, NULL, NULL, NULL, NULL, '2022-04-05 06:40:31'),
(1, 102, 3, 30, 1, 0, 0, 0, NULL, NULL, NULL, NULL, '2022-04-05 06:40:31'),
(1, 103, 1, 35, 0, 35, 0, 0, NULL, NULL, NULL, NULL, '2022-04-05 06:40:31'),
(1, 103, 2, 36, 1, 0, 0, 0, NULL, NULL, NULL, NULL, '2022-04-05 06:40:31'),
(1, 103, 3, 37, 1, 0, 0, 0, NULL, NULL, NULL, NULL, '2022-04-05 06:40:31'),
(1, 108, 1, 8, 0, 8, 0, 0, NULL, NULL, NULL, NULL, '2023-04-14 19:21:09'),
(1, 108, 2, 9, 1, 0, 0, 0, NULL, NULL, NULL, NULL, '2023-04-14 19:21:09'),
(1, 108, 3, 10, 1, 0, 0, 0, NULL, NULL, NULL, NULL, '2023-04-14 19:21:09'),
(1, 208, 1, 9, 0, 9, 0, 0, NULL, NULL, NULL, NULL, '2023-04-14 19:21:09'),
(1, 208, 2, 10, 1, 0, 0, 0, NULL, NULL, NULL, NULL, '2023-04-14 19:21:09'),
(1, 208, 3, 11, 1, 0, 0, 0, NULL, NULL, NULL, NULL, '2023-04-14 19:21:09'),
(1, 212, 1, 9, 0, 9, 0, 0, NULL, NULL, NULL, NULL, '2023-04-14 19:21:09'),
(1, 212, 2, 10, 1, 0, 0, 0, NULL, NULL, NULL, NULL, '2023-04-14 19:21:09'),
(1, 212, 3, 11, 1, 0, 0, 0, NULL, NULL, NULL, NULL, '2023-04-14 19:21:09'),
(1, 301, 1, 28, 0, 28, 0, 0, NULL, NULL, NULL, NULL, '2022-04-05 06:40:31'),
(1, 301, 2, 29, 1, 0, 0, 0, NULL, NULL, NULL, NULL, '2022-04-05 06:40:31'),
(1, 301, 3, 30, 1, 0, 0, 0, NULL, NULL, NULL, NULL, '2022-04-05 06:40:31'),
(1, 302, 1, 35, 0, 35, 0, 0, NULL, NULL, NULL, NULL, '2022-04-05 06:40:31'),
(1, 302, 2, 36, 1, 0, 0, 0, NULL, NULL, NULL, NULL, '2022-04-05 06:40:31'),
(1, 302, 3, 37, 1, 0, 0, 0, NULL, NULL, NULL, NULL, '2022-04-05 06:40:31'),
(1, 306, 1, 20, 0, 20, 0, 0, NULL, NULL, NULL, NULL, '2022-11-16 18:43:31'),
(1, 306, 2, 21, 1, 0, 0, 0, NULL, NULL, NULL, NULL, '2022-11-16 18:43:31'),
(1, 306, 3, 22, 1, 0, 0, 0, NULL, NULL, NULL, NULL, '2022-11-16 18:43:31'),
(1, 308, 1, 20, 0, 20, 0, 0, NULL, NULL, NULL, NULL, '2022-11-16 18:43:31'),
(1, 308, 2, 21, 1, 0, 0, 0, NULL, NULL, NULL, NULL, '2022-11-16 18:43:31'),
(1, 308, 3, 22, 1, 0, 0, 0, NULL, NULL, NULL, NULL, '2022-11-16 18:43:31'),
(1, 310, 1, 10, 0, 10, 0, 0, NULL, NULL, NULL, NULL, '2023-04-14 19:21:09'),
(1, 310, 2, 11, 1, 0, 0, 0, NULL, NULL, NULL, NULL, '2023-04-14 19:21:09'),
(1, 310, 3, 12, 1, 0, 0, 0, NULL, NULL, NULL, NULL, '2023-04-14 19:21:09'),
(1, 403, 1, 50, 0, 50, 0, 0, NULL, NULL, NULL, NULL, '2022-04-05 06:40:31'),
(1, 403, 2, 51, 1, 0, 0, 0, NULL, NULL, NULL, NULL, '2022-04-05 06:40:31'),
(1, 403, 3, 52, 1, 0, 0, 0, NULL, NULL, NULL, NULL, '2022-04-05 06:40:31'),
(1, 404, 1, 6, 0, 6, 0, 0, NULL, NULL, NULL, NULL, '2022-04-05 06:40:31'),
(1, 404, 2, 7, 1, 0, 0, 0, NULL, NULL, NULL, NULL, '2022-04-05 06:40:31'),
(1, 404, 3, 8, 1, 0, 0, 0, NULL, NULL, NULL, NULL, '2022-04-05 06:40:31'),
(1, 405, 1, 10, 0, 10, 0, 0, NULL, NULL, NULL, NULL, '2022-04-05 06:40:31'),
(1, 405, 2, 11, 1, 0, 0, 0, NULL, NULL, NULL, NULL, '2022-04-05 06:40:31'),
(1, 405, 3, 12, 1, 0, 0, 0, NULL, NULL, NULL, NULL, '2022-04-05 06:40:31'),
(1, 406, 1, 18, 0, 18, 0, 0, NULL, NULL, NULL, NULL, '2022-11-16 18:43:31'),
(1, 406, 2, 19, 1, 0, 0, 0, NULL, NULL, NULL, NULL, '2022-11-16 18:43:31'),
(1, 406, 3, 20, 1, 0, 0, 0, NULL, NULL, NULL, NULL, '2022-11-16 18:43:31'),
(1, 409, 1, 27, 0, 27, 0, 0, NULL, NULL, NULL, NULL, '2020-10-16 19:50:20'),
(1, 409, 2, 28, 1, 0, 0, 0, NULL, NULL, NULL, NULL, '2021-10-17 19:07:10'),
(1, 409, 3, 0, -28, 0, 0, 0, -2, NULL, NULL, NULL, '2020-10-16 18:36:07'),
(1, 505, 1, 35, 0, 35, 0, 0, NULL, NULL, NULL, NULL, '2022-11-16 18:43:31'),
(1, 505, 2, 36, 1, 0, 0, 0, NULL, NULL, NULL, NULL, '2022-11-16 18:43:31'),
(1, 505, 3, 37, 1, 0, 0, 0, NULL, NULL, NULL, NULL, '2022-11-16 18:43:31'),
(1, 506, 1, 20, 0, 20, 0, 0, NULL, NULL, NULL, NULL, '2022-11-16 18:43:31'),
(1, 506, 2, 21, 1, 0, 0, 0, NULL, NULL, NULL, NULL, '2022-11-16 18:43:31'),
(1, 506, 3, 22, 1, 0, 0, 0, NULL, NULL, NULL, NULL, '2022-11-16 18:43:31'),
(1, 507, 1, 15, 0, 15, 0, 0, NULL, NULL, NULL, NULL, '2020-10-16 08:23:19'),
(1, 507, 2, 16, 1, 0, 0, 0, NULL, NULL, NULL, NULL, '2020-10-16 08:23:19'),
(1, 507, 3, 0, 0, 0, 0, 0, -2, NULL, NULL, NULL, '2020-10-16 08:23:19'),
(1, 508, 1, 5, 0, 5, 0, 0, 1, NULL, 5.00, '557', '2022-11-16 19:33:31'),
(1, 508, 2, 6, 1, 6, 0, 0, NULL, '2022-11-16 20:33:31', NULL, NULL, '2022-11-16 19:33:31'),
(1, 508, 3, 0, 0, 0, 0, 0, -2, NULL, NULL, NULL, '2020-10-16 08:23:19'),
(1, 511, 1, 5, 0, 5, 0, 0, NULL, NULL, NULL, NULL, '2023-04-14 19:21:09'),
(1, 511, 2, 6, 1, 0, 0, 0, NULL, NULL, NULL, NULL, '2023-04-14 19:21:09'),
(1, 511, 3, 7, 1, 0, 0, 0, NULL, NULL, NULL, NULL, '2023-04-14 19:21:09'),
(1, 513, 1, 5, 0, 5, 0, 0, NULL, NULL, NULL, NULL, '2023-04-14 19:21:09'),
(1, 513, 2, 6, 1, 0, 0, 0, NULL, NULL, NULL, NULL, '2023-04-14 19:21:09'),
(1, 513, 3, 7, 1, 0, 0, 0, NULL, NULL, NULL, NULL, '2023-04-14 19:21:09'),
(1, 603, 1, 50, 0, 50, 0, 0, NULL, NULL, NULL, NULL, '2022-04-05 06:40:31'),
(1, 603, 2, 51, 1, 0, 0, 0, NULL, NULL, NULL, NULL, '2022-04-05 06:40:31'),
(1, 603, 3, 52, 1, 0, 0, 0, NULL, NULL, NULL, NULL, '2022-04-05 06:40:31'),
(1, 604, 1, 20, 0, 20, 0, 0, NULL, NULL, NULL, NULL, '2022-04-05 06:40:31'),
(1, 604, 2, 21, 1, 0, 0, 0, NULL, NULL, NULL, NULL, '2022-04-05 06:40:31'),
(1, 604, 3, 22, 1, 0, 0, 0, NULL, NULL, NULL, NULL, '2022-04-05 06:40:31'),
(1, 605, 1, 40, 0, 40, 0, 0, NULL, NULL, NULL, NULL, '2022-04-05 06:40:31'),
(1, 605, 2, 41, 1, 0, 0, 0, NULL, NULL, NULL, NULL, '2022-04-05 06:40:31'),
(1, 605, 3, 42, 1, 0, 0, 0, NULL, NULL, NULL, NULL, '2022-04-05 06:40:31'),
(1, 606, 1, 25, 0, 25, 0, 0, NULL, NULL, NULL, NULL, '2022-11-16 18:43:31'),
(1, 606, 2, 26, 1, 0, 0, 0, NULL, NULL, NULL, NULL, '2022-11-16 18:43:31'),
(1, 606, 3, 27, 1, 0, 0, 0, NULL, NULL, NULL, NULL, '2022-11-16 18:43:31'),
(1, 607, 1, 24, 0, 24, 0, 0, NULL, NULL, NULL, NULL, '2022-11-16 18:43:31'),
(1, 607, 2, 25, 1, 0, 0, 0, NULL, NULL, NULL, NULL, '2022-11-16 18:43:31'),
(1, 607, 3, 26, 1, 0, 0, 0, NULL, NULL, NULL, NULL, '2022-11-16 18:43:31'),
(1, 608, 1, 15, 0, 15, 0, 0, NULL, NULL, NULL, NULL, '2022-11-16 18:43:31'),
(1, 608, 2, 16, 1, 0, 0, 0, NULL, NULL, NULL, NULL, '2022-11-16 18:43:31'),
(1, 608, 3, 17, 1, 0, 0, 0, NULL, NULL, NULL, NULL, '2022-11-16 18:43:31'),
(1, 609, 1, 25, 0, 25, 0, 0, NULL, NULL, NULL, NULL, '2020-10-16 08:23:19'),
(1, 609, 2, 26, 1, 0, 0, 0, NULL, NULL, NULL, NULL, '2020-10-16 08:23:19'),
(1, 609, 3, 0, 0, 0, 0, 0, -2, NULL, NULL, NULL, '2020-10-16 08:23:19'),
(1, 611, 1, 7, 0, 7, 0, 0, NULL, NULL, NULL, NULL, '2023-04-14 19:21:09'),
(1, 611, 2, 8, 1, 0, 0, 0, NULL, NULL, NULL, NULL, '2023-04-14 19:21:09'),
(1, 611, 3, 9, 1, 0, 0, 0, NULL, NULL, NULL, NULL, '2023-04-14 19:21:09'),
(1, 703, 1, 15, 0, 15, 0, 0, NULL, NULL, NULL, NULL, '2022-11-16 18:43:31'),
(1, 703, 2, 16, 1, 0, 0, 0, NULL, NULL, NULL, NULL, '2022-11-16 18:43:31'),
(1, 703, 3, 17, 1, 0, 0, 0, NULL, NULL, NULL, NULL, '2022-11-16 18:43:31'),
(1, 705, 1, 12, 0, 12, 0, 0, NULL, NULL, NULL, NULL, '2020-10-16 08:23:19'),
(1, 705, 2, 13, 1, 0, 0, 0, NULL, NULL, NULL, NULL, '2020-10-16 08:23:19'),
(1, 705, 3, 0, 0, 0, 0, 0, -2, NULL, NULL, NULL, '2020-10-16 08:23:19'),
(1, 706, 1, 8, 0, 8, 0, 0, NULL, NULL, NULL, NULL, '2020-10-16 08:23:19'),
(1, 706, 2, 9, 1, 0, 0, 0, NULL, NULL, NULL, NULL, '2020-10-16 08:23:19'),
(1, 706, 3, 0, 0, 0, 0, 0, -2, NULL, NULL, NULL, '2020-10-16 08:23:19'),
(1, 806, 1, 10, 0, 10, 0, 0, NULL, NULL, NULL, NULL, '2022-11-16 18:43:31'),
(1, 806, 2, 11, 1, 0, 0, 0, NULL, NULL, NULL, NULL, '2022-11-16 18:43:31'),
(1, 806, 3, 12, 1, 0, 0, 0, NULL, NULL, NULL, NULL, '2022-11-16 18:43:31'),
(1, 807, 1, 10, 0, 10, 0, 0, NULL, NULL, NULL, NULL, '2023-04-14 19:21:09'),
(1, 807, 2, 11, 1, 0, 0, 0, NULL, NULL, NULL, NULL, '2023-04-14 19:21:09'),
(1, 807, 3, 12, 1, 0, 0, 0, NULL, NULL, NULL, NULL, '2023-04-14 19:21:09'),
(1, 808, 1, 10, 0, 10, 0, 0, NULL, NULL, NULL, NULL, '2020-10-16 08:23:19'),
(1, 808, 2, 11, 1, 0, 0, 0, NULL, NULL, NULL, NULL, '2020-10-16 08:23:19'),
(1, 808, 3, 0, 0, 0, 0, 0, -2, NULL, NULL, NULL, '2020-10-16 08:23:19'),
(1, 810, 1, 5, 0, 5, 0, 0, NULL, NULL, NULL, NULL, '2023-04-14 19:21:09'),
(1, 810, 2, 6, 1, 0, 0, 0, NULL, NULL, NULL, NULL, '2023-04-14 19:21:09'),
(1, 810, 3, 7, 1, 0, 0, 0, NULL, NULL, NULL, NULL, '2023-04-14 19:21:09'),
(1, 812, 1, 8, 0, 8, 0, 0, NULL, NULL, NULL, NULL, '2020-10-16 08:23:19'),
(1, 812, 2, 9, 1, 0, 0, 0, NULL, NULL, NULL, NULL, '2020-10-16 08:23:19'),
(1, 812, 3, 0, 0, 0, 0, 0, -2, NULL, NULL, NULL, '2020-10-16 08:23:19'),
(1, 902, 1, 45, 0, 45, 0, 0, NULL, NULL, NULL, NULL, '2022-04-05 06:40:31'),
(1, 902, 2, 46, 1, 0, 0, 0, NULL, NULL, NULL, NULL, '2022-04-05 06:40:31'),
(1, 902, 3, 47, 1, 0, 0, 0, NULL, NULL, NULL, NULL, '2022-04-05 06:40:31'),
(1, 906, 1, 7, 0, 7, 0, 0, NULL, NULL, NULL, NULL, '2020-10-16 08:23:19'),
(1, 906, 2, 8, 1, 0, 0, 0, NULL, NULL, NULL, NULL, '2020-10-16 08:23:19'),
(1, 906, 3, 0, 0, 0, 0, 0, -2, NULL, NULL, NULL, '2020-10-16 08:23:19'),
(1, 100003, 1, 5, 0, 5, 0, 0, NULL, NULL, NULL, NULL, '2020-10-16 08:23:19'),
(1, 100003, 2, 6, 1, 0, 0, 0, NULL, NULL, NULL, NULL, '2020-10-16 08:23:19'),
(1, 100003, 3, 0, 0, 0, 0, 0, -2, NULL, NULL, NULL, '2020-10-16 08:23:19'),
(11, 9249, 1, 0, 0, 0, 0, 0, NULL, NULL, NULL, NULL, '2021-10-28 17:22:47'),
(11, 9249, 2, 1, 1, 0, 0, 0, NULL, NULL, NULL, NULL, '2021-10-28 17:22:47'),
(11, 9249, 3, 2, 1, 0, 0, 0, NULL, NULL, NULL, NULL, '2021-10-28 17:22:47'),
(11, 10846, 1, 130, 0, 130, 0, 0, NULL, NULL, NULL, NULL, '2021-10-28 17:22:47'),
(11, 10846, 2, 131, 1, 0, 0, 0, NULL, NULL, NULL, NULL, '2021-10-28 17:22:47'),
(11, 10846, 3, 132, 1, 0, 0, 0, NULL, NULL, NULL, NULL, '2021-10-28 17:22:47'),
(11, 10847, 1, 0, 0, 0, 0, 0, NULL, NULL, NULL, NULL, '2021-10-28 17:22:47'),
(11, 10847, 2, 1, 1, 0, 0, 0, NULL, NULL, NULL, NULL, '2021-10-28 17:22:47'),
(11, 10847, 3, 2, 1, 0, 0, 0, NULL, NULL, NULL, NULL, '2021-10-28 17:22:47'),
(11, 12152, 1, 82, 0, 82, 0, 0, 1, NULL, NULL, '500', '2021-10-29 09:42:44'),
(11, 12152, 2, 83, 1, 83, 0, 0, NULL, '2021-10-29 11:42:44', NULL, NULL, '2021-10-29 09:42:44'),
(11, 12152, 3, 84, 1, 0, 0, 0, NULL, NULL, NULL, NULL, '2021-10-28 17:22:47'),
(11, 12369, 1, 53, 0, 53, 0, 0, -1, NULL, NULL, '700', '2021-10-28 17:25:34'),
(11, 12369, 2, 53, 0, 53, 0, 0, NULL, '2021-10-28 19:25:33', NULL, NULL, '2021-10-28 17:25:34'),
(11, 12369, 3, 54, 1, 0, 0, 0, NULL, NULL, NULL, NULL, '2021-10-28 17:25:33'),
(11, 12739, 1, 125, 0, 125, 0, 0, NULL, NULL, NULL, NULL, '2021-10-28 17:22:47'),
(11, 12739, 2, 126, 1, 0, 0, 0, NULL, NULL, NULL, NULL, '2021-10-28 17:22:47'),
(11, 12739, 3, 127, 1, 0, 0, 0, NULL, NULL, NULL, NULL, '2021-10-28 17:22:47'),
(11, 13030, 1, 78, 0, 78, 0, 0, NULL, NULL, NULL, NULL, '2021-10-28 17:22:47'),
(11, 13030, 2, 79, 1, 0, 0, 0, NULL, NULL, NULL, NULL, '2021-10-28 17:22:47'),
(11, 13030, 3, 80, 1, 0, 0, 0, NULL, NULL, NULL, NULL, '2021-10-28 17:22:47'),
(11, 13113, 1, 68, 0, 68, 0, 0, 1, NULL, NULL, '500', '2021-10-29 09:40:56'),
(11, 13113, 2, 69, 1, 69, 0, 0, NULL, '2021-10-29 11:40:56', NULL, NULL, '2021-10-29 09:40:56'),
(11, 13113, 3, 70, 1, 0, 0, 0, NULL, NULL, NULL, NULL, '2021-10-28 17:22:47'),
(11, 13303, 1, 48, 0, 48, 0, 0, 1, NULL, NULL, '500', '2021-10-28 17:24:47'),
(11, 13303, 2, 49, 1, 49, 0, 0, NULL, '2021-10-28 19:24:46', NULL, NULL, '2021-10-28 17:24:47'),
(11, 13303, 3, 50, 1, 0, 0, 0, NULL, NULL, NULL, NULL, '2021-10-28 17:22:47'),
(11, 20215, 1, 57, 0, 57, 0, 0, -1, NULL, NULL, '700', '2021-10-28 17:28:26'),
(11, 20215, 2, 57, 0, 57, 0, 0, NULL, '2021-10-28 19:28:25', NULL, NULL, '2021-10-28 17:28:26'),
(11, 20215, 3, 58, 1, 0, 0, 0, NULL, NULL, NULL, NULL, '2021-10-28 17:28:25'),
(11, 20550, 1, 70, 0, 70, 0, 0, NULL, NULL, NULL, NULL, '2021-10-28 17:22:47'),
(11, 20550, 2, 71, 1, 0, 0, 0, NULL, NULL, NULL, NULL, '2021-10-28 17:22:47'),
(11, 20550, 3, 72, 1, 0, 0, 0, NULL, NULL, NULL, NULL, '2021-10-28 17:22:47'),
(11, 20815, 1, 114, 0, 114, 0, 0, NULL, NULL, NULL, NULL, '2021-10-28 17:22:47'),
(11, 20815, 2, 115, 1, 0, 0, 0, NULL, NULL, NULL, NULL, '2021-10-28 17:22:47'),
(11, 20815, 3, 116, 1, 0, 0, 0, NULL, NULL, NULL, NULL, '2021-10-28 17:22:47'),
(11, 20820, 1, 62, 0, 62, 0, 0, 1, NULL, NULL, '500', '2021-10-28 17:35:21'),
(11, 20820, 2, 63, 1, 63, 0, 0, NULL, '2021-10-28 19:35:20', NULL, NULL, '2021-10-28 17:35:21'),
(11, 20820, 3, 64, 1, 0, 0, 0, NULL, NULL, NULL, NULL, '2021-10-28 17:22:47'),
(11, 22122, 1, 50, 0, 50, 0, 0, NULL, NULL, NULL, NULL, '2021-10-28 17:22:47'),
(11, 22122, 2, 51, 1, 0, 0, 0, NULL, NULL, NULL, NULL, '2021-10-28 17:22:47'),
(11, 22122, 3, 52, 1, 0, 0, 0, NULL, NULL, NULL, NULL, '2021-10-28 17:22:47'),
(12, 363, 1, 110, 0, 110, 0, 0, NULL, NULL, NULL, NULL, '2023-03-19 14:38:13'),
(12, 363, 2, 111, 1, 0, 0, 0, NULL, NULL, NULL, NULL, '2023-03-19 14:38:13'),
(12, 363, 3, 112, 1, 0, 0, 0, NULL, NULL, NULL, NULL, '2023-03-19 14:38:13'),
(12, 10960, 1, 120, 0, 120, 0, 0, NULL, NULL, NULL, NULL, '2023-03-19 14:38:13'),
(12, 10960, 2, 121, 1, 0, 0, 0, NULL, NULL, NULL, NULL, '2023-03-19 14:38:13'),
(12, 10960, 3, 122, 1, 0, 0, 0, NULL, NULL, NULL, NULL, '2023-03-19 14:38:13'),
(12, 11943, 1, 145, 0, 145, 0, 0, NULL, NULL, NULL, NULL, '2023-03-19 14:38:13'),
(12, 11943, 2, 146, 1, 0, 0, 0, NULL, NULL, NULL, NULL, '2023-03-19 14:38:13'),
(12, 11943, 3, 147, 1, 0, 0, 0, NULL, NULL, NULL, NULL, '2023-03-19 14:38:13'),
(12, 12206, 1, 80, 0, 80, 0, 0, NULL, NULL, NULL, NULL, '2023-03-19 14:38:13'),
(12, 12206, 2, 81, 1, 0, 0, 0, NULL, NULL, NULL, NULL, '2023-03-19 14:38:13'),
(12, 12206, 3, 82, 1, 0, 0, 0, NULL, NULL, NULL, NULL, '2023-03-19 14:38:13'),
(12, 12506, 1, 110, 0, 110, 0, 0, NULL, NULL, NULL, NULL, '2023-03-19 14:38:13'),
(12, 12506, 2, 111, 1, 0, 0, 0, NULL, NULL, NULL, NULL, '2023-03-19 14:38:13'),
(12, 12506, 3, 112, 1, 0, 0, 0, NULL, NULL, NULL, NULL, '2023-03-19 14:38:13'),
(12, 12911, 1, 120, 0, 120, 0, 0, NULL, NULL, NULL, NULL, '2023-03-19 14:38:13'),
(12, 12911, 2, 121, 1, 0, 0, 0, NULL, NULL, NULL, NULL, '2023-03-19 14:38:13'),
(12, 12911, 3, 122, 1, 0, 0, 0, NULL, NULL, NULL, NULL, '2023-03-19 14:38:13'),
(12, 12915, 1, 90, 0, 90, 0, 0, NULL, NULL, NULL, NULL, '2023-03-19 14:38:13'),
(12, 12915, 2, 91, 1, 0, 0, 0, NULL, NULL, NULL, NULL, '2023-03-19 14:38:13'),
(12, 12915, 3, 92, 1, 0, 0, 0, NULL, NULL, NULL, NULL, '2023-03-19 14:38:13'),
(12, 13665, 1, 65, 0, 65, 0, 0, NULL, NULL, NULL, NULL, '2023-03-19 14:38:13'),
(12, 13665, 2, 66, 1, 0, 0, 0, NULL, NULL, NULL, NULL, '2023-03-19 14:38:13'),
(12, 13665, 3, 67, 1, 0, 0, 0, NULL, NULL, NULL, NULL, '2023-03-19 14:38:13'),
(12, 20846, 1, 72, 0, 72, 0, 0, NULL, NULL, NULL, NULL, '2023-03-19 14:38:13'),
(12, 20846, 2, 73, 1, 0, 0, 0, NULL, NULL, NULL, NULL, '2023-03-19 14:38:13'),
(12, 20846, 3, 74, 1, 0, 0, 0, NULL, NULL, NULL, NULL, '2023-03-19 14:38:13'),
(12, 22308, 1, 140, 0, 140, 0, 0, NULL, NULL, NULL, NULL, '2023-03-19 14:38:13'),
(12, 22308, 2, 141, 1, 0, 0, 0, NULL, NULL, NULL, NULL, '2023-03-19 14:38:13'),
(12, 22308, 3, 142, 1, 0, 0, 0, NULL, NULL, NULL, NULL, '2023-03-19 14:38:13'),
(12, 22403, 1, 50, 0, 50, 0, 0, NULL, NULL, NULL, NULL, '2023-03-19 14:38:13'),
(12, 22403, 2, 51, 1, 0, 0, 0, NULL, NULL, NULL, NULL, '2023-03-19 14:38:13'),
(12, 22403, 3, 52, 1, 0, 0, 0, NULL, NULL, NULL, NULL, '2023-03-19 14:38:13'),
(12, 22685, 1, 140, 0, 140, 0, 0, NULL, NULL, NULL, NULL, '2023-03-19 14:38:13'),
(12, 22685, 2, 141, 1, 0, 0, 0, NULL, NULL, NULL, NULL, '2023-03-19 14:38:13'),
(12, 22685, 3, 142, 1, 0, 0, 0, NULL, NULL, NULL, NULL, '2023-03-19 14:38:13'),
(12, 22932, 1, 135, 0, 135, 0, 0, NULL, NULL, NULL, NULL, '2023-03-19 14:38:13'),
(12, 22932, 2, 136, 1, 0, 0, 0, NULL, NULL, NULL, NULL, '2023-03-19 14:38:13'),
(12, 22932, 3, 137, 1, 0, 0, 0, NULL, NULL, NULL, NULL, '2023-03-19 14:38:13'),
(12, 23171, 1, 85, 0, 85, 0, 0, NULL, NULL, NULL, NULL, '2023-03-19 14:38:13'),
(12, 23171, 2, 86, 1, 0, 0, 0, NULL, NULL, NULL, NULL, '2023-03-19 14:38:13'),
(12, 23171, 3, 87, 1, 0, 0, 0, NULL, NULL, NULL, NULL, '2023-03-19 14:38:13'),
(13, 3757, 1, 90, 0, 90, 0, 0, 1, NULL, NULL, '050', '2023-06-29 11:39:16'),
(13, 3757, 2, 91, 1, 91, 0, 0, NULL, '2023-06-29 13:39:15', NULL, NULL, '2023-06-29 11:39:16'),
(13, 3757, 3, 92, 1, 0, 0, 0, NULL, NULL, NULL, NULL, '2023-06-28 13:59:42'),
(13, 6269, 1, 40, 0, 40, 0, 0, 1, NULL, NULL, '500', '2023-06-28 18:37:01'),
(13, 6269, 2, 41, 1, 41, 0, 0, NULL, '2023-06-28 20:37:01', NULL, NULL, '2023-06-28 18:37:01'),
(13, 6269, 3, 42, 1, 0, 0, 0, NULL, NULL, NULL, NULL, '2023-06-28 13:59:42'),
(13, 8923, 1, 80, 0, 80, 0, 0, NULL, NULL, NULL, NULL, '2023-06-28 13:59:42'),
(13, 8923, 2, 81, 1, 0, 0, 0, NULL, NULL, NULL, NULL, '2023-06-28 13:59:42'),
(13, 8923, 3, 82, 1, 0, 0, 0, NULL, NULL, NULL, NULL, '2023-06-28 13:59:42'),
(13, 12043, 1, 90, 0, 90, 0, 0, NULL, NULL, NULL, NULL, '2023-06-28 13:59:42'),
(13, 12043, 2, 91, 1, 0, 0, 0, NULL, NULL, NULL, NULL, '2023-06-28 13:59:42'),
(13, 12043, 3, 92, 1, 0, 0, 0, NULL, NULL, NULL, NULL, '2023-06-28 13:59:42'),
(13, 12330, 1, 90, 0, 90, 0, 0, NULL, NULL, NULL, NULL, '2023-06-28 13:59:42'),
(13, 12330, 2, 91, 1, 0, 0, 0, NULL, NULL, NULL, NULL, '2023-06-28 13:59:42'),
(13, 12330, 3, 92, 1, 0, 0, 0, NULL, NULL, NULL, NULL, '2023-06-28 13:59:42'),
(13, 12696, 1, 110, 0, 110, 0, 0, NULL, NULL, NULL, NULL, '2023-06-28 13:59:42'),
(13, 12696, 2, 111, 1, 0, 0, 0, NULL, NULL, NULL, NULL, '2023-06-28 13:59:42'),
(13, 12696, 3, 112, 1, 0, 0, 0, NULL, NULL, NULL, NULL, '2023-06-28 13:59:42'),
(13, 12989, 1, 45, 0, 45, 0, 0, 1, NULL, NULL, '500', '2023-06-28 18:43:17'),
(13, 12989, 2, 46, 1, 46, 0, 0, NULL, '2023-06-28 20:43:16', NULL, NULL, '2023-06-28 18:43:17'),
(13, 12989, 3, 47, 1, 0, 0, 0, NULL, NULL, NULL, NULL, '2023-06-28 13:59:42'),
(13, 13262, 1, 0, 0, 85, 0, 0, -2, NULL, NULL, NULL, '2023-06-29 11:54:37'),
(13, 13262, 2, 0, 1, 0, 0, 0, -2, NULL, NULL, NULL, '2023-06-29 11:54:37'),
(13, 13262, 3, 0, 1, 0, 0, 0, -2, NULL, NULL, NULL, '2023-06-29 11:54:37'),
(13, 13730, 1, 65, 0, 65, 0, 0, 1, NULL, NULL, '555', '2023-06-28 18:49:34'),
(13, 13730, 2, 66, 1, 66, 0, 0, NULL, '2023-06-28 20:49:34', NULL, NULL, '2023-06-28 18:49:34'),
(13, 13730, 3, 67, 1, 0, 0, 0, NULL, NULL, NULL, NULL, '2023-06-28 13:59:42'),
(13, 13731, 1, 120, 0, 120, 0, 0, NULL, NULL, NULL, NULL, '2023-06-28 13:59:42'),
(13, 13731, 2, 121, 1, 0, 0, 0, NULL, NULL, NULL, NULL, '2023-06-28 13:59:42'),
(13, 13731, 3, 122, 1, 0, 0, 0, NULL, NULL, NULL, NULL, '2023-06-28 13:59:42'),
(13, 21722, 1, 58, 0, 58, 0, 0, 1, NULL, NULL, '500', '2023-06-28 18:44:41'),
(13, 21722, 2, 59, 1, 59, 0, 0, NULL, '2023-06-28 20:44:40', NULL, NULL, '2023-06-28 18:44:41'),
(13, 21722, 3, 60, 1, 0, 0, 0, NULL, NULL, NULL, NULL, '2023-06-28 13:59:42'),
(13, 22563, 1, 40, 0, 40, 0, 0, 1, NULL, NULL, '500', '2023-06-28 18:36:01'),
(13, 22563, 2, 41, 1, 41, 0, 0, 1, '2023-06-28 20:36:00', NULL, '500', '2023-06-29 11:40:26'),
(13, 22563, 3, 42, 1, 42, 0, 0, NULL, '2023-06-29 13:40:25', NULL, NULL, '2023-06-29 11:40:26'),
(13, 22736, 1, 28, 0, 28, 0, 0, NULL, NULL, NULL, NULL, '2023-06-28 13:59:42'),
(13, 22736, 2, 29, 1, 0, 0, 0, NULL, NULL, NULL, NULL, '2023-06-28 13:59:42'),
(13, 22736, 3, 30, 1, 0, 0, 0, NULL, NULL, NULL, NULL, '2023-06-28 13:59:42'),
(13, 23004, 1, 73, 0, 73, 0, 0, -1, NULL, NULL, '070', '2023-06-29 11:37:00'),
(13, 23004, 2, 74, 1, 74, 0, 0, NULL, NULL, NULL, NULL, '2023-06-29 11:37:00'),
(13, 23004, 3, 75, 1, 0, 0, 0, NULL, NULL, NULL, NULL, '2023-06-28 13:59:42'),
(14, 6998, 1, 133, 0, 130, 133, 0, 1, NULL, NULL, '5', '2022-04-09 16:10:08'),
(14, 6998, 2, 138, 5, 134, 138, 0, 1, '2022-04-09 18:10:06', NULL, '5', '2022-04-09 16:17:28'),
(14, 6998, 3, 141, 3, 139, 141, 0, 1, '2022-04-09 18:17:26', NULL, '5', '2022-04-09 16:25:35'),
(14, 8503, 1, 88, 0, 88, 0, 0, -1, NULL, NULL, '7', '2022-04-09 15:46:15'),
(14, 8503, 2, 88, 0, 88, 0, 0, 1, '2022-04-09 17:46:13', NULL, '5', '2022-04-09 15:54:23'),
(14, 8503, 3, 91, 3, 89, 91, 0, -1, '2022-04-09 17:54:21', NULL, '7', '2022-04-09 16:02:15'),
(14, 11848, 1, 0, 0, 70, 0, 0, -2, NULL, NULL, NULL, '2022-04-11 18:24:14'),
(14, 11848, 2, 0, 1, 0, 0, 0, -2, NULL, NULL, NULL, '2022-04-11 18:24:14'),
(14, 11848, 3, 0, 1, 0, 0, 0, -2, NULL, NULL, NULL, '2022-04-11 18:24:14'),
(14, 11943, 1, 148, 0, 140, 148, 0, 1, NULL, NULL, '5', '2022-04-09 16:12:24'),
(14, 11943, 2, 153, 5, 149, 153, 0, 1, '2022-04-09 18:12:22', NULL, '5', '2022-04-09 16:19:56'),
(14, 11943, 3, 158, 5, 154, 158, 0, -1, '2022-04-09 18:19:54', NULL, '7', '2022-04-09 16:27:50'),
(14, 12089, 1, 77, 0, 74, 77, 0, 1, NULL, NULL, '5', '2022-04-09 15:32:51'),
(14, 12089, 2, 80, 3, 78, 80, 0, 1, '2022-04-09 17:32:49', NULL, '5', '2022-04-09 15:39:02'),
(14, 12089, 3, 82, 2, 81, 82, 0, -1, '2022-04-09 17:39:00', NULL, '7', '2022-04-09 15:45:05'),
(14, 12506, 1, 150, 0, 140, 150, 0, 1, NULL, NULL, '5', '2022-04-09 16:13:36'),
(14, 12506, 2, 155, 5, 151, 155, 0, 1, '2022-04-09 18:13:34', NULL, '5', '2022-04-09 16:21:26'),
(14, 12506, 3, 158, 3, 156, 158, 0, 1, '2022-04-09 18:21:25', NULL, '5', '2022-04-09 16:29:14'),
(14, 13665, 1, 75, 0, 65, 75, 0, -1, NULL, NULL, '7', '2022-04-09 15:31:56'),
(14, 13665, 2, 75, 0, 75, 0, 0, 1, '2022-04-09 17:31:54', NULL, '5', '2022-04-09 15:37:15'),
(14, 13665, 3, 78, 3, 76, 78, 0, -1, '2022-04-09 17:37:13', NULL, '7', '2022-04-09 15:43:16'),
(14, 20007, 1, 138, 0, 130, 138, 0, 1, NULL, NULL, '5', '2022-04-09 15:50:34'),
(14, 20007, 2, 143, 5, 139, 143, 0, -1, '2022-04-09 17:50:32', NULL, '7', '2022-04-09 15:58:44'),
(14, 20007, 3, 143, 0, 143, 0, 0, -1, '2022-04-09 17:58:43', NULL, '7', '2022-04-09 16:06:32'),
(14, 20203, 1, 140, 0, 140, 0, 0, 1, NULL, NULL, '5', '2022-04-09 16:11:14'),
(14, 20203, 2, 145, 5, 141, 145, 0, -1, '2022-04-09 18:11:12', NULL, '7', '2022-04-09 16:18:35'),
(14, 20203, 3, 145, 0, 145, 0, 0, -1, '2022-04-09 18:18:33', NULL, '7', '2022-04-09 16:26:32'),
(14, 20846, 1, 75, 0, 65, 65, 75, 1, NULL, NULL, '5', '2022-04-09 15:31:03'),
(14, 20846, 2, 79, 4, 76, 79, 0, -1, '2022-04-09 17:31:01', NULL, '7', '2022-04-09 15:38:08'),
(14, 20846, 3, 79, 0, 79, 0, 0, 1, '2022-04-09 17:38:06', NULL, '5', '2022-04-09 15:44:09'),
(14, 21238, 1, 63, 0, 63, 0, 0, 1, NULL, NULL, '5', '2022-04-09 15:27:32'),
(14, 21238, 2, 66, 3, 64, 66, 0, -1, '2022-04-09 17:27:30', NULL, '7', '2022-04-09 15:34:17'),
(14, 21238, 3, 66, 0, 66, 0, 0, -1, '2022-04-09 17:34:16', NULL, '7', '2022-04-09 15:40:22'),
(14, 21735, 1, 50, 0, 50, 0, 0, NULL, NULL, NULL, NULL, '2022-04-09 14:37:16'),
(14, 21735, 2, 51, 1, 0, 0, 0, NULL, NULL, NULL, NULL, '2022-04-09 14:37:16'),
(14, 21735, 3, 52, 1, 0, 0, 0, NULL, NULL, NULL, NULL, '2022-04-09 14:37:16'),
(14, 21938, 1, 147, 0, 140, 147, 0, 1, NULL, NULL, '5', '2022-04-09 15:52:46'),
(14, 21938, 2, 152, 5, 148, 152, 0, 1, '2022-04-09 17:52:44', NULL, '5', '2022-04-09 16:00:43'),
(14, 21938, 3, 155, 3, 153, 155, 0, -1, '2022-04-09 18:00:41', NULL, '7', '2022-04-09 16:08:33'),
(14, 22520, 1, 60, 0, 60, 0, 0, NULL, NULL, NULL, NULL, '2022-04-09 14:37:16'),
(14, 22520, 2, 61, 1, 0, 0, 0, NULL, NULL, NULL, NULL, '2022-04-09 14:37:16'),
(14, 22520, 3, 62, 1, 0, 0, 0, NULL, NULL, NULL, NULL, '2022-04-09 14:37:16'),
(14, 22932, 1, 140, 0, 140, 0, 0, 1, NULL, NULL, '5', '2022-04-09 15:51:44'),
(14, 22932, 2, 145, 5, 141, 145, 0, 1, '2022-04-09 17:51:43', NULL, '5', '2022-04-09 15:59:47'),
(14, 22932, 3, 150, 5, 146, 150, 0, 1, '2022-04-09 17:59:45', NULL, '5', '2022-04-09 16:07:36'),
(15, 9448, 1, 99, 0, 90, 99, 0, 1, NULL, NULL, '5', '2022-04-09 15:47:18'),
(15, 9448, 2, 102, 3, 100, 102, 0, -1, '2022-04-09 17:47:16', NULL, '7', '2022-04-09 15:55:25'),
(15, 9448, 3, 102, 0, 102, 0, 0, 1, '2022-04-09 17:55:23', NULL, '5', '2022-04-09 16:03:15'),
(15, 11226, 1, 130, 0, 120, 130, 0, 1, NULL, NULL, '5', '2022-04-09 15:49:05'),
(15, 11226, 2, 135, 5, 131, 135, 0, 1, '2022-04-09 17:49:03', NULL, '5', '2022-04-09 15:57:16'),
(15, 11226, 3, 138, 3, 136, 138, 0, 1, '2022-04-09 17:57:14', NULL, '5', '2022-04-09 16:04:59'),
(15, 11943, 1, 148, 0, 140, 148, 0, 1, NULL, NULL, '5', '2022-04-09 16:12:24'),
(15, 11943, 2, 153, 5, 149, 153, 0, 1, '2022-04-09 18:12:22', NULL, '5', '2022-04-09 16:19:56'),
(15, 11943, 3, 158, 5, 154, 158, 0, -1, '2022-04-09 18:19:54', NULL, '7', '2022-04-09 16:27:50'),
(15, 12506, 1, 150, 0, 140, 150, 0, 1, NULL, NULL, '5', '2022-04-09 16:13:36'),
(15, 12506, 2, 155, 5, 151, 155, 0, 1, '2022-04-09 18:13:34', NULL, '5', '2022-04-09 16:21:26'),
(15, 12506, 3, 158, 3, 156, 158, 0, 1, '2022-04-09 18:21:25', NULL, '5', '2022-04-09 16:29:14'),
(15, 13665, 1, 75, 0, 65, 75, 0, -1, NULL, NULL, '7', '2022-04-09 15:31:56'),
(15, 13665, 2, 75, 0, 75, 0, 0, 1, '2022-04-09 17:31:54', NULL, '5', '2022-04-09 15:37:15'),
(15, 13665, 3, 78, 3, 76, 78, 0, -1, '2022-04-09 17:37:13', NULL, '7', '2022-04-09 15:43:16'),
(15, 20059, 1, 67, 0, 65, 67, 0, 1, NULL, NULL, '5', '2022-04-09 15:28:39'),
(15, 20059, 2, 70, 3, 68, 70, 0, -1, '2022-04-09 17:28:37', NULL, '7', '2022-04-09 15:35:16'),
(15, 20059, 3, 70, 0, 70, 0, 0, -1, '2022-04-09 17:35:14', NULL, '7', '2022-04-09 15:41:18'),
(15, 20640, 1, 110, 0, 110, 0, 0, NULL, NULL, NULL, NULL, '2022-04-16 17:30:25'),
(15, 20640, 2, 111, 1, 0, 0, 0, NULL, NULL, NULL, NULL, '2023-03-17 09:39:47'),
(15, 20640, 3, 112, 1, 0, 0, 0, NULL, NULL, NULL, NULL, '2023-03-17 09:39:47'),
(15, 20846, 1, 75, 0, 65, 65, 75, 1, NULL, NULL, '5', '2022-04-09 15:31:03'),
(15, 20846, 2, 79, 4, 76, 79, 0, -1, '2022-04-09 17:31:01', NULL, '7', '2022-04-09 15:38:08'),
(15, 20846, 3, 79, 0, 79, 0, 0, 1, '2022-04-09 17:38:06', NULL, '5', '2022-04-09 15:44:09'),
(15, 21735, 1, 50, 0, 50, 0, 0, NULL, NULL, NULL, NULL, '2022-04-09 14:37:16'),
(15, 21735, 2, 51, 1, 0, 0, 0, NULL, NULL, NULL, NULL, '2022-04-09 14:37:16'),
(15, 21735, 3, 52, 1, 0, 0, 0, NULL, NULL, NULL, NULL, '2022-04-09 14:37:16'),
(15, 21740, 1, 175, 0, 170, 175, 0, 1, NULL, NULL, '5', '2022-04-09 16:16:02'),
(15, 21740, 2, 180, 5, 176, 180, 0, 1, '2022-04-09 18:16:00', NULL, '5', '2022-04-09 16:24:10'),
(15, 21740, 3, 183, 3, 181, 183, 0, 1, '2022-04-09 18:24:08', NULL, '5', '2022-04-09 16:32:14'),
(15, 21938, 1, 147, 0, 140, 147, 0, 1, NULL, NULL, '5', '2022-04-09 15:52:46'),
(15, 21938, 2, 152, 5, 148, 152, 0, 1, '2022-04-09 17:52:44', NULL, '5', '2022-04-09 16:00:43'),
(15, 21938, 3, 155, 3, 153, 155, 0, -1, '2022-04-09 18:00:41', NULL, '7', '2022-04-09 16:08:33'),
(15, 22524, 1, 60, 0, 60, 0, 0, NULL, NULL, NULL, NULL, '2022-04-09 14:37:16'),
(15, 22524, 2, 61, 1, 0, 0, 0, NULL, NULL, NULL, NULL, '2022-04-09 14:37:16'),
(15, 22524, 3, 62, 1, 0, 0, 0, NULL, NULL, NULL, NULL, '2022-04-09 14:37:16'),
(15, 22538, 1, 165, 0, 165, 0, 0, 1, NULL, NULL, '5', '2022-04-09 16:14:40'),
(15, 22538, 2, 172, 7, 166, 172, 0, 1, '2022-04-09 18:14:38', NULL, '5', '2022-04-09 16:22:47'),
(15, 22538, 3, 175, 3, 173, 175, 0, -1, '2022-04-09 18:22:45', NULL, '7', '2022-04-09 16:30:48'),
(15, 22932, 1, 140, 0, 140, 0, 0, 1, NULL, NULL, '5', '2022-04-09 15:51:44'),
(15, 22932, 2, 145, 5, 141, 145, 0, 1, '2022-04-09 17:51:43', NULL, '5', '2022-04-09 15:59:47'),
(15, 22932, 3, 150, 5, 146, 150, 0, 1, '2022-04-09 17:59:45', NULL, '5', '2022-04-09 16:07:36'),
(15, 23017, 1, 68, 0, 65, 68, 0, 1, NULL, NULL, '5', '2022-04-09 15:29:36'),
(15, 23017, 2, 72, 4, 69, 72, 0, 1, '2022-04-09 17:29:34', NULL, '5', '2022-04-09 15:36:18'),
(15, 23017, 3, 75, 3, 73, 75, 0, -1, '2022-04-09 17:36:16', NULL, '7', '2022-04-09 15:42:17'),
(16, 100017, 1, 110, 0, 110, 0, 0, 1, NULL, NULL, '500', '2023-04-16 11:04:50'),
(16, 100017, 2, 111, 1, 111, 0, 0, 1, '2023-04-15 16:00:06', NULL, '500', '2023-04-16 11:33:08'),
(16, 100017, 3, 112, 1, 112, 0, 0, 1, '2023-04-16 13:33:07', NULL, '500', '2023-04-16 11:34:16'),
(16, 100018, 1, 110, 0, 110, 0, 0, 1, NULL, NULL, '500', '2023-04-16 11:30:37'),
(16, 100018, 2, 111, 1, 111, 0, 0, 1, '2023-04-16 13:09:22', NULL, '500', '2023-04-16 11:33:49'),
(16, 100018, 3, 112, 1, 112, 0, 0, 1, '2023-04-16 13:33:48', NULL, '500', '2023-04-16 11:34:43'),
(16, 100019, 1, 120, 0, 120, 0, 0, 1, NULL, NULL, '500', '2023-04-16 11:36:37'),
(16, 100019, 2, 121, 1, 121, 0, 0, 1, '2023-04-16 13:36:36', NULL, '500', '2023-04-16 11:47:36'),
(16, 100019, 3, 122, 1, 122, 0, 0, 1, '2023-04-16 13:47:35', NULL, '500', '2023-04-16 11:48:20'),
(16, 100020, 1, 95, 0, 95, 0, 0, 1, NULL, NULL, '500', '2023-04-11 12:34:59'),
(16, 100020, 2, 96, 1, 96, 0, 0, 1, '2023-04-11 14:34:52', NULL, '500', '2023-04-11 15:11:10'),
(16, 100020, 3, 97, 1, 97, 0, 0, 1, '2023-04-11 17:10:16', NULL, '500', '2023-04-14 16:01:50'),
(16, 100021, 1, 100, 0, 100, 0, 0, 1, NULL, NULL, '500', '2023-04-14 18:54:07'),
(16, 100021, 2, 101, 1, 101, 0, 0, 1, '2023-04-14 20:48:05', NULL, '500', '2023-04-14 18:55:08'),
(16, 100021, 3, 102, 1, 102, 0, 0, 1, '2023-04-14 20:55:07', NULL, '500', '2023-04-14 19:00:47'),
(16, 100022, 1, 90, 0, 90, 0, 0, 1, NULL, NULL, '500', '2023-04-11 12:14:06'),
(16, 100022, 2, 91, 1, 91, 0, 0, 1, '2023-04-11 14:14:04', NULL, '500', '2023-04-11 12:16:47'),
(16, 100022, 3, 92, 1, 92, 0, 0, 1, '2023-04-11 14:16:46', NULL, '500', '2023-04-11 12:27:14'),
(16, 100023, 1, 50, 0, 50, 0, 0, 1, NULL, NULL, '500', '2023-04-11 11:54:07'),
(16, 100023, 2, 51, 1, 51, 0, 0, 1, '2023-04-11 13:54:06', NULL, '500', '2023-04-11 11:54:32'),
(16, 100023, 3, 52, 1, 52, 0, 0, 1, '2023-04-11 13:54:31', NULL, '500', '2023-04-11 11:54:44'),
(17, 104, 1, 60, 0, 60, 0, 0, 1, NULL, NULL, '500', '2023-05-19 13:55:10'),
(17, 104, 2, 65, 5, 61, 65, 0, 1, '2023-05-19 15:55:09', NULL, '500', '2023-05-19 13:55:44'),
(17, 104, 3, 66, 1, 66, 0, 0, 1, '2023-05-19 15:55:44', NULL, '500', '2023-05-19 13:57:24'),
(17, 301, 1, 55, 0, 55, 0, 0, 1, NULL, NULL, '500', '2023-04-10 12:30:46'),
(17, 301, 2, 56, 1, 56, 0, 0, 1, '2023-04-10 14:30:45', NULL, '500', '2023-05-19 13:52:51'),
(17, 301, 3, 57, 1, 57, 0, 0, 1, '2023-05-19 15:52:50', NULL, '500', '2023-05-19 13:54:39'),
(17, 304, 1, 66, 0, 66, 0, 0, 1, NULL, NULL, '500', '2023-05-19 13:56:10'),
(17, 304, 2, 67, 1, 67, 0, 0, NULL, '2023-05-19 15:56:10', NULL, NULL, '2023-05-19 13:56:10'),
(17, 304, 3, 68, 1, 0, 0, 0, NULL, NULL, NULL, NULL, '2023-03-28 17:29:30'),
(17, 404, 1, 55, 0, 55, 0, 0, 1, NULL, NULL, '500', '2023-04-10 12:24:42'),
(17, 404, 2, 56, 1, 56, 0, 0, 1, '2023-04-10 14:24:41', NULL, '500', '2023-04-26 15:23:41'),
(17, 404, 3, 57, 1, 57, 0, 0, 1, '2023-04-26 16:20:28', NULL, '500', '2023-05-19 13:54:26'),
(17, 902, 1, 75, 0, 75, 0, 0, NULL, NULL, NULL, NULL, '2023-03-28 17:29:30'),
(17, 902, 2, 76, 1, 0, 0, 0, NULL, NULL, NULL, NULL, '2023-03-28 17:29:30'),
(17, 902, 3, 77, 1, 0, 0, 0, NULL, NULL, NULL, NULL, '2023-03-28 17:29:30'),
(17, 11943, 1, 120, 0, 120, 0, 0, 1, NULL, NULL, '500', '2023-04-16 11:36:50'),
(17, 11943, 2, 121, 1, 121, 0, 0, 1, '2023-04-16 13:36:49', NULL, '500', '2023-04-16 11:47:46'),
(17, 11943, 3, 122, 1, 122, 0, 0, -1, '2023-04-16 13:47:45', NULL, '500', '2023-05-18 12:30:06'),
(17, 100017, 1, 110, 0, 110, 0, 0, 1, NULL, NULL, '500', '2023-04-16 11:04:50'),
(17, 100017, 2, 111, 1, 111, 0, 0, -1, '2023-04-15 16:00:06', NULL, '500', '2023-05-18 12:30:24'),
(17, 100017, 3, 112, 1, 112, 0, 0, -1, '2023-04-16 13:33:07', NULL, '500', '2023-05-18 12:30:18'),
(17, 100018, 1, 110, 0, 110, 0, 0, 1, NULL, NULL, '500', '2023-04-16 11:30:37'),
(17, 100018, 2, 111, 1, 111, 0, 0, 1, '2023-04-16 13:09:22', NULL, '500', '2023-04-16 11:33:49'),
(17, 100018, 3, 112, 1, 112, 0, 0, 1, '2023-04-16 13:33:48', NULL, '500', '2023-04-16 11:34:43'),
(17, 100019, 1, 120, 0, 120, 0, 0, 1, NULL, NULL, '500', '2023-04-16 11:36:37'),
(17, 100019, 2, 121, 1, 121, 0, 0, 1, '2023-04-16 13:36:36', NULL, '500', '2023-04-16 11:47:36'),
(17, 100019, 3, 122, 1, 122, 0, 0, 1, '2023-04-16 13:47:35', NULL, '500', '2023-04-16 11:48:20'),
(17, 100020, 1, 95, 0, 95, 0, 0, 1, NULL, NULL, '500', '2023-04-11 12:34:59'),
(17, 100020, 2, 96, 1, 96, 0, 0, 1, '2023-04-11 14:34:52', NULL, '500', '2023-04-11 15:11:10'),
(17, 100020, 3, 97, 1, 97, 0, 0, 1, '2023-04-11 17:10:16', NULL, '500', '2023-04-14 16:01:50'),
(17, 100021, 1, 100, 0, 100, 0, 0, 1, NULL, NULL, '500', '2023-04-14 18:54:07'),
(17, 100021, 2, 101, 1, 101, 0, 0, 1, '2023-04-14 20:48:05', NULL, '500', '2023-04-14 18:55:08'),
(17, 100021, 3, 102, 1, 102, 0, 0, 1, '2023-04-14 20:55:07', NULL, '500', '2023-04-14 19:00:47'),
(17, 100022, 1, 90, 0, 90, 0, 0, 1, NULL, NULL, '500', '2023-04-11 12:14:06'),
(17, 100022, 2, 91, 1, 91, 0, 0, 1, '2023-04-11 14:14:04', NULL, '500', '2023-04-11 12:16:47'),
(17, 100022, 3, 92, 1, 92, 0, 0, 1, '2023-04-11 14:16:46', NULL, '500', '2023-04-11 12:27:14'),
(17, 100030, 1, 70, 0, 70, 0, 0, NULL, NULL, NULL, NULL, '2023-03-28 17:29:30'),
(17, 100030, 2, 71, 1, 0, 0, 0, NULL, NULL, NULL, NULL, '2023-03-28 17:29:30'),
(17, 100030, 3, 72, 1, 0, 0, 0, NULL, NULL, NULL, NULL, '2023-03-28 17:29:30'),
(17, 100031, 1, 41, 0, 41, 0, 0, 1, NULL, NULL, '500', '2023-03-28 18:16:55'),
(17, 100031, 2, 42, 1, 42, 0, 0, 1, '2023-03-28 20:16:19', NULL, '500', '2023-04-08 14:00:41'),
(17, 100031, 3, 43, 1, 43, 0, 0, 1, '2023-04-08 16:00:40', NULL, '500', '2023-04-08 14:43:33'),
(17, 100032, 1, 51, 0, 51, 0, 0, 1, NULL, NULL, '500', '2023-04-10 10:42:00'),
(17, 100032, 2, 52, 1, 52, 0, 0, 1, '2023-04-10 12:39:48', NULL, '500', '2023-04-10 12:22:31'),
(17, 100032, 3, 53, 1, 53, 0, 0, 1, '2023-04-10 14:22:30', NULL, '500', '2023-04-10 12:23:00'),
(17, 100033, 1, 43, 0, 43, 0, 0, 1, NULL, NULL, '500', '2023-04-08 14:12:29'),
(17, 100033, 2, 44, 1, 44, 0, 0, 1, '2023-04-08 16:12:27', NULL, '500', '2023-04-09 09:31:13'),
(17, 100033, 3, 45, 1, 45, 0, 0, 1, '2023-04-08 16:49:38', NULL, '500', '2023-04-09 18:02:32'),
(17, 100034, 1, 42, 0, 42, 0, 0, 1, NULL, NULL, '500', '2023-03-28 19:02:38'),
(17, 100034, 2, 43, 1, 43, 0, 0, 1, '2023-03-28 20:45:23', NULL, '500', '2023-04-08 14:42:31'),
(17, 100034, 3, 44, 1, 44, 0, 0, 1, '2023-04-08 16:42:30', NULL, '500', '2023-04-09 17:47:42'),
(17, 100035, 1, 75, 0, 75, 0, 0, NULL, NULL, NULL, NULL, '2023-03-28 17:29:30'),
(17, 100035, 2, 76, 1, 0, 0, 0, NULL, NULL, NULL, NULL, '2023-03-28 17:29:30'),
(17, 100035, 3, 77, 1, 0, 0, 0, NULL, NULL, NULL, NULL, '2023-03-28 17:29:30'),
(17, 100036, 1, 54, 0, 54, 0, 0, 1, NULL, NULL, '500', '2023-04-10 12:23:17'),
(17, 100036, 2, 55, 1, 55, 0, 0, 1, '2023-04-10 14:23:16', NULL, '500', '2023-04-11 10:46:55'),
(17, 100036, 3, 56, 1, 56, 0, 0, 1, '2023-04-11 12:46:54', NULL, '500', '2023-05-19 13:53:44'),
(17, 100037, 1, 89, 0, 89, 0, 0, NULL, NULL, NULL, NULL, '2023-03-28 17:29:30'),
(17, 100037, 2, 90, 1, 0, 0, 0, NULL, NULL, NULL, NULL, '2023-03-28 17:29:30'),
(17, 100037, 3, 91, 1, 0, 0, 0, NULL, NULL, NULL, NULL, '2023-03-28 17:29:30'),
(17, 100038, 1, 41, 0, 41, 0, 0, 1, NULL, NULL, '500', '2023-03-28 18:15:56'),
(17, 100038, 2, 42, 1, 42, 0, 0, 1, '2023-03-28 19:58:38', NULL, '500', '2023-04-08 13:59:19'),
(17, 100038, 3, 43, 1, 43, 0, 0, 1, '2023-04-08 15:59:18', NULL, '500', '2023-04-08 14:43:12'),
(17, 100039, 1, 90, 0, 90, 0, 0, 1, NULL, NULL, '500', '2023-04-11 12:14:51'),
(17, 100039, 2, 91, 1, 91, 0, 0, 1, '2023-04-11 14:14:49', NULL, '500', '2023-04-11 12:17:16'),
(17, 100039, 3, 92, 1, 92, 0, 0, 1, '2023-04-11 14:17:15', NULL, '500', '2023-04-11 12:27:56'),
(17, 100040, 1, 110, 0, 110, 0, 0, 1, NULL, NULL, '500', '2023-04-16 11:32:09'),
(17, 100040, 2, 111, 1, 111, 0, 0, 1, '2023-04-16 13:32:04', NULL, '500', '2023-04-16 11:34:04'),
(17, 100040, 3, 112, 1, 112, 0, 0, 1, '2023-04-16 13:34:03', NULL, '500', '2023-04-16 11:35:02'),
(17, 100041, 1, 90, 0, 90, 0, 0, 1, NULL, NULL, '500', '2023-04-11 12:13:33'),
(17, 100041, 2, 91, 1, 91, 0, 0, 1, '2023-04-11 14:13:32', NULL, '500', '2023-04-11 12:15:31'),
(17, 100041, 3, 92, 1, 92, 0, 0, 1, '2023-04-11 14:15:30', NULL, '500', '2023-04-11 12:25:27'),
(17, 100042, 1, 80, 0, 80, 0, 0, 1, NULL, NULL, '500', '2023-04-11 11:56:06'),
(17, 100042, 2, 81, 1, 81, 0, 0, 1, '2023-04-11 13:56:05', NULL, '500', '2023-04-11 12:09:58'),
(17, 100042, 3, 82, 1, 82, 0, 0, 1, '2023-04-11 14:07:05', NULL, '500', '2023-04-11 12:11:13'),
(17, 100043, 1, 120, 0, 120, 0, 0, 1, NULL, NULL, '500', '2023-04-16 11:37:19'),
(17, 100043, 2, 121, 1, 121, 0, 0, 1, '2023-04-16 13:37:18', NULL, '500', '2023-04-16 11:48:11'),
(17, 100043, 3, 122, 1, 122, 0, 0, 1, '2023-04-16 13:48:10', NULL, '500', '2023-04-16 11:48:49'),
(17, 100044, 1, 80, 0, 80, 0, 0, 1, NULL, NULL, '500', '2023-04-11 11:54:57'),
(17, 100044, 2, 81, 1, 81, 0, 0, 1, '2023-04-11 13:54:56', NULL, '500', '2023-04-11 12:04:44'),
(17, 100044, 3, 82, 1, 82, 0, 0, 1, '2023-04-11 14:04:43', NULL, '500', '2023-04-11 12:10:49'),
(17, 100045, 1, 110, 0, 110, 0, 0, 1, NULL, NULL, '500', '2023-04-16 11:05:58'),
(17, 100045, 2, 111, 1, 111, 0, 0, 1, '2023-04-16 13:05:57', NULL, '500', '2023-04-16 11:33:23'),
(17, 100045, 3, 112, 1, 112, 0, 0, 1, '2023-04-16 13:33:22', NULL, '500', '2023-04-16 11:34:29'),
(17, 100046, 1, 120, 0, 120, 0, 0, 1, NULL, NULL, '500', '2023-04-16 11:37:01'),
(17, 100046, 2, 121, 1, 121, 0, 0, 1, '2023-04-16 13:36:59', NULL, '500', '2023-04-16 11:48:01'),
(17, 100046, 3, 122, 1, 122, 0, 0, 1, '2023-04-16 13:48:00', NULL, '500', '2023-04-16 11:48:41'),
(17, 100047, 1, 90, 0, 90, 0, 0, 1, NULL, NULL, '500', '2023-04-11 12:11:33'),
(17, 100047, 2, 91, 1, 91, 0, 0, 1, '2023-04-11 14:11:32', NULL, '500', '2023-04-11 12:15:13'),
(17, 100047, 3, 92, 1, 92, 0, 0, 1, '2023-04-11 14:15:12', NULL, '500', '2023-04-11 12:25:08'),
(17, 100048, 1, 100, 0, 100, 0, 0, 1, NULL, NULL, '500', '2023-04-14 18:54:39'),
(17, 100048, 2, 101, 1, 101, 0, 0, 1, '2023-04-14 20:54:33', NULL, '500', '2023-04-14 18:55:35'),
(17, 100048, 3, 102, 1, 102, 0, 0, 1, '2023-04-14 20:55:33', NULL, '500', '2023-04-14 19:13:54'),
(21, 6269, 1, 40, 0, 40, 0, 0, NULL, NULL, NULL, NULL, '2022-12-04 19:58:24'),
(21, 6269, 2, 41, 1, 0, 0, 0, NULL, NULL, NULL, NULL, '2022-12-04 19:58:24'),
(21, 6269, 3, 42, 1, 0, 0, 0, NULL, NULL, NULL, NULL, '2022-12-04 19:58:24'),
(22, 4555, 1, 0, 0, 0, 0, 0, 0, NULL, NULL, NULL, '2023-01-11 17:09:52'),
(22, 4555, 2, 0, 1, 0, 0, 0, 0, NULL, NULL, NULL, '2023-01-11 17:09:52'),
(22, 4555, 3, 0, 1, 0, 0, 0, 0, NULL, NULL, NULL, '2023-01-11 17:09:52'),
(22, 9448, 1, 99, 0, 99, 0, 0, -1, NULL, NULL, NULL, '2023-01-11 17:09:52'),
(22, 9448, 2, 99, 1, 0, 0, 0, 1, NULL, NULL, NULL, '2023-01-11 17:09:52'),
(22, 9448, 3, 103, 1, 0, 0, 0, 1, NULL, NULL, NULL, '2023-01-11 17:09:52'),
(22, 9549, 1, 128, 0, 128, 0, 0, 1, NULL, NULL, NULL, '2023-01-11 17:09:52'),
(22, 9549, 2, 132, 1, 0, 0, 0, 1, NULL, NULL, NULL, '2023-01-11 17:09:52'),
(22, 9549, 3, 134, 1, 0, 0, 0, 1, NULL, NULL, NULL, '2023-01-11 17:09:52'),
(22, 10632, 1, 150, 0, 150, 0, 0, 1, NULL, NULL, NULL, '2023-01-11 17:09:52'),
(22, 10632, 2, 155, 1, 0, 0, 0, -1, NULL, NULL, NULL, '2023-01-11 17:09:52'),
(22, 10632, 3, 155, 1, 0, 0, 0, 1, NULL, NULL, NULL, '2023-01-11 17:09:52'),
(22, 10912, 1, 160, 0, 160, 0, 0, 1, NULL, NULL, NULL, '2023-01-11 17:09:52'),
(22, 10912, 2, 165, 1, 0, 0, 0, 1, NULL, NULL, NULL, '2023-01-11 17:09:52'),
(22, 10912, 3, 168, 1, 0, 0, 0, -1, NULL, NULL, NULL, '2023-01-11 17:09:52'),
(22, 11188, 1, 60, 0, 60, 0, 0, 1, NULL, NULL, NULL, '2023-01-11 17:09:52'),
(22, 11188, 2, 0, 1, 0, 0, 0, 0, NULL, NULL, NULL, '2023-01-11 17:09:52'),
(22, 11188, 3, 0, 1, 0, 0, 0, 0, NULL, NULL, NULL, '2023-01-11 17:09:52'),
(22, 11226, 1, 140, 0, 140, 0, 0, 1, NULL, NULL, NULL, '2023-01-11 17:09:52'),
(22, 11226, 2, 145, 1, 0, 0, 0, 1, NULL, NULL, NULL, '2023-01-11 17:09:52'),
(22, 11226, 3, 147, 1, 0, 0, 0, 1, NULL, NULL, NULL, '2023-01-11 17:09:52'),
(22, 11439, 1, 150, 0, 150, 0, 0, 1, NULL, NULL, NULL, '2023-01-11 17:09:52'),
(22, 11439, 2, 155, 1, 0, 0, 0, 1, NULL, NULL, NULL, '2023-01-11 17:09:52'),
(22, 11439, 3, 160, 1, 0, 0, 0, 1, NULL, NULL, NULL, '2023-01-11 17:09:52'),
(22, 11726, 1, 95, 0, 95, 0, 0, 1, NULL, NULL, NULL, '2023-01-11 17:09:52'),
(22, 11726, 2, 98, 1, 0, 0, 0, 1, NULL, NULL, NULL, '2023-01-11 17:09:52'),
(22, 11726, 3, 100, 1, 0, 0, 0, 1, NULL, NULL, NULL, '2023-01-11 17:09:52'),
(22, 12056, 1, 124, 0, 124, 0, 0, 1, NULL, NULL, NULL, '2023-01-11 17:09:52'),
(22, 12056, 2, 127, 1, 0, 0, 0, 1, NULL, NULL, NULL, '2023-01-11 17:09:52'),
(22, 12056, 3, 129, 1, 0, 0, 0, 1, NULL, NULL, NULL, '2023-01-11 17:09:52'),
(22, 12371, 1, 66, 0, 66, 0, 0, 1, NULL, NULL, NULL, '2023-01-11 17:09:52'),
(22, 12371, 2, 70, 1, 0, 0, 0, 1, NULL, NULL, NULL, '2023-01-11 17:09:52'),
(22, 12371, 3, 72, 1, 0, 0, 0, 1, NULL, NULL, NULL, '2023-01-11 17:09:52'),
(22, 12885, 1, 0, 0, 0, 0, 0, 0, NULL, NULL, NULL, '2023-01-11 17:09:52'),
(22, 12885, 2, 0, 1, 0, 0, 0, 0, NULL, NULL, NULL, '2023-01-11 17:09:52'),
(22, 12885, 3, 0, 1, 0, 0, 0, 0, NULL, NULL, NULL, '2023-01-11 17:09:52'),
(22, 20059, 1, 67, 0, 67, 0, 0, 1, NULL, NULL, NULL, '2023-01-11 17:09:52'),
(22, 20059, 2, 70, 1, 0, 0, 0, 1, NULL, NULL, NULL, '2023-01-11 17:09:52'),
(22, 20059, 3, 72, 1, 0, 0, 0, 1, NULL, NULL, NULL, '2023-01-11 17:09:52'),
(22, 20169, 1, 140, 0, 140, 0, 0, 1, NULL, NULL, NULL, '2023-01-11 17:09:52'),
(22, 20169, 2, 145, 1, 0, 0, 0, 1, NULL, NULL, NULL, '2023-01-11 17:09:52'),
(22, 20169, 3, 149, 1, 0, 0, 0, 1, NULL, NULL, NULL, '2023-01-11 17:09:52'),
(22, 20640, 1, 0, 0, 0, 0, 0, 0, NULL, NULL, NULL, '2023-01-11 17:09:52'),
(22, 20640, 2, 0, 1, 0, 0, 0, 0, NULL, NULL, NULL, '2023-01-11 17:09:52'),
(22, 20640, 3, 0, 1, 0, 0, 0, 0, NULL, NULL, NULL, '2023-01-11 17:09:52'),
(22, 20987, 1, 65, 0, 65, 0, 0, 1, NULL, NULL, NULL, '2023-01-11 17:09:52'),
(22, 20987, 2, 0, 1, 0, 0, 0, 0, NULL, NULL, NULL, '2023-01-11 17:09:52'),
(22, 20987, 3, 0, 1, 0, 0, 0, 0, NULL, NULL, NULL, '2023-01-11 17:09:52'),
(22, 21057, 1, 71, 0, 71, 0, 0, 1, NULL, NULL, NULL, '2023-01-11 17:09:52'),
(22, 21057, 2, 74, 1, 0, 0, 0, 1, NULL, NULL, NULL, '2023-01-11 17:09:52'),
(22, 21057, 3, 76, 1, 0, 0, 0, -1, NULL, NULL, NULL, '2023-01-11 17:09:52'),
(22, 21580, 1, 160, 0, 160, 0, 0, 1, NULL, NULL, NULL, '2023-01-11 17:09:52'),
(22, 21580, 2, 165, 1, 0, 0, 0, -1, NULL, NULL, NULL, '2023-01-11 17:09:52'),
(22, 21580, 3, 168, 1, 0, 0, 0, 1, NULL, NULL, NULL, '2023-01-11 17:09:52'),
(22, 21740, 1, 170, 0, 170, 0, 0, 1, NULL, NULL, NULL, '2023-01-11 17:09:52'),
(22, 21740, 2, 178, 1, 0, 0, 0, 1, NULL, NULL, NULL, '2023-01-11 17:09:52'),
(22, 21740, 3, 182, 1, 0, 0, 0, 1, NULL, NULL, NULL, '2023-01-11 17:09:52'),
(22, 22305, 1, 147, 0, 147, 0, 0, 1, NULL, NULL, NULL, '2023-01-11 17:09:52'),
(22, 22305, 2, 152, 1, 0, 0, 0, 1, NULL, NULL, NULL, '2023-01-11 17:09:52'),
(22, 22305, 3, 155, 1, 0, 0, 0, 1, NULL, NULL, NULL, '2023-01-11 17:09:52'),
(22, 22517, 1, 145, 0, 145, 0, 0, 1, NULL, NULL, NULL, '2023-01-11 17:09:52'),
(22, 22517, 2, 150, 1, 0, 0, 0, -1, NULL, NULL, NULL, '2023-01-11 17:09:52'),
(22, 22517, 3, 150, 1, 0, 0, 0, -1, NULL, NULL, NULL, '2023-01-11 17:09:52'),
(22, 22524, 1, 65, 0, 65, 0, 0, 1, NULL, NULL, NULL, '2023-01-11 17:09:52'),
(22, 22524, 2, 68, 1, 0, 0, 0, 1, NULL, NULL, NULL, '2023-01-11 17:09:52'),
(22, 22524, 3, 70, 1, 0, 0, 0, 1, NULL, NULL, NULL, '2023-01-11 17:09:52'),
(22, 22538, 1, 160, 0, 160, 0, 0, 1, NULL, NULL, NULL, '2023-01-11 17:09:52'),
(22, 22538, 2, 170, 1, 0, 0, 0, 1, NULL, NULL, NULL, '2023-01-11 17:09:52'),
(22, 22538, 3, 177, 1, 0, 0, 0, 1, NULL, NULL, NULL, '2023-01-11 17:09:52'),
(22, 23017, 1, 0, 0, 0, 0, 0, 0, NULL, NULL, NULL, '2023-01-11 17:09:52'),
(22, 23017, 2, 0, 1, 0, 0, 0, 0, NULL, NULL, NULL, '2023-01-11 17:09:52'),
(22, 23017, 3, 0, 1, 0, 0, 0, 0, NULL, NULL, NULL, '2023-01-11 17:09:52'),
(23, 6141, 1, 0, 0, 0, 0, 0, -2, NULL, NULL, NULL, '2023-01-11 11:05:59'),
(23, 6141, 2, 0, 1, 0, 0, 0, -2, NULL, NULL, NULL, '2023-01-11 11:05:59'),
(23, 6141, 3, 0, 1, 0, 0, 0, -2, NULL, NULL, NULL, '2023-01-11 11:05:59'),
(23, 9200, 1, 0, 0, 0, 0, 0, -2, NULL, NULL, NULL, '2023-01-11 11:05:59'),
(23, 9200, 2, 0, 1, 0, 0, 0, -2, NULL, NULL, NULL, '2023-01-11 11:05:59'),
(23, 9200, 3, 0, 1, 0, 0, 0, -2, NULL, NULL, NULL, '2023-01-11 11:05:59'),
(23, 11336, 1, 80, 0, 80, 0, 0, 1, NULL, NULL, NULL, '2023-01-11 11:11:17'),
(23, 11336, 2, 85, 1, 0, 0, 0, 1, NULL, NULL, NULL, '2023-01-11 11:11:17'),
(23, 11336, 3, 90, 1, 0, 0, 0, 1, NULL, NULL, NULL, '2023-01-11 11:11:17'),
(23, 11357, 1, 120, 0, 120, 0, 0, 1, NULL, NULL, NULL, '2023-01-11 11:05:59'),
(23, 11357, 2, 130, 1, 0, 0, 0, 1, NULL, NULL, NULL, '2023-01-11 11:05:59'),
(23, 11357, 3, 135, 1, 0, 0, 0, 1, NULL, NULL, NULL, '2023-01-11 11:05:59'),
(23, 11912, 1, 105, 0, 105, 0, 0, 1, NULL, NULL, NULL, '2023-01-11 11:05:19'),
(23, 11912, 2, 110, 1, 0, 0, 0, 1, NULL, NULL, NULL, '2023-01-11 11:05:19'),
(23, 11912, 3, 112, 1, 0, 0, 0, 1, NULL, NULL, NULL, '2023-01-11 11:05:19'),
(23, 12144, 1, 105, 0, 105, 0, 0, 1, NULL, NULL, NULL, '2023-01-11 11:05:59'),
(23, 12144, 2, 110, 1, 0, 0, 0, 1, NULL, NULL, NULL, '2023-01-11 11:05:59'),
(23, 12144, 3, 115, 1, 0, 0, 0, 1, NULL, NULL, NULL, '2023-01-11 11:05:59'),
(23, 12366, 1, 62, 0, 62, 0, 0, 1, NULL, NULL, NULL, '2023-01-11 11:11:17'),
(23, 12366, 2, 66, 1, 0, 0, 0, 1, NULL, NULL, NULL, '2023-01-11 11:11:17'),
(23, 12366, 3, 68, 1, 0, 0, 0, 1, NULL, NULL, NULL, '2023-01-11 11:11:17'),
(23, 12438, 1, 100, 0, 100, 0, 0, 1, NULL, NULL, NULL, '2023-01-11 11:11:17'),
(23, 12438, 2, 105, 1, 0, 0, 0, 1, NULL, NULL, NULL, '2023-01-11 11:11:17'),
(23, 12438, 3, 110, 1, 0, 0, 0, 1, NULL, NULL, NULL, '2023-01-11 11:11:17'),
(23, 13528, 1, 120, 0, 120, 0, 0, 1, NULL, NULL, NULL, '2023-01-11 11:11:17'),
(23, 13528, 2, 127, 1, 0, 0, 0, 1, NULL, NULL, NULL, '2023-01-11 11:11:17'),
(23, 13528, 3, 132, 1, 0, 0, 0, 1, NULL, NULL, NULL, '2023-01-11 11:11:17'),
(23, 13730, 1, 70, 0, 70, 0, 0, 1, NULL, NULL, NULL, '2023-01-11 11:11:17'),
(23, 13730, 2, 72, 1, 0, 0, 0, 1, NULL, NULL, NULL, '2023-01-11 11:11:17'),
(23, 13730, 3, 74, 1, 0, 0, 0, -1, NULL, NULL, NULL, '2023-01-11 11:11:17'),
(23, 22213, 1, 65, 0, 65, 0, 0, 1, NULL, NULL, NULL, '2023-01-11 11:11:17'),
(23, 22213, 2, 70, 1, 0, 0, 0, 1, NULL, NULL, NULL, '2023-01-11 11:11:17'),
(23, 22213, 3, 75, 1, 0, 0, 0, -1, NULL, NULL, NULL, '2023-01-11 11:11:17'),
(23, 22271, 1, 53, 0, 53, 0, 0, 1, NULL, NULL, NULL, '2023-01-11 11:05:59'),
(23, 22271, 2, 56, 1, 0, 0, 0, 1, NULL, NULL, NULL, '2023-01-11 11:05:59'),
(23, 22271, 3, 58, 1, 0, 0, 0, 1, NULL, NULL, NULL, '2023-01-11 11:05:59'),
(23, 22282, 1, 62, 0, 62, 0, 0, 1, NULL, NULL, NULL, '2023-01-11 11:05:59'),
(23, 22282, 2, 66, 1, 0, 0, 0, 1, NULL, NULL, NULL, '2023-01-11 11:05:59'),
(23, 22282, 3, 70, 1, 0, 0, 0, 1, NULL, NULL, NULL, '2023-01-11 11:05:59'),
(26, 10632, 1, 130, 0, 120, 130, 0, 1, NULL, NULL, '050', '2023-01-28 17:45:22'),
(26, 10632, 2, 138, 8, 131, 138, 0, 1, '2023-01-28 18:45:21', NULL, '050', '2023-01-28 17:51:16'),
(26, 10632, 3, 145, 7, 139, 145, 0, 1, '2023-01-28 18:51:16', NULL, '050', '2023-01-28 17:57:36'),
(26, 10912, 1, 140, 0, 130, 140, 0, 1, NULL, NULL, '050', '2023-01-28 17:46:26'),
(26, 10912, 2, 145, 5, 141, 145, 0, 1, '2023-01-28 18:46:25', NULL, '050', '2023-01-28 17:52:04'),
(26, 10912, 3, 148, 3, 146, 148, 0, 1, '2023-01-28 18:52:03', NULL, '050', '2023-01-28 17:58:54'),
(26, 11943, 1, 145, 0, 140, 145, 0, 1, NULL, NULL, '050', '2023-01-28 17:49:14'),
(26, 11943, 2, 150, 5, 146, 150, 0, 1, '2023-01-28 18:49:13', NULL, '050', '2023-01-28 17:55:13'),
(26, 11943, 3, 155, 5, 151, 155, 0, -1, '2023-01-28 18:55:12', NULL, '070', '2023-01-28 18:02:41'),
(26, 12056, 1, 110, 0, 110, 0, 0, 1, NULL, NULL, '050', '2023-01-28 17:22:25'),
(26, 12056, 2, 113, 3, 111, 113, 0, -1, '2023-01-28 18:22:24', NULL, '070', '2023-01-28 17:31:38'),
(26, 12056, 3, 113, 0, 113, 0, 0, 1, '2023-01-28 18:31:37', NULL, '050', '2023-01-28 17:41:08'),
(26, 12506, 1, 140, 0, 135, 140, 0, 1, NULL, NULL, '050', '2023-01-28 17:47:24'),
(26, 12506, 2, 145, 5, 141, 145, 0, 1, '2023-01-28 18:47:23', NULL, '050', '2023-01-28 17:53:06'),
(26, 12506, 3, 150, 5, 146, 150, 0, 1, '2023-01-28 18:53:05', NULL, '050', '2023-01-28 18:00:05'),
(26, 12915, 1, 100, 0, 90, 100, 0, 1, NULL, NULL, '050', '2023-01-28 17:21:10'),
(26, 12915, 2, 105, 5, 101, 105, 0, 1, '2023-01-28 18:21:09', NULL, '050', '2023-01-28 17:30:28'),
(26, 12915, 3, 108, 3, 106, 108, 0, -1, '2023-01-28 18:30:27', NULL, '070', '2023-01-28 17:39:01'),
(26, 20663, 1, 150, 0, 150, 0, 0, 1, NULL, NULL, '050', '2023-01-28 17:50:13'),
(26, 20663, 2, 156, 6, 151, 156, 0, 1, '2023-01-28 18:50:12', NULL, '050', '2023-01-28 17:56:19'),
(26, 20663, 3, 160, 4, 157, 160, 0, 1, '2023-01-28 18:56:18', NULL, '050', '2023-01-28 18:03:57'),
(26, 21057, 1, 70, 0, 65, 70, 0, 1, NULL, NULL, '050', '2023-01-28 17:18:20'),
(26, 21057, 2, 73, 3, 71, 73, 0, 1, '2023-01-28 18:18:19', NULL, '050', '2023-01-28 17:28:08'),
(26, 21057, 3, 75, 2, 74, 75, 0, -1, '2023-01-28 18:28:07', NULL, '070', '2023-01-28 17:37:19'),
(26, 21331, 1, 80, 0, 80, 0, 0, NULL, NULL, NULL, NULL, '2023-01-28 16:25:17'),
(26, 21331, 2, 81, 1, 0, 0, 0, NULL, NULL, NULL, NULL, '2023-01-28 16:25:17'),
(26, 21331, 3, 82, 1, 0, 0, 0, NULL, NULL, NULL, NULL, '2023-01-28 16:25:17'),
(26, 22308, 1, 145, 0, 140, 145, 0, 1, NULL, NULL, '050', '2023-01-28 17:48:21'),
(26, 22308, 2, 150, 5, 146, 150, 0, 1, '2023-01-28 18:48:20', NULL, '050', '2023-01-28 17:54:03'),
(26, 22308, 3, 155, 5, 151, 155, 0, 1, '2023-01-28 18:54:03', NULL, '050', '2023-01-28 18:01:28'),
(26, 22643, 1, 55, 0, 53, 55, 0, 1, NULL, NULL, '050', '2023-01-28 17:17:06'),
(26, 22643, 2, 58, 3, 56, 58, 0, 1, '2023-01-28 18:17:04', NULL, '050', '2023-01-28 17:26:43'),
(26, 22643, 3, 60, 2, 59, 60, 0, 1, '2023-01-28 18:26:42', NULL, '050', '2023-01-28 17:35:55'),
(26, 23254, 1, 135, 0, 135, 0, 0, 1, NULL, NULL, '050', '2023-01-28 17:23:38'),
(26, 23254, 2, 140, 5, 136, 140, 0, 1, '2023-01-28 18:23:37', NULL, '050', '2023-01-28 17:32:53'),
(26, 23254, 3, 142, 2, 141, 142, 0, 1, '2023-01-28 18:32:52', NULL, '050', '2023-01-28 17:42:31'),
(26, 23675, 1, 145, 0, 138, 145, 0, 1, NULL, NULL, '050', '2023-01-28 17:25:04'),
(26, 23675, 2, 150, 5, 146, 150, 0, 1, '2023-01-28 18:25:03', NULL, '050', '2023-01-28 17:34:22'),
(26, 23675, 3, 153, 3, 151, 153, 0, -1, '2023-01-28 18:34:21', NULL, '070', '2023-01-28 17:44:17'),
(26, 23832, 1, 100, 0, 100, 0, 0, 1, NULL, NULL, '050', '2023-01-28 17:20:00'),
(26, 23832, 2, 105, 5, 101, 105, 0, 1, '2023-01-28 18:19:59', NULL, '050', '2023-01-28 17:29:25'),
(26, 23832, 3, 110, 5, 106, 110, 0, 1, '2023-01-28 18:29:25', NULL, '050', '2023-01-28 17:40:01'),
(27, 10960, 1, 133, 0, 125, 133, 0, 1, NULL, NULL, '050', '2023-03-11 17:23:12'),
(27, 10960, 2, 137, 4, 134, 137, 0, -1, '2023-03-11 18:23:11', NULL, '070', '2023-03-11 17:30:30'),
(27, 10960, 3, 137, 0, 137, 0, 0, -1, '2023-03-11 18:30:29', NULL, '070', '2023-03-11 17:37:36'),
(27, 11439, 1, 153, 0, 145, 153, 0, 1, NULL, NULL, '050', '2023-03-11 17:43:20'),
(27, 11439, 2, 158, 5, 154, 158, 0, 1, '2023-03-11 18:43:19', NULL, '050', '2023-03-11 17:50:11'),
(27, 11439, 3, 165, 7, 159, 165, 0, -1, '2023-03-11 18:50:10', NULL, '070', '2023-03-11 17:57:03'),
(27, 11943, 1, 143, 0, 135, 143, 0, 1, NULL, NULL, '050', '2023-03-11 17:41:12'),
(27, 11943, 2, 148, 5, 144, 148, 0, 1, '2023-03-11 18:41:11', NULL, '050', '2023-03-11 17:48:07'),
(27, 11943, 3, 152, 4, 149, 152, 0, -1, '2023-03-11 18:48:06', NULL, '070', '2023-03-11 17:55:02'),
(27, 12156, 1, 155, 0, 150, 155, 0, 1, NULL, NULL, '050', '2023-03-11 17:44:25');
INSERT INTO `reissen` (`Wettkampf`, `Teilnehmer`, `Versuch`, `HLast`, `Diff`, `Steigerung1`, `Steigerung2`, `Steigerung3`, `Wertung`, `Zeit`, `Note`, `Lampen`, `Updated`) VALUES
(27, 12156, 2, 160, 5, 156, 160, 0, 1, '2023-03-11 18:44:24', NULL, '050', '2023-03-11 17:51:13'),
(27, 12156, 3, 165, 5, 161, 165, 0, -1, '2023-03-11 18:51:12', NULL, '070', '2023-03-11 17:57:50'),
(27, 12206, 1, 91, 0, 85, 91, 0, 1, NULL, NULL, '050', '2023-03-11 17:20:20'),
(27, 12206, 2, 94, 3, 92, 94, 0, 1, '2023-03-11 18:20:19', NULL, '050', '2023-03-11 17:28:07'),
(27, 12206, 3, 97, 3, 95, 97, 0, -1, '2023-03-11 18:28:06', NULL, '070', '2023-03-11 17:35:10'),
(27, 12506, 1, 140, 0, 135, 140, 0, 1, NULL, NULL, '050', '2023-03-11 17:40:06'),
(27, 12506, 2, 145, 5, 141, 145, 0, 1, '2023-03-11 18:40:05', NULL, '050', '2023-03-11 17:46:51'),
(27, 12506, 3, 150, 5, 146, 150, 0, 1, '2023-03-11 18:46:50', NULL, '050', '2023-03-11 17:53:48'),
(27, 12911, 1, 134, 0, 130, 134, 0, 1, NULL, NULL, '050', '2023-03-11 17:38:57'),
(27, 12911, 2, 137, 3, 135, 137, 0, 1, '2023-03-11 18:38:57', NULL, '050', '2023-03-11 17:45:39'),
(27, 12911, 3, 140, 3, 138, 140, 0, 1, '2023-03-11 18:45:39', NULL, '050', '2023-03-11 17:52:37'),
(27, 21735, 1, 60, 0, 55, 60, 0, 1, NULL, NULL, '050', '2023-03-11 17:17:51'),
(27, 21735, 2, 63, 3, 61, 63, 0, -1, '2023-03-11 18:17:50', NULL, '070', '2023-03-11 17:25:46'),
(27, 21735, 3, 63, 0, 63, 0, 0, -1, '2023-03-11 18:25:45', NULL, '070', '2023-03-11 17:32:48'),
(27, 21938, 1, 146, 0, 145, 146, 0, 1, NULL, NULL, '050', '2023-03-11 17:42:20'),
(27, 21938, 2, 150, 4, 147, 150, 0, -1, '2023-03-11 18:42:19', NULL, '070', '2023-03-11 17:48:57'),
(27, 21938, 3, 152, 2, 150, 152, 0, -1, '2023-03-11 18:48:56', NULL, '070', '2023-03-11 17:55:54'),
(27, 22643, 1, 56, 0, 53, 56, 0, 1, NULL, NULL, '050', '2023-03-11 17:16:23'),
(27, 22643, 2, 58, 2, 57, 58, 0, 1, '2023-03-11 18:16:22', NULL, '050', '2023-03-11 17:24:44'),
(27, 22643, 3, 60, 2, 59, 60, 0, 1, '2023-03-11 18:24:43', NULL, '050', '2023-03-11 17:31:52'),
(27, 23171, 1, 83, 0, 83, 0, 0, 1, NULL, NULL, '050', '2023-03-11 17:19:12'),
(27, 23171, 2, 86, 3, 84, 86, 0, 1, '2023-03-11 18:19:11', NULL, '050', '2023-03-11 17:26:56'),
(27, 23171, 3, 88, 2, 87, 88, 0, 1, '2023-03-11 18:26:55', NULL, '050', '2023-03-11 17:33:59'),
(27, 23832, 1, 105, 0, 105, 0, 0, 1, NULL, NULL, '050', '2023-03-11 17:21:50'),
(27, 23832, 2, 110, 5, 106, 110, 0, 1, '2023-03-11 18:21:49', NULL, '050', '2023-03-11 17:29:30'),
(27, 23832, 3, 115, 5, 111, 115, 0, -1, '2023-03-11 18:29:29', NULL, '070', '2023-03-11 17:36:32'),
(28, 102, 1, 78, 0, 75, 78, 0, 1, NULL, NULL, '050', '2023-05-20 09:31:32'),
(28, 102, 2, 82, 4, 79, 82, 0, 1, '2023-05-20 13:31:32', NULL, '050', '2023-05-20 09:35:31'),
(28, 102, 3, 85, 3, 83, 85, 0, 1, '2023-05-20 13:35:30', NULL, '050', '2023-05-20 09:38:08'),
(28, 103, 1, 67, 0, 65, 67, 0, 1, NULL, NULL, '050', '2023-05-20 09:21:05'),
(28, 103, 2, 70, 3, 68, 70, 0, 1, '2023-05-20 13:21:05', NULL, '050', '2023-05-20 09:23:08'),
(28, 103, 3, 73, 3, 71, 73, 0, -1, '2023-05-20 13:23:07', NULL, '070', '2023-05-20 09:26:27'),
(28, 209, 1, 57, 0, 55, 57, 0, 1, NULL, NULL, '050', '2023-05-20 09:11:30'),
(28, 209, 2, 60, 3, 58, 60, 0, 1, '2023-05-20 13:11:29', NULL, '050', '2023-05-20 09:13:15'),
(28, 209, 3, 62, 2, 61, 62, 0, 1, '2023-05-20 13:13:14', NULL, '050', '2023-05-20 09:17:00'),
(28, 307, 1, 62, 0, 60, 62, 0, -1, NULL, NULL, '070', '2023-05-20 09:14:26'),
(28, 307, 2, 62, 0, 62, 0, 0, 1, '2023-05-20 13:14:26', NULL, '050', '2023-05-20 09:16:07'),
(28, 307, 3, 66, 4, 63, 66, 0, 1, '2023-05-20 13:16:06', NULL, '050', '2023-05-20 09:18:21'),
(28, 308, 1, 74, 0, 72, 74, 0, 1, NULL, NULL, '050', '2023-05-20 09:27:29'),
(28, 308, 2, 77, 3, 75, 77, 0, 1, '2023-05-20 13:27:28', NULL, '050', '2023-05-20 09:30:28'),
(28, 308, 3, 80, 3, 78, 80, 0, 1, '2023-05-20 13:30:27', NULL, '050', '2023-05-20 09:34:18'),
(28, 606, 1, 79, 0, 75, 79, 0, 1, NULL, NULL, '050', '2023-05-20 09:32:50'),
(28, 606, 2, 82, 3, 80, 82, 0, 1, '2023-05-20 13:32:49', NULL, '050', '2023-05-20 09:36:25'),
(28, 606, 3, 85, 3, 83, 85, 0, -1, '2023-05-20 13:36:25', NULL, '070', '2023-05-20 09:39:06'),
(28, 608, 1, 47, 0, 45, 47, 0, 1, NULL, NULL, '050', '2023-05-20 09:04:36'),
(28, 608, 2, 51, 4, 48, 51, 0, 1, '2023-05-20 13:04:36', NULL, '050', '2023-05-20 09:08:20'),
(28, 608, 3, 55, 4, 52, 55, 0, -1, '2023-05-20 13:08:19', NULL, '070', '2023-05-20 09:10:42'),
(28, 11943, 1, 140, 0, 130, 135, 140, -1, NULL, NULL, '070', '2023-05-20 12:42:32'),
(28, 11943, 2, 145, 5, 140, 145, 0, 1, '2023-05-20 16:42:31', NULL, '050', '2023-05-20 12:45:00'),
(28, 11943, 3, 150, 5, 146, 150, 0, 1, '2023-05-20 16:44:59', NULL, '050', '2023-05-20 12:48:17'),
(28, 100019, 1, 90, 0, 85, 90, 0, 1, NULL, NULL, '050', '2023-05-20 11:52:45'),
(28, 100019, 2, 95, 5, 91, 95, 0, -1, '2023-05-20 15:52:44', NULL, '070', '2023-05-20 12:00:28'),
(28, 100019, 3, 96, 1, 95, 96, 0, -1, '2023-05-20 16:00:27', NULL, '070', '2023-05-20 12:04:03'),
(28, 100032, 1, 88, 0, 85, 87, 88, 1, NULL, NULL, '050', '2023-05-20 11:50:56'),
(28, 100032, 2, 92, 4, 89, 92, 0, 1, '2023-05-20 15:50:55', NULL, '050', '2023-05-20 11:55:54'),
(28, 100032, 3, 95, 3, 93, 95, 0, 1, '2023-05-20 15:55:53', NULL, '050', '2023-05-20 12:01:29'),
(28, 100037, 1, 82, 0, 75, 78, 82, 1, NULL, NULL, '050', '2023-05-20 11:45:33'),
(28, 100037, 2, 86, 4, 83, 86, 0, 1, '2023-05-20 15:45:32', NULL, '050', '2023-05-20 11:48:22'),
(28, 100037, 3, 90, 4, 87, 90, 0, 1, '2023-05-20 15:48:21', NULL, '050', '2023-05-20 11:53:50'),
(28, 100038, 1, 75, 0, 70, 75, 0, 1, NULL, NULL, '050', '2023-05-20 11:38:31'),
(28, 100038, 2, 80, 5, 76, 80, 0, 1, '2023-05-20 15:38:30', NULL, '050', '2023-05-20 11:42:59'),
(28, 100038, 3, 83, 3, 81, 83, 0, 1, '2023-05-20 15:42:58', NULL, '050', '2023-05-20 11:46:55'),
(28, 100039, 1, 102, 0, 100, 102, 0, 1, NULL, NULL, '050', '2023-05-20 12:08:56'),
(28, 100039, 2, 106, 4, 103, 106, 0, 1, '2023-05-20 16:08:55', NULL, '050', '2023-05-20 12:14:42'),
(28, 100039, 3, 110, 4, 107, 110, 0, -1, '2023-05-20 16:14:41', NULL, '070', '2023-05-20 12:17:52'),
(28, 100040, 1, 120, 0, 110, 115, 120, 1, NULL, NULL, '050', '2023-05-20 12:21:04'),
(28, 100040, 2, 125, 5, 121, 125, 0, -1, '2023-05-20 16:21:03', NULL, '070', '2023-05-20 12:25:17'),
(28, 100040, 3, 127, 2, 125, 127, 0, -1, '2023-05-20 16:25:16', NULL, '070', '2023-05-20 12:28:55'),
(28, 100041, 1, 120, 0, 110, 120, 0, 1, NULL, NULL, '050', '2023-05-20 12:19:12'),
(28, 100041, 2, 127, 7, 121, 127, 0, 1, '2023-05-20 16:19:11', NULL, '050', '2023-05-20 12:26:56'),
(28, 100041, 3, 130, 3, 128, 130, 0, 1, '2023-05-20 16:26:55', NULL, '050', '2023-05-20 12:32:02'),
(28, 100043, 1, 67, 0, 65, 67, 0, 1, NULL, NULL, '050', '2023-05-20 09:20:22'),
(28, 100043, 2, 71, 4, 68, 71, 0, 1, '2023-05-20 13:20:21', NULL, '050', '2023-05-20 09:24:55'),
(28, 100043, 3, 75, 4, 72, 75, 0, -1, '2023-05-20 13:24:54', NULL, '070', '2023-05-20 09:29:28'),
(28, 100052, 1, 45, 0, 45, 0, 0, 1, NULL, NULL, '050', '2023-05-20 09:03:03'),
(28, 100052, 2, 48, 3, 46, 48, 0, 1, '2023-05-20 13:03:02', NULL, '050', '2023-05-20 09:05:31'),
(28, 100052, 3, 50, 2, 49, 50, 0, 1, '2023-05-20 13:05:30', NULL, '050', '2023-05-20 09:07:26'),
(28, 100053, 1, 67, 0, 60, 67, 0, -1, NULL, NULL, '070', '2023-05-20 09:19:28'),
(28, 100053, 2, 67, 0, 67, 0, 0, 1, '2023-05-20 13:19:27', NULL, '050', '2023-05-20 09:21:49'),
(28, 100053, 3, 70, 3, 68, 70, 0, -1, '2023-05-20 13:21:48', NULL, '070', '2023-05-20 09:23:53'),
(28, 100054, 1, 110, 0, 105, 110, 0, 1, NULL, NULL, '050', '2023-05-20 09:40:38'),
(28, 100054, 2, 114, 4, 111, 114, 0, 1, '2023-05-20 13:40:37', NULL, '050', '2023-05-20 09:42:54'),
(28, 100054, 3, 118, 4, 115, 118, 0, 1, '2023-05-20 13:42:53', NULL, '050', '2023-05-20 09:45:20'),
(28, 100055, 1, 57, 0, 57, 0, 0, 1, NULL, NULL, '000', '2023-05-20 11:32:24'),
(28, 100055, 2, 69, 12, 66, 69, 0, 1, NULL, NULL, '050', '2023-05-20 11:34:34'),
(28, 100055, 3, 73, 4, 70, 73, 0, -1, '2023-05-20 15:34:32', NULL, '070', '2023-05-20 11:36:54'),
(28, 100056, 1, 76, 0, 70, 76, 0, -1, NULL, NULL, '070', '2023-05-20 11:39:50'),
(28, 100056, 2, 76, 0, 76, 0, 0, 1, '2023-05-20 15:39:49', NULL, '050', '2023-05-20 11:41:21'),
(28, 100056, 3, 80, 4, 77, 80, 0, 1, '2023-05-20 15:41:20', NULL, '050', '2023-05-20 11:44:32'),
(28, 100057, 1, 92, 0, 90, 92, 0, -1, NULL, NULL, '070', '2023-05-20 11:54:43'),
(28, 100057, 2, 92, 0, 92, 0, 0, 1, '2023-05-20 15:54:42', NULL, '050', '2023-05-20 11:56:43'),
(28, 100057, 3, 95, 3, 93, 95, 0, -1, '2023-05-20 15:56:42', NULL, '070', '2023-05-20 12:02:27'),
(28, 100058, 1, 98, 0, 95, 98, 0, 1, NULL, NULL, '050', '2023-05-20 12:05:05'),
(28, 100058, 2, 103, 5, 99, 103, 0, -1, '2023-05-20 16:05:04', NULL, '070', '2023-05-20 12:10:06'),
(28, 100058, 3, 103, 0, 103, 0, 0, 1, '2023-05-20 16:10:05', NULL, '050', '2023-05-20 12:12:09'),
(28, 100059, 1, 120, 0, 118, 120, 0, 1, NULL, NULL, '050', '2023-05-20 12:20:04'),
(28, 100059, 2, 124, 4, 121, 124, 0, 1, '2023-05-20 16:20:03', NULL, '050', '2023-05-20 12:22:42'),
(28, 100059, 3, 127, 3, 125, 127, 0, -1, '2023-05-20 16:22:41', NULL, '070', '2023-05-20 12:27:52'),
(28, 100060, 1, 132, 0, 130, 132, 0, 1, NULL, NULL, '050', '2023-05-20 12:33:17'),
(28, 100060, 2, 136, 4, 133, 140, 136, -1, '2023-05-20 16:33:16', NULL, '070', '2023-05-20 12:38:15'),
(28, 100060, 3, 138, 2, 136, 138, 0, 1, '2023-05-20 16:38:14', NULL, '050', '2023-05-20 12:41:05'),
(28, 100061, 1, 95, 0, 90, 95, 0, 1, NULL, NULL, '050', '2023-05-20 11:59:29'),
(28, 100061, 2, 100, 5, 96, 98, 100, 1, '2023-05-20 15:59:28', NULL, '050', '2023-05-20 12:07:19'),
(28, 100061, 3, 104, 4, 101, 103, 104, 1, '2023-05-20 16:07:18', NULL, '050', '2023-05-20 12:13:01'),
(28, 100062, 1, 125, 0, 115, 123, 125, 1, NULL, NULL, '050', '2023-05-20 12:24:15'),
(28, 100062, 2, 130, 5, 126, 130, 0, 1, '2023-05-20 16:24:14', NULL, '050', '2023-05-20 12:30:40'),
(28, 100062, 3, 135, 5, 131, 135, 0, 1, '2023-05-20 16:30:39', NULL, '050', '2023-05-20 12:37:12'),
(28, 100064, 1, 88, 0, 85, 88, 0, 1, NULL, NULL, '050', '2023-05-20 11:50:04'),
(28, 100064, 2, 93, 5, 89, 93, 0, 1, '2023-05-20 15:50:03', NULL, '050', '2023-05-20 11:57:52'),
(28, 100064, 3, 98, 5, 94, 96, 98, 1, '2023-05-20 15:57:51', NULL, '050', '2023-05-20 12:06:11'),
(29, 8503, 1, 85, 0, 85, 0, 0, NULL, NULL, NULL, NULL, '2023-08-29 08:01:04'),
(29, 8503, 2, 86, 1, 0, 0, 0, NULL, NULL, NULL, NULL, '2023-08-29 08:01:04'),
(29, 8503, 3, 87, 1, 0, 0, 0, NULL, NULL, NULL, NULL, '2023-08-29 08:01:04'),
(29, 12206, 1, 85, 0, 85, 0, 0, NULL, NULL, NULL, NULL, '2023-08-29 08:01:04'),
(29, 12206, 2, 86, 1, 0, 0, 0, NULL, NULL, NULL, NULL, '2023-08-29 08:01:04'),
(29, 12206, 3, 87, 1, 0, 0, 0, NULL, NULL, NULL, NULL, '2023-08-29 08:01:04'),
(29, 100064, 1, 92, 0, 92, 0, 0, NULL, NULL, NULL, NULL, '2023-08-29 08:01:04'),
(29, 100064, 2, 93, 1, 0, 0, 0, NULL, NULL, NULL, NULL, '2023-08-29 08:01:04'),
(29, 100064, 3, 94, 1, 0, 0, 0, NULL, NULL, NULL, NULL, '2023-08-29 08:01:04'),
(29, 100065, 1, 85, 0, 85, 0, 0, NULL, NULL, NULL, NULL, '2023-08-29 08:01:04'),
(29, 100065, 2, 86, 1, 0, 0, 0, NULL, NULL, NULL, NULL, '2023-08-29 08:01:04'),
(29, 100065, 3, 87, 1, 0, 0, 0, NULL, NULL, NULL, NULL, '2023-08-29 08:01:04'),
(29, 100066, 1, 80, 0, 80, 0, 0, NULL, NULL, NULL, NULL, '2023-08-29 08:01:04'),
(29, 100066, 2, 81, 1, 0, 0, 0, NULL, NULL, NULL, NULL, '2023-08-29 08:01:04'),
(29, 100066, 3, 82, 1, 0, 0, 0, NULL, NULL, NULL, NULL, '2023-08-29 08:01:04'),
(29, 100067, 1, 85, 0, 85, 0, 0, NULL, NULL, NULL, NULL, '2023-08-29 08:01:04'),
(29, 100067, 2, 86, 1, 0, 0, 0, NULL, NULL, NULL, NULL, '2023-08-29 08:01:04'),
(29, 100067, 3, 87, 1, 0, 0, 0, NULL, NULL, NULL, NULL, '2023-08-29 08:01:04'),
(29, 100069, 1, 138, 0, 138, 0, 0, NULL, NULL, NULL, NULL, '2023-08-29 08:01:04'),
(29, 100069, 2, 139, 1, 0, 0, 0, NULL, NULL, NULL, NULL, '2023-08-29 08:01:04'),
(29, 100069, 3, 140, 1, 0, 0, 0, NULL, NULL, NULL, NULL, '2023-08-29 08:01:04'),
(29, 100070, 1, 65, 0, 65, 0, 0, 1, NULL, NULL, '555', '2023-08-29 10:02:46'),
(29, 100070, 2, 66, 1, 0, 0, 0, 1, NULL, NULL, '555', '2023-08-29 09:51:05'),
(29, 100070, 3, 67, 1, 0, 0, 0, 1, '2023-08-29 11:51:04', NULL, '555', '2023-08-29 09:57:13'),
(29, 100071, 1, 70, 0, 70, 0, 0, 1, NULL, NULL, '000', '2023-08-29 10:21:14'),
(29, 100071, 2, 71, 1, 0, 0, 0, 1, NULL, NULL, '000', '2023-08-29 10:22:32'),
(29, 100071, 3, 72, 1, 0, 0, 0, NULL, NULL, NULL, NULL, '2023-08-29 08:01:04'),
(29, 100072, 1, 70, 0, 70, 0, 0, 1, NULL, NULL, '555', '2023-08-29 10:23:25'),
(29, 100072, 2, 71, 1, 0, 0, 0, 1, '2023-08-29 12:23:04', NULL, '555', '2023-08-29 10:23:44'),
(29, 100072, 3, 72, 1, 0, 0, 0, NULL, '2023-08-29 12:23:43', NULL, NULL, '2023-08-29 10:23:44'),
(29, 100073, 1, 90, 0, 90, 0, 0, NULL, NULL, NULL, NULL, '2023-08-29 08:01:04'),
(29, 100073, 2, 91, 1, 0, 0, 0, NULL, NULL, NULL, NULL, '2023-08-29 08:01:04'),
(29, 100073, 3, 92, 1, 0, 0, 0, NULL, NULL, NULL, NULL, '2023-08-29 08:01:04'),
(29, 100074, 1, 110, 0, 110, 0, 0, NULL, NULL, NULL, NULL, '2023-08-29 08:01:04'),
(29, 100074, 2, 111, 1, 0, 0, 0, NULL, NULL, NULL, NULL, '2023-08-29 08:01:04'),
(29, 100074, 3, 112, 1, 0, 0, 0, NULL, NULL, NULL, NULL, '2023-08-29 08:01:04'),
(30, 200018, 1, 40, 0, 40, 0, 0, 1, NULL, NULL, '000', '2023-08-30 22:11:55'),
(30, 200018, 2, 41, 1, 0, 0, 0, NULL, NULL, NULL, NULL, '2023-08-30 22:10:34'),
(30, 200018, 3, 42, 1, 0, 0, 0, NULL, NULL, NULL, NULL, '2023-08-30 22:10:34'),
(30, 200019, 1, 61, 0, 61, 0, 0, 1, NULL, NULL, '000', '2023-08-31 06:46:34'),
(30, 200019, 2, 62, 1, 0, 0, 0, NULL, NULL, NULL, NULL, '2023-08-30 22:10:34'),
(30, 200019, 3, 63, 1, 0, 0, 0, NULL, NULL, NULL, NULL, '2023-08-30 22:10:34'),
(30, 200033, 1, 62, 0, 62, 0, 0, 1, NULL, NULL, '000', '2023-08-31 06:46:29'),
(30, 200033, 2, 63, 1, 0, 0, 0, NULL, NULL, NULL, NULL, '2023-08-30 22:10:34'),
(30, 200033, 3, 64, 1, 0, 0, 0, NULL, NULL, NULL, NULL, '2023-08-30 22:10:34'),
(30, 200044, 1, 64, 0, 64, 0, 0, 1, NULL, NULL, '000', '2023-08-31 06:46:15'),
(30, 200044, 2, 65, 1, 0, 0, 0, NULL, NULL, NULL, NULL, '2023-08-30 22:10:34'),
(30, 200044, 3, 66, 1, 0, 0, 0, NULL, NULL, NULL, NULL, '2023-08-30 22:10:34'),
(30, 200064, 1, 55, 0, 55, 0, 0, 1, NULL, NULL, '000', '2023-08-31 06:46:42'),
(30, 200064, 2, 56, 1, 0, 0, 0, NULL, NULL, NULL, NULL, '2023-08-30 22:10:34'),
(30, 200064, 3, 57, 1, 0, 0, 0, NULL, NULL, NULL, NULL, '2023-08-30 22:10:34'),
(30, 200066, 1, 61, 0, 61, 0, 0, 1, NULL, NULL, '000', '2023-08-31 06:46:38'),
(30, 200066, 2, 62, 1, 0, 0, 0, NULL, NULL, NULL, NULL, '2023-08-30 22:10:34'),
(30, 200066, 3, 63, 1, 0, 0, 0, NULL, NULL, NULL, NULL, '2023-08-30 22:10:34'),
(30, 200067, 1, 73, 0, 73, 0, 0, 1, NULL, NULL, '000', '2023-08-31 06:46:47'),
(30, 200067, 2, 74, 1, 0, 0, 0, NULL, NULL, NULL, NULL, '2023-08-30 22:10:34'),
(30, 200067, 3, 75, 1, 0, 0, 0, NULL, NULL, NULL, NULL, '2023-08-30 22:10:34'),
(30, 200069, 1, 81, 0, 81, 0, 0, 1, NULL, NULL, '000', '2023-08-31 06:46:21'),
(30, 200069, 2, 82, 1, 0, 0, 0, NULL, NULL, NULL, NULL, '2023-08-30 22:10:34'),
(30, 200069, 3, 83, 1, 0, 0, 0, NULL, NULL, NULL, NULL, '2023-08-30 22:10:34');

-- --------------------------------------------------------

--
-- Tabellenstruktur für Tabelle `relativabzug`
--

CREATE TABLE `relativabzug` (
  `Gewicht` int(3) NOT NULL,
  `m` double(4,1) NOT NULL,
  `w` double(4,1) NOT NULL
) ENGINE=InnoDB DEFAULT CHARSET=utf8 COLLATE=utf8_unicode_ci;

--
-- Daten für Tabelle `relativabzug`
--

INSERT INTO `relativabzug` (`Gewicht`, `m`, `w`) VALUES
(31, 22.5, 12.5),
(32, 23.0, 12.5),
(33, 23.5, 12.5),
(34, 24.0, 12.5),
(35, 24.5, 12.5),
(36, 25.0, 12.5),
(37, 25.5, 12.5),
(38, 26.0, 12.5),
(39, 26.5, 12.5),
(40, 27.0, 12.5),
(41, 27.5, 13.0),
(42, 28.0, 13.0),
(43, 28.5, 13.5),
(44, 29.0, 13.5),
(45, 29.5, 14.0),
(46, 30.0, 14.0),
(47, 30.5, 14.5),
(48, 31.0, 15.0),
(49, 32.0, 15.5),
(50, 33.0, 16.0),
(51, 34.5, 16.5),
(52, 36.0, 17.0),
(53, 37.0, 17.5),
(54, 38.5, 18.5),
(55, 40.0, 19.5),
(56, 42.0, 20.5),
(57, 44.0, 21.5),
(58, 46.0, 22.5),
(59, 48.0, 23.5),
(60, 50.0, 25.0),
(61, 52.0, 26.5),
(62, 54.0, 27.5),
(63, 56.0, 28.5),
(64, 57.5, 29.5),
(65, 59.0, 31.0),
(66, 60.5, 32.0),
(67, 62.0, 33.0),
(68, 63.5, 34.0),
(69, 65.0, 35.0),
(70, 66.5, 36.0),
(71, 68.0, 37.0),
(72, 69.5, 38.0),
(73, 70.5, 39.0),
(74, 71.5, 39.5),
(75, 72.5, 40.0),
(76, 74.0, 40.5),
(77, 75.5, 41.0),
(78, 77.0, 41.5),
(79, 0.0, 42.0),
(80, 0.0, 42.5),
(81, 0.0, 43.0),
(82, 0.0, 43.5),
(83, 0.0, 44.0),
(84, 0.0, 44.5),
(85, 0.0, 44.5),
(86, 0.0, 45.0),
(87, 0.0, 45.5),
(88, 0.0, 46.0),
(89, 0.0, 46.0),
(90, 0.0, 46.5),
(91, 0.0, 47.0),
(92, 0.0, 47.5),
(93, 0.0, 47.5),
(94, 0.0, 48.0),
(95, 0.0, 48.5),
(96, 95.5, 48.5),
(97, 96.0, 49.0),
(98, 96.5, 49.5),
(99, 97.0, 49.5),
(100, 97.5, 50.0),
(101, 98.5, 50.5),
(102, 99.5, 50.5),
(103, 100.5, 51.0),
(104, 101.0, 51.0),
(105, 102.0, 51.5),
(106, 103.0, 51.5),
(107, 103.5, 52.0),
(108, 103.5, 52.0),
(109, 104.0, 52.5),
(110, 104.0, 52.5),
(111, 104.0, 53.0),
(112, 104.5, 53.0),
(113, 104.5, 53.5),
(114, 105.0, 53.5),
(115, 105.0, 54.0),
(116, 105.5, 54.0),
(117, 106.0, 54.5),
(118, 106.5, 54.5),
(119, 107.0, 55.0),
(120, 107.5, 55.0),
(121, 108.0, 55.5),
(122, 108.5, 55.5),
(123, 109.0, 56.0),
(124, 109.5, 56.0),
(125, 110.0, 56.5),
(126, 110.5, 56.5),
(127, 111.0, 57.0),
(128, 111.5, 57.0),
(129, 112.0, 57.5),
(130, 112.5, 57.5),
(131, 113.0, 58.0),
(132, 113.5, 58.0),
(133, 114.0, 58.5),
(134, 114.5, 58.5),
(135, 115.0, 59.0),
(136, 115.5, 59.0),
(137, 116.0, 59.5),
(138, 116.5, 59.5),
(139, 117.0, 60.0),
(140, 117.5, 60.0),
(141, 118.0, 60.5),
(142, 118.5, 60.5),
(143, 119.0, 61.0),
(144, 119.5, 61.0),
(145, 120.0, 61.5),
(146, 120.5, 61.5),
(147, 121.0, 62.0),
(148, 121.5, 62.0),
(149, 122.0, 62.5),
(150, 122.5, 62.5),
(151, 123.0, 63.0),
(152, 123.5, 63.0),
(153, 124.0, 63.5),
(154, 124.5, 63.5),
(155, 125.0, 64.0),
(156, 125.5, 64.0),
(157, 126.0, 64.5),
(158, 126.5, 64.5),
(159, 127.0, 65.0),
(160, 127.5, 65.0);

-- --------------------------------------------------------

--
-- Tabellenstruktur für Tabelle `results`
--

CREATE TABLE `results` (
  `Wettkampf` int(11) NOT NULL,
  `Teilnehmer` int(11) NOT NULL,
  `Reissen` double(8,4) DEFAULT NULL,
  `Reissen_Zeit` datetime DEFAULT NULL,
  `Reissen_Platz` int(4) DEFAULT NULL,
  `Reissen2` double(8,4) DEFAULT NULL,
  `Reissen2_Platz` int(3) DEFAULT NULL,
  `Stossen` double(8,4) DEFAULT NULL,
  `Stossen_Zeit` datetime DEFAULT NULL,
  `Stossen_Platz` int(4) DEFAULT NULL,
  `Stossen2` double(8,4) DEFAULT NULL,
  `Stossen2_Platz` int(3) DEFAULT NULL,
  `ZK` int(3) DEFAULT NULL,
  `Heben` double(8,4) DEFAULT NULL,
  `Heben_Platz` int(4) DEFAULT NULL,
  `Wertung2` double(8,4) DEFAULT NULL,
  `Wertung2_Platz` int(4) DEFAULT NULL,
  `Athletik` double(5,2) DEFAULT NULL,
  `Gesamt` double(8,4) DEFAULT NULL,
  `Gesamt_Platz` int(4) DEFAULT NULL,
  `Updated` timestamp NOT NULL DEFAULT current_timestamp() ON UPDATE current_timestamp()
) ENGINE=InnoDB DEFAULT CHARSET=utf8 COLLATE=utf8_unicode_ci;

--
-- Daten für Tabelle `results`
--

INSERT INTO `results` (`Wettkampf`, `Teilnehmer`, `Reissen`, `Reissen_Zeit`, `Reissen_Platz`, `Reissen2`, `Reissen2_Platz`, `Stossen`, `Stossen_Zeit`, `Stossen_Platz`, `Stossen2`, `Stossen2_Platz`, `ZK`, `Heben`, `Heben_Platz`, `Wertung2`, `Wertung2_Platz`, `Athletik`, `Gesamt`, `Gesamt_Platz`, `Updated`) VALUES
(1, 102, NULL, NULL, NULL, NULL, NULL, NULL, NULL, NULL, NULL, NULL, NULL, NULL, NULL, NULL, NULL, NULL, NULL, NULL, '2022-04-05 06:40:31'),
(1, 103, NULL, NULL, NULL, NULL, NULL, NULL, NULL, NULL, NULL, NULL, NULL, NULL, NULL, NULL, NULL, NULL, NULL, NULL, '2022-04-05 06:40:31'),
(1, 108, NULL, NULL, NULL, NULL, NULL, NULL, NULL, NULL, NULL, NULL, NULL, NULL, NULL, NULL, NULL, NULL, NULL, NULL, '2023-04-14 19:21:09'),
(1, 208, NULL, NULL, NULL, NULL, NULL, NULL, NULL, NULL, NULL, NULL, NULL, NULL, NULL, NULL, NULL, NULL, NULL, NULL, '2023-04-14 19:21:09'),
(1, 212, NULL, NULL, NULL, NULL, NULL, NULL, NULL, NULL, NULL, NULL, NULL, NULL, NULL, NULL, NULL, NULL, NULL, NULL, '2023-04-14 19:21:09'),
(1, 301, NULL, NULL, NULL, NULL, NULL, NULL, NULL, NULL, NULL, NULL, NULL, NULL, NULL, NULL, NULL, NULL, NULL, NULL, '2022-04-05 06:40:31'),
(1, 302, NULL, NULL, NULL, NULL, NULL, NULL, NULL, NULL, NULL, NULL, NULL, NULL, NULL, NULL, NULL, NULL, NULL, NULL, '2022-04-05 06:40:31'),
(1, 306, NULL, NULL, NULL, NULL, NULL, NULL, NULL, NULL, NULL, NULL, NULL, NULL, NULL, NULL, NULL, NULL, NULL, NULL, '2022-11-16 18:43:31'),
(1, 308, NULL, NULL, NULL, NULL, NULL, NULL, NULL, NULL, NULL, NULL, NULL, NULL, NULL, NULL, NULL, NULL, NULL, NULL, '2022-11-16 18:43:31'),
(1, 310, NULL, NULL, NULL, NULL, NULL, NULL, NULL, NULL, NULL, NULL, NULL, NULL, NULL, NULL, NULL, NULL, NULL, NULL, '2023-04-14 19:21:09'),
(1, 403, NULL, NULL, NULL, NULL, NULL, NULL, NULL, NULL, NULL, NULL, NULL, NULL, NULL, NULL, NULL, NULL, NULL, NULL, '2022-04-05 06:40:31'),
(1, 404, NULL, NULL, NULL, NULL, NULL, NULL, NULL, NULL, NULL, NULL, NULL, NULL, NULL, NULL, NULL, NULL, NULL, NULL, '2022-04-05 06:40:31'),
(1, 405, NULL, NULL, NULL, NULL, NULL, NULL, NULL, NULL, NULL, NULL, NULL, NULL, NULL, NULL, NULL, NULL, NULL, NULL, '2022-04-05 06:40:31'),
(1, 406, NULL, NULL, NULL, NULL, NULL, NULL, NULL, NULL, NULL, NULL, NULL, NULL, NULL, NULL, NULL, NULL, NULL, NULL, '2022-11-16 18:43:31'),
(1, 409, NULL, NULL, NULL, NULL, NULL, NULL, NULL, NULL, NULL, NULL, NULL, NULL, NULL, 0.0000, NULL, NULL, NULL, NULL, '2020-10-16 19:50:21'),
(1, 505, NULL, NULL, NULL, NULL, NULL, NULL, NULL, NULL, NULL, NULL, NULL, NULL, NULL, NULL, NULL, NULL, NULL, NULL, '2022-11-16 18:43:31'),
(1, 506, NULL, NULL, NULL, NULL, NULL, NULL, NULL, NULL, NULL, NULL, NULL, NULL, NULL, NULL, NULL, NULL, NULL, NULL, '2022-11-16 18:43:31'),
(1, 507, NULL, NULL, NULL, NULL, NULL, NULL, NULL, NULL, NULL, NULL, NULL, NULL, NULL, NULL, NULL, NULL, NULL, NULL, '2020-10-16 08:23:19'),
(1, 508, 130.8800, '2022-11-16 20:33:31', 1, NULL, NULL, NULL, NULL, NULL, NULL, NULL, NULL, 130.8800, 1, 0.0000, NULL, NULL, 130.8800, 1, '2022-11-16 19:33:31'),
(1, 511, NULL, NULL, NULL, NULL, NULL, NULL, NULL, NULL, NULL, NULL, NULL, NULL, NULL, NULL, NULL, NULL, NULL, NULL, '2023-04-14 19:21:09'),
(1, 513, NULL, NULL, NULL, NULL, NULL, NULL, NULL, NULL, NULL, NULL, NULL, NULL, NULL, NULL, NULL, NULL, NULL, NULL, '2023-04-14 19:21:09'),
(1, 603, NULL, NULL, NULL, NULL, NULL, NULL, NULL, NULL, NULL, NULL, NULL, NULL, NULL, NULL, NULL, NULL, NULL, NULL, '2022-04-05 06:40:31'),
(1, 604, NULL, NULL, NULL, NULL, NULL, NULL, NULL, NULL, NULL, NULL, NULL, NULL, NULL, NULL, NULL, NULL, NULL, NULL, '2022-04-05 06:40:31'),
(1, 605, NULL, NULL, NULL, NULL, NULL, NULL, NULL, NULL, NULL, NULL, NULL, NULL, NULL, NULL, NULL, NULL, NULL, NULL, '2022-04-05 06:40:31'),
(1, 606, NULL, NULL, NULL, NULL, NULL, NULL, NULL, NULL, NULL, NULL, NULL, NULL, NULL, NULL, NULL, NULL, NULL, NULL, '2022-11-16 18:43:31'),
(1, 607, NULL, NULL, NULL, NULL, NULL, NULL, NULL, NULL, NULL, NULL, NULL, NULL, NULL, NULL, NULL, NULL, NULL, NULL, '2022-11-16 18:43:31'),
(1, 608, NULL, NULL, NULL, NULL, NULL, NULL, NULL, NULL, NULL, NULL, NULL, NULL, NULL, NULL, NULL, NULL, NULL, NULL, '2022-11-16 18:43:31'),
(1, 609, NULL, NULL, NULL, NULL, NULL, NULL, NULL, NULL, NULL, NULL, NULL, NULL, NULL, NULL, NULL, NULL, NULL, NULL, '2020-10-16 08:23:19'),
(1, 611, NULL, NULL, NULL, NULL, NULL, NULL, NULL, NULL, NULL, NULL, NULL, NULL, NULL, NULL, NULL, NULL, NULL, NULL, '2023-04-14 19:21:09'),
(1, 703, NULL, NULL, NULL, NULL, NULL, NULL, NULL, NULL, NULL, NULL, NULL, NULL, NULL, NULL, NULL, NULL, NULL, NULL, '2022-11-16 18:43:31'),
(1, 705, NULL, NULL, NULL, NULL, NULL, NULL, NULL, NULL, NULL, NULL, NULL, NULL, NULL, NULL, NULL, NULL, NULL, NULL, '2020-10-16 08:23:19'),
(1, 706, NULL, NULL, NULL, NULL, NULL, NULL, NULL, NULL, NULL, NULL, NULL, NULL, NULL, NULL, NULL, NULL, NULL, NULL, '2020-10-16 08:23:19'),
(1, 806, NULL, NULL, NULL, NULL, NULL, NULL, NULL, NULL, NULL, NULL, NULL, NULL, NULL, NULL, NULL, NULL, NULL, NULL, '2022-11-16 18:43:31'),
(1, 807, NULL, NULL, NULL, NULL, NULL, NULL, NULL, NULL, NULL, NULL, NULL, NULL, NULL, NULL, NULL, NULL, NULL, NULL, '2023-04-14 19:21:09'),
(1, 808, NULL, NULL, NULL, NULL, NULL, NULL, NULL, NULL, NULL, NULL, NULL, NULL, NULL, NULL, NULL, NULL, NULL, NULL, '2020-10-16 08:23:19'),
(1, 810, NULL, NULL, NULL, NULL, NULL, NULL, NULL, NULL, NULL, NULL, NULL, NULL, NULL, NULL, NULL, NULL, NULL, NULL, '2023-04-14 19:21:09'),
(1, 812, NULL, NULL, NULL, NULL, NULL, NULL, NULL, NULL, NULL, NULL, NULL, NULL, NULL, NULL, NULL, NULL, NULL, NULL, '2020-10-16 08:23:19'),
(1, 902, NULL, NULL, NULL, NULL, NULL, NULL, NULL, NULL, NULL, NULL, NULL, NULL, NULL, NULL, NULL, NULL, NULL, NULL, '2022-04-05 06:40:31'),
(1, 906, NULL, NULL, NULL, NULL, NULL, NULL, NULL, NULL, NULL, NULL, NULL, NULL, NULL, NULL, NULL, NULL, NULL, NULL, '2020-10-16 08:23:19'),
(1, 100003, NULL, NULL, NULL, NULL, NULL, NULL, NULL, NULL, NULL, NULL, NULL, NULL, NULL, NULL, NULL, NULL, NULL, NULL, '2020-10-16 08:23:19'),
(11, 9249, NULL, NULL, NULL, NULL, NULL, NULL, NULL, NULL, NULL, NULL, NULL, NULL, NULL, NULL, NULL, NULL, NULL, NULL, '2021-10-28 17:22:47'),
(11, 10846, NULL, NULL, NULL, NULL, NULL, NULL, NULL, NULL, NULL, NULL, NULL, NULL, NULL, NULL, NULL, NULL, NULL, NULL, '2021-10-28 17:22:47'),
(11, 10847, NULL, NULL, NULL, NULL, NULL, NULL, NULL, NULL, NULL, NULL, NULL, NULL, NULL, NULL, NULL, NULL, NULL, NULL, '2021-10-28 17:22:47'),
(11, 12152, 28.0000, '2021-10-29 11:42:44', NULL, NULL, NULL, NULL, NULL, NULL, NULL, NULL, NULL, 28.0000, NULL, NULL, NULL, NULL, NULL, NULL, '2021-10-29 09:42:44'),
(11, 12369, 0.0000, NULL, NULL, NULL, NULL, NULL, NULL, NULL, NULL, NULL, NULL, 0.0000, NULL, NULL, NULL, NULL, NULL, NULL, '2021-10-28 17:25:34'),
(11, 12739, NULL, NULL, NULL, NULL, NULL, NULL, NULL, NULL, NULL, NULL, NULL, NULL, NULL, NULL, NULL, NULL, NULL, NULL, '2021-10-28 17:22:47'),
(11, 13030, NULL, NULL, NULL, NULL, NULL, NULL, NULL, NULL, NULL, NULL, NULL, NULL, NULL, NULL, NULL, NULL, NULL, NULL, '2021-10-28 17:22:47'),
(11, 13113, 31.0000, '2021-10-29 11:40:56', NULL, NULL, NULL, NULL, NULL, NULL, NULL, NULL, NULL, 31.0000, NULL, NULL, NULL, NULL, NULL, NULL, '2021-10-29 09:40:56'),
(11, 13303, 29.5000, '2021-10-28 19:24:46', NULL, NULL, NULL, NULL, NULL, NULL, NULL, NULL, NULL, 29.5000, NULL, NULL, NULL, NULL, NULL, NULL, '2021-10-28 17:24:47'),
(11, 20215, 0.0000, NULL, NULL, NULL, NULL, NULL, NULL, NULL, NULL, NULL, NULL, 0.0000, NULL, NULL, NULL, NULL, NULL, NULL, '2021-10-28 17:28:26'),
(11, 20550, NULL, NULL, NULL, NULL, NULL, NULL, NULL, NULL, NULL, NULL, NULL, NULL, NULL, NULL, NULL, NULL, NULL, NULL, '2021-10-28 17:22:47'),
(11, 20815, NULL, NULL, NULL, NULL, NULL, NULL, NULL, NULL, NULL, NULL, NULL, NULL, NULL, NULL, NULL, NULL, NULL, NULL, '2021-10-28 17:22:47'),
(11, 20820, 24.0000, '2021-10-28 19:35:20', NULL, NULL, NULL, NULL, NULL, NULL, NULL, NULL, NULL, 24.0000, NULL, NULL, NULL, NULL, NULL, NULL, '2021-10-28 17:35:21'),
(11, 22122, NULL, NULL, NULL, NULL, NULL, NULL, NULL, NULL, NULL, NULL, NULL, NULL, NULL, NULL, NULL, NULL, NULL, NULL, '2021-10-28 17:22:47'),
(12, 363, NULL, NULL, NULL, NULL, NULL, NULL, NULL, NULL, NULL, NULL, NULL, NULL, NULL, NULL, NULL, NULL, NULL, NULL, '2023-03-19 14:38:13'),
(12, 10960, NULL, NULL, NULL, NULL, NULL, NULL, NULL, NULL, NULL, NULL, NULL, NULL, NULL, NULL, NULL, NULL, NULL, NULL, '2023-03-19 14:38:13'),
(12, 11943, NULL, NULL, NULL, NULL, NULL, NULL, NULL, NULL, NULL, NULL, NULL, NULL, NULL, NULL, NULL, NULL, NULL, NULL, '2023-03-19 14:38:13'),
(12, 12206, NULL, NULL, NULL, NULL, NULL, NULL, NULL, NULL, NULL, NULL, NULL, NULL, NULL, NULL, NULL, NULL, NULL, NULL, '2023-03-19 14:38:13'),
(12, 12506, NULL, NULL, NULL, NULL, NULL, NULL, NULL, NULL, NULL, NULL, NULL, NULL, NULL, NULL, NULL, NULL, NULL, NULL, '2023-03-19 14:38:13'),
(12, 12911, NULL, NULL, NULL, NULL, NULL, NULL, NULL, NULL, NULL, NULL, NULL, NULL, NULL, NULL, NULL, NULL, NULL, NULL, '2023-03-19 14:38:13'),
(12, 12915, NULL, NULL, NULL, NULL, NULL, NULL, NULL, NULL, NULL, NULL, NULL, NULL, NULL, NULL, NULL, NULL, NULL, NULL, '2023-03-19 14:38:13'),
(12, 13665, NULL, NULL, NULL, NULL, NULL, NULL, NULL, NULL, NULL, NULL, NULL, NULL, NULL, NULL, NULL, NULL, NULL, NULL, '2023-03-19 14:38:13'),
(12, 20846, NULL, NULL, NULL, NULL, NULL, NULL, NULL, NULL, NULL, NULL, NULL, NULL, NULL, NULL, NULL, NULL, NULL, NULL, '2023-03-19 14:38:13'),
(12, 22308, NULL, NULL, NULL, NULL, NULL, NULL, NULL, NULL, NULL, NULL, NULL, NULL, NULL, NULL, NULL, NULL, NULL, NULL, '2023-03-19 14:38:13'),
(12, 22403, NULL, NULL, NULL, NULL, NULL, NULL, NULL, NULL, NULL, NULL, NULL, NULL, NULL, NULL, NULL, NULL, NULL, NULL, '2023-03-19 14:38:13'),
(12, 22685, NULL, NULL, NULL, NULL, NULL, NULL, NULL, NULL, NULL, NULL, NULL, NULL, NULL, NULL, NULL, NULL, NULL, NULL, '2023-03-19 14:38:13'),
(12, 22932, NULL, NULL, NULL, NULL, NULL, NULL, NULL, NULL, NULL, NULL, NULL, NULL, NULL, NULL, NULL, NULL, NULL, NULL, '2023-03-19 14:38:13'),
(12, 23171, NULL, NULL, NULL, NULL, NULL, NULL, NULL, NULL, NULL, NULL, NULL, NULL, NULL, NULL, NULL, NULL, NULL, NULL, '2023-03-19 14:38:13'),
(13, 3757, 3.6000, '2023-06-29 13:39:15', NULL, NULL, NULL, NULL, NULL, NULL, NULL, NULL, NULL, 3.6000, NULL, NULL, NULL, NULL, NULL, NULL, '2023-06-29 11:39:16'),
(13, 6269, 22.5000, '2023-06-28 20:37:01', NULL, NULL, NULL, NULL, NULL, NULL, NULL, NULL, NULL, 22.5000, NULL, NULL, NULL, NULL, NULL, NULL, '2023-06-28 18:37:01'),
(13, 8923, NULL, NULL, NULL, NULL, NULL, NULL, NULL, NULL, NULL, NULL, NULL, NULL, NULL, NULL, NULL, NULL, NULL, NULL, '2023-06-28 13:59:42'),
(13, 12043, NULL, NULL, NULL, NULL, NULL, NULL, NULL, NULL, NULL, NULL, NULL, NULL, NULL, NULL, NULL, NULL, NULL, NULL, '2023-06-28 13:59:42'),
(13, 12330, NULL, NULL, NULL, NULL, NULL, NULL, NULL, NULL, NULL, NULL, NULL, NULL, NULL, NULL, NULL, NULL, NULL, NULL, '2023-06-28 13:59:42'),
(13, 12696, NULL, NULL, NULL, NULL, NULL, NULL, NULL, NULL, NULL, NULL, NULL, NULL, NULL, NULL, NULL, NULL, NULL, NULL, '2023-06-28 13:59:42'),
(13, 12989, 22.5000, '2023-06-28 20:43:16', NULL, NULL, NULL, NULL, NULL, NULL, NULL, NULL, NULL, 22.5000, NULL, NULL, NULL, NULL, NULL, NULL, '2023-06-28 18:43:17'),
(13, 13262, 0.0000, NULL, NULL, NULL, NULL, NULL, NULL, NULL, NULL, NULL, NULL, 0.0000, NULL, NULL, NULL, NULL, NULL, NULL, '2023-06-29 11:54:37'),
(13, 13730, 35.5000, '2023-06-28 20:49:34', NULL, NULL, NULL, NULL, NULL, NULL, NULL, NULL, NULL, 35.5000, NULL, NULL, NULL, NULL, NULL, NULL, '2023-06-28 18:49:34'),
(13, 13731, NULL, NULL, NULL, NULL, NULL, NULL, NULL, NULL, NULL, NULL, NULL, NULL, NULL, NULL, NULL, NULL, NULL, NULL, '2023-06-28 13:59:42'),
(13, 21722, 6.0000, '2023-06-28 20:44:40', NULL, NULL, NULL, NULL, NULL, NULL, NULL, NULL, NULL, 6.0000, NULL, NULL, NULL, NULL, NULL, NULL, '2023-06-28 18:44:41'),
(13, 22563, 14.5000, '2023-06-29 13:40:25', NULL, NULL, NULL, NULL, NULL, NULL, NULL, NULL, NULL, 14.5000, NULL, NULL, NULL, NULL, NULL, NULL, '2023-06-29 11:40:26'),
(13, 22736, NULL, NULL, NULL, NULL, NULL, NULL, NULL, NULL, NULL, NULL, NULL, NULL, NULL, NULL, NULL, NULL, NULL, NULL, '2023-06-28 13:59:42'),
(13, 23004, NULL, '2023-06-29 13:35:35', NULL, NULL, NULL, NULL, NULL, NULL, NULL, NULL, NULL, NULL, NULL, NULL, NULL, NULL, NULL, NULL, '2023-06-29 11:37:00'),
(14, 6998, 49.2000, '2022-04-09 18:25:34', NULL, NULL, NULL, 83.2000, '2022-04-09 19:55:09', NULL, NULL, NULL, 316, 132.4000, NULL, NULL, NULL, NULL, NULL, NULL, '2022-04-09 17:55:09'),
(14, 8503, 56.0000, '2022-04-09 17:54:21', NULL, NULL, NULL, 78.0000, '2022-04-09 19:21:44', NULL, NULL, NULL, 198, 134.0000, NULL, NULL, NULL, NULL, NULL, NULL, '2022-04-09 17:21:46'),
(14, 11848, 0.0000, NULL, NULL, NULL, NULL, 67.0000, '2022-04-09 19:03:20', NULL, NULL, NULL, NULL, 67.0000, NULL, NULL, NULL, NULL, NULL, NULL, '2022-04-11 18:24:14'),
(14, 11943, 52.5000, '2022-04-09 18:19:54', NULL, NULL, NULL, 87.5000, '2022-04-09 19:50:05', NULL, NULL, NULL, 341, 140.0000, NULL, NULL, NULL, NULL, NULL, NULL, '2022-04-09 17:50:06'),
(14, 12089, 51.5000, '2022-04-09 17:39:00', NULL, NULL, NULL, 0.0000, NULL, NULL, NULL, NULL, NULL, 51.5000, NULL, NULL, NULL, NULL, NULL, NULL, '2022-04-09 16:33:34'),
(14, 12506, 70.6000, '2022-04-09 18:29:13', NULL, NULL, NULL, 99.6000, '2022-04-09 19:47:12', NULL, NULL, NULL, 345, 170.2000, NULL, NULL, NULL, NULL, NULL, NULL, '2022-04-09 17:47:14'),
(14, 13665, 44.0000, '2022-04-09 17:37:13', NULL, NULL, NULL, 63.0000, '2022-04-09 19:09:16', NULL, NULL, NULL, 169, 107.0000, NULL, NULL, NULL, NULL, NULL, NULL, '2022-04-09 17:09:16'),
(14, 20007, 66.5000, '2022-04-09 17:50:32', NULL, NULL, NULL, 103.5000, '2022-04-09 19:26:55', NULL, NULL, NULL, 313, 170.0000, NULL, NULL, NULL, NULL, NULL, NULL, '2022-04-09 17:26:57'),
(14, 20203, 58.9000, '2022-04-09 18:11:12', NULL, NULL, NULL, NULL, '2022-04-09 19:45:38', NULL, NULL, NULL, NULL, 58.9000, NULL, NULL, NULL, NULL, NULL, NULL, '2022-04-19 18:44:06'),
(14, 20846, 45.0000, '2022-04-09 17:44:09', NULL, NULL, NULL, 63.0000, '2022-04-09 19:02:19', NULL, NULL, NULL, 176, 108.0000, NULL, NULL, NULL, NULL, NULL, NULL, '2022-04-09 17:02:21'),
(14, 21238, 40.5000, '2022-04-09 17:27:30', NULL, NULL, NULL, 66.5000, '2022-04-09 18:59:49', NULL, NULL, NULL, 152, 107.0000, NULL, NULL, NULL, NULL, NULL, NULL, '2022-04-09 16:59:51'),
(14, 21735, NULL, NULL, NULL, NULL, NULL, NULL, NULL, NULL, NULL, NULL, NULL, NULL, NULL, NULL, NULL, NULL, NULL, NULL, '2022-04-09 14:37:16'),
(14, 21938, 52.5000, '2022-04-09 18:00:41', NULL, NULL, NULL, 80.5000, '2022-04-09 19:34:26', NULL, NULL, NULL, 332, 133.0000, NULL, NULL, NULL, NULL, NULL, NULL, '2022-04-09 17:34:26'),
(14, 22520, NULL, NULL, NULL, NULL, NULL, NULL, NULL, NULL, NULL, NULL, NULL, NULL, NULL, NULL, NULL, NULL, NULL, NULL, '2022-04-09 14:37:16'),
(14, 22932, 47.0000, '2022-04-09 18:07:36', NULL, NULL, NULL, 70.0000, '2022-04-09 19:33:22', NULL, NULL, NULL, 323, 117.0000, NULL, NULL, NULL, NULL, NULL, NULL, '2022-04-09 17:33:22'),
(15, 9448, 57.5000, '2022-04-09 18:03:15', NULL, NULL, NULL, 76.5000, '2022-04-09 19:30:42', NULL, NULL, NULL, 223, 134.0000, NULL, NULL, NULL, NULL, NULL, NULL, '2022-04-09 17:30:42'),
(15, 11226, 64.0000, '2022-04-09 18:04:58', NULL, NULL, NULL, 86.0000, '2022-04-09 19:32:24', NULL, NULL, NULL, 298, 150.0000, NULL, NULL, NULL, NULL, NULL, NULL, '2022-04-09 17:32:24'),
(15, 11943, 52.5000, '2022-04-09 18:19:54', NULL, NULL, NULL, 87.5000, '2022-04-09 19:50:05', NULL, NULL, NULL, 341, 140.0000, NULL, NULL, NULL, NULL, NULL, NULL, '2022-04-09 17:50:06'),
(15, 12506, 70.6000, '2022-04-09 18:29:13', NULL, NULL, NULL, 99.6000, '2022-04-09 19:47:12', NULL, NULL, NULL, 345, 170.2000, NULL, NULL, NULL, NULL, NULL, NULL, '2022-04-09 17:47:14'),
(15, 13665, 44.0000, '2022-04-09 17:37:13', NULL, NULL, NULL, 63.0000, '2022-04-09 19:09:16', NULL, NULL, NULL, 169, 107.0000, NULL, NULL, NULL, NULL, NULL, NULL, '2022-04-09 17:09:16'),
(15, 20059, 40.5000, '2022-04-09 17:28:37', NULL, NULL, NULL, 0.0000, NULL, NULL, NULL, NULL, NULL, 40.5000, NULL, NULL, NULL, NULL, NULL, NULL, '2022-04-12 18:48:43'),
(15, 20640, NULL, NULL, NULL, NULL, NULL, NULL, '2022-04-09 19:12:34', NULL, NULL, NULL, NULL, NULL, NULL, NULL, NULL, NULL, NULL, NULL, '2022-04-16 17:29:54'),
(15, 20846, 45.0000, '2022-04-09 17:44:09', NULL, NULL, NULL, 63.0000, '2022-04-09 19:02:19', NULL, NULL, NULL, 176, 108.0000, NULL, NULL, NULL, NULL, NULL, NULL, '2022-04-09 17:02:21'),
(15, 21735, NULL, NULL, NULL, NULL, NULL, NULL, NULL, NULL, NULL, NULL, NULL, NULL, NULL, NULL, NULL, NULL, NULL, NULL, '2022-04-09 14:37:16'),
(15, 21740, 56.5000, '2022-04-09 18:32:13', NULL, NULL, NULL, 102.5000, '2022-04-09 20:01:09', NULL, NULL, NULL, 412, 159.0000, NULL, NULL, NULL, NULL, NULL, NULL, '2022-04-09 18:01:09'),
(15, 21938, 52.5000, '2022-04-09 18:00:41', NULL, NULL, NULL, 80.5000, '2022-04-09 19:34:26', NULL, NULL, NULL, 332, 133.0000, NULL, NULL, NULL, NULL, NULL, NULL, '2022-04-09 17:34:26'),
(15, 22524, NULL, NULL, NULL, NULL, NULL, 0.0000, NULL, NULL, NULL, NULL, NULL, 0.0000, NULL, NULL, NULL, NULL, NULL, NULL, '2022-04-10 20:07:07'),
(15, 22538, 65.5000, '2022-04-09 18:22:45', NULL, NULL, NULL, 83.5000, '2022-04-09 19:40:54', NULL, NULL, NULL, 362, 149.0000, NULL, NULL, NULL, NULL, NULL, NULL, '2022-04-09 17:40:58'),
(15, 22932, 47.0000, '2022-04-09 18:07:36', NULL, NULL, NULL, 70.0000, '2022-04-09 19:33:22', NULL, NULL, NULL, 323, 117.0000, NULL, NULL, NULL, NULL, NULL, NULL, '2022-04-09 17:33:22'),
(15, 23017, 36.0000, '2022-04-09 17:36:16', NULL, NULL, NULL, 52.0000, '2022-04-09 18:58:25', NULL, NULL, NULL, 160, 88.0000, NULL, NULL, NULL, NULL, NULL, NULL, '2022-04-09 16:58:27'),
(16, 100017, 112.0000, '2023-04-16 13:34:15', NULL, NULL, NULL, 132.0000, '2023-04-16 15:00:28', 1, NULL, NULL, 244, 244.0000, 1, 161.4756, 2, NULL, NULL, NULL, '2023-05-29 17:36:12'),
(16, 100018, 112.0000, '2023-04-16 13:34:42', 1, NULL, NULL, 132.0000, '2023-04-16 15:00:49', 1, NULL, NULL, 244, 244.0000, 1, 149.2788, 3, NULL, NULL, NULL, '2023-05-29 17:36:12'),
(16, 100019, 122.0000, '2023-04-16 13:48:20', 1, NULL, NULL, 150.0000, '2023-05-29 19:34:52', 1, NULL, NULL, 272, 272.0000, 1, 307.6048, 1, NULL, NULL, NULL, '2023-05-29 17:36:12'),
(16, 100020, 97.0000, '2023-04-14 18:01:49', NULL, NULL, NULL, 127.0000, '2023-04-16 14:55:38', 1, NULL, NULL, 224, 224.0000, 1, 180.3928, 2, NULL, NULL, NULL, '2023-04-16 12:55:38'),
(16, 100021, 102.0000, '2023-04-14 20:56:41', NULL, NULL, NULL, 122.0000, '2023-04-16 14:54:05', 1, NULL, NULL, 224, 224.0000, 1, 180.0341, 3, NULL, NULL, NULL, '2023-04-16 12:55:38'),
(16, 100022, 92.0000, '2023-04-11 14:26:34', NULL, NULL, NULL, 122.0000, '2023-04-16 14:54:14', 1, NULL, NULL, 214, 214.0000, 1, 281.2812, 1, NULL, NULL, NULL, '2023-04-16 12:54:14'),
(16, 100023, 52.0000, '2023-04-11 13:54:44', 1, NULL, NULL, 72.0000, '2023-04-16 14:25:08', 1, NULL, NULL, 124, 124.0000, 1, 89.5464, 1, NULL, NULL, NULL, '2023-04-16 12:25:37'),
(17, 104, 66.0000, '2023-05-19 15:57:24', 1, NULL, NULL, NULL, NULL, NULL, NULL, NULL, NULL, 66.0000, NULL, 110.4510, 1, NULL, NULL, NULL, '2023-05-19 13:57:24'),
(17, 301, 57.0000, '2023-05-19 15:54:39', 1, NULL, NULL, NULL, NULL, NULL, NULL, NULL, NULL, 57.0000, NULL, 73.8720, 4, NULL, NULL, NULL, '2023-05-19 13:55:10'),
(17, 304, 66.0000, '2023-05-19 15:56:10', 1, NULL, NULL, NULL, NULL, NULL, NULL, NULL, NULL, 66.0000, NULL, 86.9682, 1, NULL, NULL, NULL, '2023-05-19 13:56:10'),
(17, 404, 57.0000, '2023-05-19 15:54:26', 1, NULL, NULL, NULL, NULL, NULL, NULL, NULL, NULL, 57.0000, NULL, 77.9019, 2, NULL, NULL, NULL, '2023-05-19 13:55:10'),
(17, 902, NULL, NULL, NULL, NULL, NULL, NULL, NULL, NULL, NULL, NULL, NULL, NULL, NULL, NULL, NULL, NULL, NULL, NULL, '2023-03-28 17:29:30'),
(17, 11943, 122.0000, '2023-04-16 13:48:31', 1, NULL, NULL, NULL, NULL, NULL, NULL, NULL, NULL, 122.0000, NULL, 131.7600, 9, NULL, NULL, NULL, '2023-04-16 13:01:03'),
(17, 100017, 112.0000, '2023-04-16 13:34:15', 1, NULL, NULL, 132.0000, '2023-04-16 15:00:28', 1, NULL, NULL, 244, 244.0000, 1, 161.4756, 1, NULL, NULL, NULL, '2023-04-16 13:00:28'),
(17, 100018, 112.0000, '2023-04-16 13:34:42', NULL, NULL, NULL, 132.0000, '2023-04-16 15:00:49', 1, NULL, NULL, 244, 244.0000, 1, 149.2788, 3, NULL, NULL, NULL, '2023-04-16 13:00:49'),
(17, 100019, 122.0000, '2023-04-16 13:48:20', 1, NULL, NULL, NULL, NULL, NULL, NULL, NULL, NULL, 122.0000, NULL, 137.9698, 6, NULL, NULL, NULL, '2023-04-16 13:01:03'),
(17, 100020, 97.0000, '2023-04-14 18:01:49', NULL, NULL, NULL, 127.0000, '2023-04-16 14:55:38', 1, NULL, NULL, 224, 224.0000, 1, 180.3928, 4, NULL, NULL, NULL, '2023-04-16 12:55:38'),
(17, 100021, 102.0000, '2023-04-14 20:56:41', NULL, NULL, NULL, 122.0000, '2023-04-16 14:54:05', 1, NULL, NULL, 224, 224.0000, 1, 180.0341, 5, NULL, NULL, NULL, '2023-04-16 12:55:38'),
(17, 100022, 92.0000, '2023-04-11 14:26:34', NULL, NULL, NULL, 122.0000, '2023-04-16 14:54:14', 1, NULL, NULL, 214, 214.0000, 1, 281.2812, 2, NULL, NULL, NULL, '2023-04-16 12:54:14'),
(17, 100030, NULL, NULL, NULL, NULL, NULL, NULL, NULL, NULL, NULL, NULL, NULL, NULL, NULL, NULL, NULL, NULL, NULL, NULL, '2023-03-28 17:29:30'),
(17, 100031, 43.0000, '2023-04-08 16:43:33', NULL, NULL, NULL, NULL, NULL, NULL, NULL, NULL, NULL, 43.0000, NULL, 65.8459, 3, NULL, NULL, NULL, '2023-05-19 13:56:10'),
(17, 100032, 53.0000, '2023-04-10 14:22:59', 3, NULL, NULL, NULL, NULL, NULL, NULL, NULL, NULL, 53.0000, NULL, 72.4351, 5, NULL, NULL, NULL, '2023-05-19 13:55:10'),
(17, 100033, 45.0000, '2023-04-09 19:59:02', NULL, NULL, NULL, NULL, NULL, NULL, NULL, NULL, NULL, 45.0000, NULL, 70.8345, 2, NULL, NULL, NULL, '2023-05-19 13:56:10'),
(17, 100034, 44.0000, '2023-04-09 19:47:42', NULL, NULL, NULL, NULL, NULL, NULL, NULL, NULL, NULL, 44.0000, NULL, 64.0992, 4, NULL, NULL, NULL, '2023-05-19 13:56:10'),
(17, 100035, NULL, NULL, NULL, NULL, NULL, NULL, NULL, NULL, NULL, NULL, NULL, NULL, NULL, NULL, NULL, NULL, NULL, NULL, '2023-03-28 17:29:30'),
(17, 100036, 56.0000, '2023-05-19 15:53:44', 2, NULL, NULL, NULL, NULL, NULL, NULL, NULL, NULL, 56.0000, NULL, 76.5352, 3, NULL, NULL, NULL, '2023-05-19 13:55:10'),
(17, 100037, NULL, NULL, NULL, NULL, NULL, NULL, NULL, NULL, NULL, NULL, NULL, NULL, NULL, NULL, NULL, NULL, NULL, NULL, '2023-03-28 17:29:30'),
(17, 100038, 43.0000, '2023-04-08 16:43:11', NULL, NULL, NULL, NULL, NULL, NULL, NULL, NULL, NULL, 43.0000, NULL, 47.1796, 6, NULL, NULL, NULL, '2023-05-19 13:55:10'),
(17, 100039, 92.0000, '2023-04-11 14:27:46', NULL, NULL, NULL, 122.0000, '2023-04-16 14:54:24', 1, NULL, NULL, 214, 214.0000, 1, 142.5448, 5, NULL, NULL, NULL, '2023-04-16 13:01:03'),
(17, 100040, 112.0000, '2023-04-16 13:35:02', 1, NULL, NULL, 135.0000, '2023-04-16 15:01:03', 1, NULL, NULL, 247, 247.0000, 1, 145.8000, 4, NULL, NULL, NULL, '2023-04-16 13:01:03'),
(17, 100041, 92.0000, '2023-04-11 14:25:27', 2, NULL, NULL, 112.0000, '2023-04-16 14:52:48', 2, NULL, NULL, 204, 204.0000, 2, 137.0096, 7, NULL, NULL, NULL, '2023-04-16 13:01:03'),
(17, 100042, 82.0000, '2023-04-11 14:11:12', NULL, NULL, NULL, 109.0000, '2023-04-16 14:43:08', 2, NULL, NULL, 191, 191.0000, 2, 152.9889, 7, NULL, NULL, NULL, '2023-04-16 12:59:06'),
(17, 100043, 122.0000, '2023-04-16 13:48:49', 1, NULL, NULL, NULL, NULL, NULL, NULL, NULL, NULL, 122.0000, NULL, 197.4245, 3, NULL, NULL, NULL, '2023-04-16 11:48:49'),
(17, 100044, 82.0000, '2023-04-11 14:10:09', NULL, NULL, NULL, 97.0000, '2023-04-16 14:27:38', 1, NULL, NULL, 179, 179.0000, 1, 339.6738, 1, NULL, NULL, NULL, '2023-04-16 12:27:38'),
(17, 100045, 112.0000, '2023-04-16 13:34:29', 1, NULL, NULL, 132.0000, '2023-04-16 15:00:39', 1, NULL, NULL, 244, 244.0000, 1, 163.6096, 6, NULL, NULL, NULL, '2023-04-16 13:00:39'),
(17, 100046, 122.0000, '2023-04-16 13:48:41', 1, NULL, NULL, NULL, NULL, NULL, NULL, NULL, NULL, 122.0000, NULL, 134.7856, 8, NULL, NULL, NULL, '2023-04-16 13:01:03'),
(17, 100047, 92.0000, '2023-04-11 14:25:07', 2, NULL, NULL, 112.0000, '2023-04-16 14:52:36', 2, NULL, NULL, 204, 204.0000, 2, 120.9600, 10, NULL, NULL, NULL, '2023-04-16 13:01:03'),
(17, 100048, 102.0000, '2023-04-14 21:04:41', NULL, NULL, NULL, 127.0000, '2023-04-16 14:55:14', 1, NULL, NULL, 229, 229.0000, 1, 155.3591, 2, NULL, NULL, NULL, '2023-04-16 12:56:00'),
(21, 6269, NULL, NULL, NULL, NULL, NULL, NULL, NULL, NULL, NULL, NULL, NULL, NULL, NULL, NULL, NULL, NULL, NULL, NULL, '2022-12-04 19:58:24'),
(22, 4555, 0.0000, NULL, NULL, NULL, NULL, 83.8000, NULL, NULL, NULL, NULL, 177, 83.8000, NULL, NULL, NULL, NULL, NULL, NULL, '2023-01-11 17:09:52'),
(22, 9448, 58.5000, NULL, NULL, NULL, NULL, 75.5000, NULL, NULL, NULL, NULL, 223, 134.0000, NULL, NULL, NULL, NULL, NULL, NULL, '2023-01-11 17:09:52'),
(22, 9549, 76.5000, NULL, NULL, NULL, NULL, 97.5000, NULL, NULL, NULL, NULL, 289, 174.0000, NULL, NULL, NULL, NULL, NULL, NULL, '2023-01-11 17:09:52'),
(22, 10632, 66.3000, NULL, NULL, NULL, NULL, 109.3000, NULL, NULL, NULL, NULL, 353, 175.6000, NULL, NULL, NULL, NULL, NULL, NULL, '2023-01-11 17:09:52'),
(22, 10912, 66.5000, NULL, NULL, NULL, NULL, 95.5000, NULL, NULL, NULL, NULL, 359, 162.0000, NULL, NULL, NULL, NULL, NULL, NULL, '2023-01-11 17:09:52'),
(22, 11188, 0.0000, NULL, NULL, NULL, NULL, 0.0000, NULL, NULL, NULL, NULL, 0, 0.0000, NULL, NULL, NULL, NULL, NULL, NULL, '2023-01-11 17:09:52'),
(22, 11226, 73.0000, NULL, NULL, NULL, NULL, 106.0000, NULL, NULL, NULL, NULL, 327, 179.0000, NULL, NULL, NULL, NULL, NULL, NULL, '2023-01-11 17:09:52'),
(22, 11439, 56.0000, NULL, NULL, NULL, NULL, 86.0000, NULL, NULL, NULL, NULL, 350, 142.0000, NULL, NULL, NULL, NULL, NULL, NULL, '2023-01-11 17:09:52'),
(22, 11726, 65.0000, NULL, NULL, NULL, NULL, 82.0000, NULL, NULL, NULL, NULL, 217, 147.0000, NULL, NULL, NULL, NULL, NULL, NULL, '2023-01-11 17:09:52'),
(22, 12056, 58.5000, NULL, NULL, NULL, NULL, 91.5000, NULL, NULL, NULL, NULL, 291, 150.0000, NULL, NULL, NULL, NULL, NULL, NULL, '2023-01-11 17:09:52'),
(22, 12371, 55.0000, NULL, NULL, NULL, NULL, 0.0000, NULL, NULL, NULL, NULL, 72, 55.0000, NULL, NULL, NULL, NULL, NULL, NULL, '2023-01-11 17:09:52'),
(22, 12885, 0.0000, NULL, NULL, NULL, NULL, 80.4000, NULL, NULL, NULL, NULL, 170, 80.4000, NULL, NULL, NULL, NULL, NULL, NULL, '2023-01-11 17:09:52'),
(22, 20059, 44.5000, NULL, NULL, NULL, NULL, 0.0000, NULL, NULL, NULL, NULL, 72, 44.5000, NULL, NULL, NULL, NULL, NULL, NULL, '2023-01-11 17:09:52'),
(22, 20169, 76.5000, NULL, NULL, NULL, NULL, 108.5000, NULL, NULL, NULL, NULL, 330, 185.0000, NULL, NULL, NULL, NULL, NULL, NULL, '2023-01-11 17:09:52'),
(22, 20640, 0.0000, NULL, NULL, NULL, NULL, 61.9000, NULL, NULL, NULL, NULL, 152, 61.9000, NULL, NULL, NULL, NULL, NULL, NULL, '2023-01-11 17:09:52'),
(22, 20987, 0.0000, NULL, NULL, NULL, NULL, 0.0000, NULL, NULL, NULL, NULL, 0, 0.0000, NULL, NULL, NULL, NULL, NULL, NULL, '2023-01-11 17:09:52'),
(22, 21057, 50.5000, NULL, NULL, NULL, NULL, 0.0000, NULL, NULL, NULL, NULL, 74, 50.5000, NULL, NULL, NULL, NULL, NULL, NULL, '2023-01-11 17:09:52'),
(22, 21580, 64.0000, NULL, NULL, NULL, NULL, 71.0000, NULL, NULL, NULL, NULL, 343, 135.0000, NULL, NULL, NULL, NULL, NULL, NULL, '2023-01-11 17:09:52'),
(22, 21740, 56.0000, NULL, NULL, NULL, NULL, 99.0000, NULL, NULL, NULL, NULL, 407, 155.0000, NULL, NULL, NULL, NULL, NULL, NULL, '2023-01-11 17:09:52'),
(22, 22305, 78.0000, NULL, NULL, NULL, NULL, 110.0000, NULL, NULL, NULL, NULL, 342, 188.0000, NULL, NULL, NULL, NULL, NULL, NULL, '2023-01-11 17:09:52'),
(22, 22517, 69.5000, NULL, NULL, NULL, NULL, 98.5000, NULL, NULL, NULL, NULL, 319, 168.0000, NULL, NULL, NULL, NULL, NULL, NULL, '2023-01-11 17:09:52'),
(22, 22524, 43.5000, NULL, NULL, NULL, NULL, 0.0000, NULL, NULL, NULL, NULL, 70, 43.5000, NULL, NULL, NULL, NULL, NULL, NULL, '2023-01-11 17:09:52'),
(22, 22538, 69.5000, NULL, NULL, NULL, NULL, 102.5000, NULL, NULL, NULL, NULL, 387, 172.0000, NULL, NULL, NULL, NULL, NULL, NULL, '2023-01-11 17:09:52'),
(22, 23017, 0.0000, NULL, NULL, NULL, NULL, 54.0000, NULL, NULL, NULL, NULL, 90, 54.0000, NULL, NULL, NULL, NULL, NULL, NULL, '2023-01-11 17:09:52'),
(23, 6141, 0.0000, NULL, NULL, NULL, NULL, 56.0000, NULL, NULL, NULL, NULL, 0, 56.0000, NULL, NULL, NULL, NULL, NULL, NULL, '2023-01-11 11:45:36'),
(23, 9200, 0.0000, NULL, NULL, NULL, NULL, 52.7000, NULL, NULL, NULL, NULL, 0, 52.7000, NULL, NULL, NULL, NULL, NULL, NULL, '2023-01-11 11:45:36'),
(23, 11336, 38.0000, NULL, NULL, NULL, NULL, 46.0000, NULL, NULL, NULL, NULL, 188, 84.0000, NULL, NULL, NULL, NULL, NULL, NULL, '2023-01-11 11:45:36'),
(23, 11357, 37.5000, NULL, NULL, NULL, NULL, 62.5000, NULL, NULL, NULL, NULL, 295, 100.0000, NULL, NULL, NULL, NULL, NULL, NULL, '2023-01-11 11:45:36'),
(23, 11912, 30.9000, NULL, NULL, NULL, NULL, 47.9000, NULL, NULL, NULL, NULL, 241, 78.8000, NULL, NULL, NULL, NULL, NULL, NULL, '2023-01-11 11:45:28'),
(23, 12144, 30.7000, NULL, NULL, NULL, NULL, 58.7000, NULL, NULL, NULL, NULL, 258, 89.4000, NULL, NULL, NULL, NULL, NULL, NULL, '2023-01-11 11:45:36'),
(23, 12366, 25.5000, NULL, NULL, NULL, NULL, 42.5000, NULL, NULL, NULL, NULL, 153, 68.0000, NULL, NULL, NULL, NULL, NULL, NULL, '2023-01-11 11:45:36'),
(23, 12438, 23.9000, NULL, NULL, NULL, NULL, 0.0000, NULL, NULL, NULL, NULL, 0, 23.9000, NULL, NULL, NULL, NULL, NULL, NULL, '2023-01-11 11:45:36'),
(23, 13528, 30.0000, NULL, NULL, NULL, NULL, 60.0000, NULL, NULL, NULL, NULL, 294, 90.0000, NULL, NULL, NULL, NULL, NULL, NULL, '2023-01-11 11:45:36'),
(23, 13730, 42.5000, NULL, NULL, NULL, NULL, 60.5000, NULL, NULL, NULL, NULL, 162, 103.0000, NULL, NULL, NULL, NULL, NULL, NULL, '2023-01-11 11:45:36'),
(23, 22213, 0.0000, NULL, NULL, NULL, NULL, 0.0000, NULL, NULL, NULL, NULL, 150, 0.0000, NULL, NULL, NULL, NULL, NULL, NULL, '2023-01-11 11:45:36'),
(23, 22271, 34.5000, NULL, NULL, NULL, NULL, 0.0000, NULL, NULL, NULL, NULL, 0, 34.5000, NULL, NULL, NULL, NULL, NULL, NULL, '2023-01-11 11:45:36'),
(23, 22282, 47.5000, NULL, NULL, NULL, NULL, 58.5000, NULL, NULL, NULL, NULL, 151, 106.0000, NULL, NULL, NULL, NULL, NULL, NULL, '2023-01-11 11:45:36'),
(26, 10632, 55.3000, '2023-01-28 18:57:35', NULL, NULL, NULL, 90.3000, '2023-01-28 20:05:38', NULL, NULL, NULL, 325, 145.6000, NULL, NULL, NULL, NULL, NULL, NULL, '2023-01-28 19:05:38'),
(26, 10912, 47.5000, '2023-01-28 18:58:54', NULL, NULL, NULL, 79.5000, '2023-01-28 20:06:28', NULL, NULL, NULL, 328, 127.0000, NULL, NULL, NULL, NULL, NULL, NULL, '2023-01-28 19:06:29'),
(26, 11943, 49.5000, '2023-01-28 18:55:12', NULL, NULL, NULL, 84.5000, '2023-01-28 20:09:03', NULL, NULL, NULL, 335, 134.0000, NULL, NULL, NULL, NULL, NULL, NULL, '2023-01-28 19:09:03'),
(26, 12056, 41.5000, '2023-01-28 18:41:08', NULL, NULL, NULL, 74.5000, '2023-01-28 19:36:41', NULL, NULL, NULL, 259, 116.0000, NULL, NULL, NULL, NULL, NULL, NULL, '2023-01-28 18:36:42'),
(26, 12506, 60.9000, '2023-01-28 19:00:05', NULL, NULL, NULL, 90.9000, '2023-01-28 20:07:46', NULL, NULL, NULL, 330, 151.8000, NULL, NULL, NULL, NULL, NULL, NULL, '2023-01-28 19:07:46'),
(26, 12915, 34.5000, '2023-01-28 18:30:27', NULL, NULL, NULL, 54.5000, '2023-01-28 19:24:19', NULL, NULL, NULL, 230, 89.0000, NULL, NULL, NULL, NULL, NULL, NULL, '2023-01-28 18:24:19'),
(26, 20663, 58.0000, '2023-01-28 19:03:56', NULL, NULL, NULL, 96.0000, '2023-01-28 20:04:19', NULL, NULL, NULL, 358, 154.0000, NULL, NULL, NULL, NULL, NULL, NULL, '2023-01-28 19:04:19'),
(26, 21057, 49.5000, '2023-01-28 18:28:07', NULL, NULL, NULL, 73.5000, '2023-01-28 19:32:28', NULL, NULL, NULL, 170, 123.0000, NULL, NULL, NULL, NULL, NULL, NULL, '2023-01-28 18:32:28'),
(26, 21331, NULL, NULL, NULL, NULL, NULL, NULL, NULL, NULL, NULL, NULL, NULL, NULL, NULL, NULL, NULL, NULL, NULL, NULL, '2023-01-28 16:25:17'),
(26, 22308, 64.5000, '2023-01-28 19:01:28', NULL, NULL, NULL, 104.5000, '2023-01-28 20:10:16', NULL, NULL, NULL, 350, 169.0000, NULL, NULL, NULL, NULL, NULL, NULL, '2023-01-28 19:10:16'),
(26, 22643, 40.5000, '2023-01-28 18:35:55', NULL, NULL, NULL, 54.5000, '2023-01-28 19:41:19', NULL, NULL, NULL, 134, 95.0000, NULL, NULL, NULL, NULL, NULL, NULL, '2023-01-28 18:41:19'),
(26, 23254, 61.7000, '2023-01-28 18:42:31', NULL, NULL, NULL, 89.7000, '2023-01-28 19:48:28', NULL, NULL, NULL, 312, 151.4000, NULL, NULL, NULL, NULL, NULL, NULL, '2023-01-28 18:48:28'),
(26, 23675, 58.4000, '2023-01-28 18:34:21', NULL, NULL, NULL, 98.4000, '2023-01-28 19:39:40', NULL, NULL, NULL, 340, 156.8000, NULL, NULL, NULL, NULL, NULL, NULL, '2023-01-28 18:39:41'),
(26, 23832, 25.3000, '2023-01-28 18:40:01', NULL, NULL, NULL, 50.3000, '2023-01-28 19:35:21', NULL, NULL, NULL, 245, 75.6000, NULL, NULL, NULL, NULL, NULL, NULL, '2023-01-28 18:35:21'),
(27, 10960, 36.0000, '2023-03-11 18:23:11', NULL, NULL, NULL, 68.0000, '2023-03-11 19:21:40', NULL, NULL, NULL, 298, 104.0000, NULL, NULL, NULL, NULL, NULL, NULL, '2023-03-11 18:21:41'),
(27, 11439, 53.0000, '2023-03-11 18:50:10', NULL, NULL, NULL, 93.0000, '2023-03-11 19:55:43', NULL, NULL, NULL, 356, 146.0000, NULL, NULL, NULL, NULL, NULL, NULL, '2023-03-11 18:55:43'),
(27, 11943, 47.0000, '2023-03-11 18:48:06', NULL, NULL, NULL, 83.0000, '2023-03-11 19:53:17', NULL, NULL, NULL, 332, 130.0000, NULL, NULL, NULL, NULL, NULL, NULL, '2023-03-11 18:53:17'),
(27, 12156, 55.0000, '2023-03-11 18:51:12', NULL, NULL, NULL, 105.0000, '2023-03-11 19:56:52', NULL, NULL, NULL, 370, 160.0000, NULL, NULL, NULL, NULL, NULL, NULL, '2023-03-11 18:56:52'),
(27, 12206, 50.0000, '2023-03-11 18:28:06', NULL, NULL, NULL, 76.0000, '2023-03-11 19:26:57', NULL, NULL, NULL, 214, 126.0000, NULL, NULL, NULL, NULL, NULL, NULL, '2023-03-11 18:26:57'),
(27, 12506, 61.4000, '2023-03-11 18:53:47', NULL, NULL, NULL, 86.4000, '2023-03-11 19:45:45', NULL, NULL, NULL, 325, 147.8000, NULL, NULL, NULL, NULL, NULL, NULL, '2023-03-11 18:45:46'),
(27, 12911, 66.0000, '2023-03-11 18:52:37', NULL, NULL, NULL, 81.0000, '2023-03-11 19:37:07', NULL, NULL, NULL, 295, 147.0000, NULL, NULL, NULL, NULL, NULL, NULL, '2023-03-11 18:37:07'),
(27, 21735, 24.0000, '2023-03-11 18:17:50', NULL, NULL, NULL, 45.0000, '2023-03-11 19:24:15', NULL, NULL, NULL, 141, 69.0000, NULL, NULL, NULL, NULL, NULL, NULL, '2023-03-11 18:24:15'),
(27, 21938, 45.0000, '2023-03-11 18:42:19', NULL, NULL, NULL, 85.0000, '2023-03-11 19:54:17', NULL, NULL, NULL, 332, 130.0000, NULL, NULL, NULL, NULL, NULL, NULL, '2023-03-11 18:54:17'),
(27, 22643, 40.5000, '2023-03-11 18:31:52', NULL, NULL, NULL, 53.5000, '2023-03-11 19:30:13', NULL, NULL, NULL, 133, 94.0000, NULL, NULL, NULL, NULL, NULL, NULL, '2023-03-11 18:30:13'),
(27, 23171, 59.5000, '2023-03-11 18:33:59', NULL, NULL, NULL, 87.5000, '2023-03-11 19:32:50', NULL, NULL, NULL, 204, 147.0000, NULL, NULL, NULL, NULL, NULL, NULL, '2023-03-11 18:32:50'),
(27, 23832, 25.6000, '2023-03-11 18:29:29', NULL, NULL, NULL, 45.6000, '2023-03-11 19:35:49', NULL, NULL, NULL, 240, 71.2000, NULL, NULL, NULL, NULL, NULL, NULL, '2023-03-11 18:35:49'),
(28, 102, 85.0000, '2023-05-20 13:38:08', 1, NULL, NULL, 101.0000, '2023-05-20 14:42:14', 1, NULL, NULL, 186, 186.0000, 1, 253.2204, 2, NULL, NULL, NULL, '2023-05-22 07:33:38'),
(28, 103, 70.0000, '2023-05-20 13:23:07', 1, NULL, NULL, 87.0000, '2023-05-20 14:31:14', 1, NULL, NULL, 157, 157.0000, 1, 208.3233, 5, NULL, NULL, NULL, '2023-05-22 07:33:38'),
(28, 209, 62.0000, '2023-05-20 13:16:59', 1, NULL, NULL, 74.0000, '2023-05-20 14:17:43', 1, NULL, NULL, 136, 136.0000, 1, 202.9664, 6, NULL, NULL, NULL, '2023-05-22 07:33:38'),
(28, 307, 66.0000, '2023-05-20 13:18:21', 1, NULL, NULL, 76.0000, '2023-05-20 14:20:02', 1, NULL, NULL, 142, 142.0000, 1, 194.8240, 7, NULL, NULL, NULL, '2023-05-22 07:33:38'),
(28, 308, 80.0000, '2023-05-20 13:34:18', 1, NULL, NULL, 100.0000, '2023-05-20 14:40:47', 1, NULL, NULL, 180, 180.0000, 1, 209.1420, 4, NULL, NULL, NULL, '2023-05-22 07:33:38'),
(28, 606, 82.0000, '2023-05-20 13:36:25', 1, NULL, NULL, 105.0000, '2023-05-20 14:43:42', 1, NULL, NULL, 187, 187.0000, 1, 229.5051, 3, NULL, NULL, NULL, '2023-05-22 07:33:38'),
(28, 608, 51.0000, '2023-05-20 13:08:19', 2, NULL, NULL, 65.0000, '2023-05-20 14:09:25', 2, NULL, NULL, 116, 116.0000, 2, 175.1020, 9, NULL, NULL, NULL, '2023-05-22 07:33:38'),
(28, 11943, 150.0000, '2023-05-20 16:48:16', 1, NULL, NULL, 186.0000, '2023-05-20 18:31:26', 1, NULL, NULL, 336, 336.0000, 1, 368.4240, 1, NULL, NULL, NULL, '2023-05-22 07:33:38'),
(28, 100019, 90.0000, '2023-05-20 15:52:44', 2, NULL, NULL, 112.0000, '2023-05-20 17:36:18', 2, NULL, NULL, 202, 202.0000, 2, 226.1390, 15, NULL, NULL, NULL, '2023-05-22 07:33:38'),
(28, 100032, 95.0000, '2023-05-20 16:01:28', 1, NULL, NULL, 121.0000, '2023-05-20 17:45:00', 1, NULL, NULL, 216, 216.0000, 1, 292.3992, 6, NULL, NULL, NULL, '2023-05-22 07:33:38'),
(28, 100037, 90.0000, '2023-05-20 15:53:50', 2, NULL, NULL, 105.0000, '2023-05-20 17:27:36', 2, NULL, NULL, 195, 195.0000, 2, 233.6490, 14, NULL, NULL, NULL, '2023-05-22 07:33:38'),
(28, 100038, 83.0000, '2023-05-20 15:46:54', 1, NULL, NULL, 95.0000, '2023-05-20 17:20:02', 1, NULL, NULL, 178, 178.0000, 1, 193.6462, 17, NULL, NULL, NULL, '2023-05-22 07:33:38'),
(28, 100039, 106.0000, '2023-05-20 16:14:41', 1, NULL, NULL, 132.0000, '2023-05-20 17:57:51', 1, NULL, NULL, 238, 238.0000, 1, 276.6750, 9, NULL, NULL, NULL, '2023-05-22 07:33:38'),
(28, 100040, 120.0000, '2023-05-20 16:21:03', 2, NULL, NULL, 155.0000, '2023-05-20 18:05:53', 2, NULL, NULL, 275, 275.0000, 2, 287.7050, 7, NULL, NULL, NULL, '2023-05-22 07:33:38'),
(28, 100041, 130.0000, '2023-05-20 16:32:01', 1, NULL, NULL, 165.0000, '2023-05-20 18:16:08', 1, NULL, NULL, 295, 295.0000, 1, 359.9590, 2, NULL, NULL, NULL, '2023-05-22 07:33:38'),
(28, 100043, 71.0000, '2023-05-20 13:24:54', 1, NULL, NULL, 86.0000, '2023-05-20 14:29:14', 1, NULL, NULL, 157, 157.0000, 1, 251.0587, 1, NULL, NULL, NULL, '2023-05-22 07:33:38'),
(28, 100052, 50.0000, '2023-05-20 13:07:26', 2, NULL, NULL, 63.0000, '2023-05-20 14:07:54', 2, NULL, NULL, 113, 113.0000, 2, 160.0532, 10, NULL, NULL, NULL, '2023-05-22 07:33:38'),
(28, 100053, 67.0000, '2023-05-20 13:21:48', 1, NULL, NULL, 80.0000, '2023-05-20 14:23:23', 1, NULL, NULL, 147, 147.0000, 1, 180.2955, 8, NULL, NULL, NULL, '2023-05-22 07:33:38'),
(28, 100054, 118.0000, '2023-05-20 13:45:20', 1, NULL, NULL, 130.0000, '2023-05-20 14:48:01', 1, NULL, NULL, 248, 248.0000, 1, 277.0904, 1, NULL, NULL, NULL, '2023-05-22 07:33:38'),
(28, 100055, 69.0000, '2023-05-20 15:34:32', 1, NULL, NULL, 83.0000, '2023-05-20 17:12:23', 1, NULL, NULL, 152, 152.0000, 1, 199.6216, 16, NULL, NULL, NULL, '2023-05-22 07:33:38'),
(28, 100056, 80.0000, '2023-05-20 15:44:31', 1, NULL, NULL, 100.0000, '2023-05-20 17:21:31', 1, NULL, NULL, 180, 180.0000, 1, 240.9840, 13, NULL, NULL, NULL, '2023-05-22 07:33:38'),
(28, 100057, 92.0000, '2023-05-20 15:56:42', 2, NULL, NULL, 118.0000, '2023-05-20 17:42:24', 2, NULL, NULL, 210, 210.0000, 2, 244.2510, 12, NULL, NULL, NULL, '2023-05-22 07:33:38'),
(28, 100058, 103.0000, '2023-05-20 16:12:09', 2, NULL, NULL, 127.0000, '2023-05-20 17:50:01', 2, NULL, NULL, 230, 230.0000, 2, 259.9000, 11, NULL, NULL, NULL, '2023-05-22 07:33:38'),
(28, 100059, 124.0000, '2023-05-20 16:22:41', 1, NULL, NULL, 160.0000, '2023-05-20 18:08:34', 1, NULL, NULL, 284, 284.0000, 1, 320.7780, 4, NULL, NULL, NULL, '2023-05-22 07:33:38'),
(28, 100060, 138.0000, '2023-05-20 16:41:05', 1, NULL, NULL, 175.0000, '2023-05-20 18:22:59', 1, NULL, NULL, 313, 313.0000, 1, 350.2470, 3, NULL, NULL, NULL, '2023-05-22 07:33:38'),
(28, 100061, 104.0000, '2023-05-20 16:13:01', 1, NULL, NULL, 140.0000, '2023-05-20 18:02:35', 1, NULL, NULL, 244, 244.0000, 1, 281.8444, 8, NULL, NULL, NULL, '2023-05-22 07:33:38'),
(28, 100062, 135.0000, '2023-05-20 16:37:11', 1, NULL, NULL, 176.0000, '2023-05-20 18:24:40', 1, NULL, NULL, 311, 311.0000, 1, 318.2774, 5, NULL, NULL, NULL, '2023-05-22 07:33:38'),
(28, 100064, 98.0000, '2023-05-20 16:06:10', 1, NULL, NULL, 126.0000, '2023-05-20 17:48:48', 1, NULL, NULL, 224, 224.0000, 1, 261.7216, 10, NULL, NULL, NULL, '2023-05-22 07:33:38'),
(29, 8503, NULL, NULL, NULL, NULL, NULL, NULL, NULL, NULL, NULL, NULL, NULL, NULL, NULL, NULL, NULL, NULL, NULL, NULL, '2023-08-29 08:01:04'),
(29, 12206, NULL, NULL, NULL, NULL, NULL, NULL, NULL, NULL, NULL, NULL, NULL, NULL, NULL, NULL, NULL, NULL, NULL, NULL, '2023-08-29 08:01:04'),
(29, 100064, NULL, NULL, NULL, NULL, NULL, NULL, NULL, NULL, NULL, NULL, NULL, NULL, NULL, NULL, NULL, NULL, NULL, NULL, '2023-08-29 08:01:04'),
(29, 100065, NULL, NULL, NULL, NULL, NULL, NULL, NULL, NULL, NULL, NULL, NULL, NULL, NULL, NULL, NULL, NULL, NULL, NULL, '2023-08-29 08:01:04'),
(29, 100066, NULL, NULL, NULL, NULL, NULL, NULL, NULL, NULL, NULL, NULL, NULL, NULL, NULL, NULL, NULL, NULL, NULL, NULL, '2023-08-29 08:01:04'),
(29, 100067, NULL, NULL, NULL, NULL, NULL, NULL, NULL, NULL, NULL, NULL, NULL, NULL, NULL, NULL, NULL, NULL, NULL, NULL, '2023-08-29 08:01:04'),
(29, 100069, NULL, NULL, NULL, NULL, NULL, NULL, NULL, NULL, NULL, NULL, NULL, NULL, NULL, NULL, NULL, NULL, NULL, NULL, '2023-08-29 08:01:04'),
(29, 100070, NULL, NULL, NULL, NULL, NULL, 162.1900, NULL, 3, NULL, NULL, 157, 162.1900, 3, 162.1900, 2, NULL, NULL, NULL, '2023-08-29 10:23:59'),
(29, 100071, 190.7400, NULL, 1, NULL, NULL, 190.7400, NULL, 2, NULL, NULL, 151, 381.4800, 1, NULL, NULL, NULL, NULL, NULL, '2023-08-29 10:23:59'),
(29, 100072, NULL, '2023-08-29 12:23:43', NULL, NULL, NULL, 209.3300, NULL, 1, NULL, NULL, 164, 209.3300, 2, 209.3300, 1, NULL, NULL, NULL, '2023-08-29 10:23:59'),
(29, 100073, NULL, NULL, NULL, NULL, NULL, NULL, NULL, NULL, NULL, NULL, NULL, NULL, NULL, NULL, NULL, NULL, NULL, NULL, '2023-08-29 08:01:04'),
(29, 100074, NULL, NULL, NULL, NULL, NULL, NULL, NULL, NULL, NULL, NULL, NULL, NULL, NULL, NULL, NULL, NULL, NULL, NULL, '2023-08-29 08:01:04'),
(30, 200018, 40.0000, NULL, 1, NULL, NULL, 50.0000, NULL, 1, NULL, NULL, 90, 90.0000, 1, 36.0000, 3, NULL, NULL, NULL, '2023-08-31 06:47:24'),
(30, 200019, 61.0000, NULL, 2, NULL, NULL, 71.0000, NULL, 2, NULL, NULL, 132, 132.0000, 2, 28.0000, 5, NULL, NULL, NULL, '2023-08-31 06:47:15'),
(30, 200033, 62.0000, NULL, 1, NULL, NULL, 72.0000, NULL, 1, NULL, NULL, 134, 134.0000, 1, 30.0000, 4, NULL, NULL, NULL, '2023-08-31 06:47:15'),
(30, 200044, 64.0000, NULL, 1, NULL, NULL, 74.0000, NULL, 1, NULL, NULL, 138, 138.0000, 1, 79.0000, 2, NULL, NULL, NULL, '2023-08-31 06:47:24'),
(30, 200064, 55.0000, NULL, 1, NULL, NULL, 65.0000, NULL, 1, NULL, NULL, 120, 120.0000, 1, 81.0000, 1, NULL, NULL, NULL, '2023-08-31 06:47:00'),
(30, 200066, 61.0000, NULL, 3, NULL, NULL, 71.0000, NULL, 3, NULL, NULL, 132, 132.0000, 3, 28.0000, 6, NULL, NULL, NULL, '2023-08-31 06:47:15'),
(30, 200067, 73.0000, NULL, 1, NULL, NULL, 83.0000, NULL, 1, NULL, NULL, 156, 156.0000, 1, 15.0000, 7, NULL, NULL, NULL, '2023-08-31 06:47:15'),
(30, 200069, 81.0000, NULL, 1, NULL, NULL, 91.0000, NULL, 1, NULL, NULL, 172, 172.0000, 1, 10.0000, 8, NULL, NULL, NULL, '2023-08-31 06:47:20');

-- --------------------------------------------------------

--
-- Tabellenstruktur für Tabelle `staaten`
--

CREATE TABLE `staaten` (
  `state_id` int(3) NOT NULL,
  `state_name` varchar(50) COLLATE utf8_unicode_ci NOT NULL,
  `state_long` varchar(50) COLLATE utf8_unicode_ci NOT NULL,
  `state_iso3` char(3) COLLATE utf8_unicode_ci NOT NULL,
  `state_iso2` char(2) COLLATE utf8_unicode_ci NOT NULL,
  `state_flag` varchar(7) COLLATE utf8_unicode_ci NOT NULL
) ENGINE=InnoDB DEFAULT CHARSET=utf8 COLLATE=utf8_unicode_ci;

--
-- Daten für Tabelle `staaten`
--

INSERT INTO `staaten` (`state_id`, `state_name`, `state_long`, `state_iso3`, `state_iso2`, `state_flag`) VALUES
(0, '', '', '', '', ''),
(1, 'Abchasien', 'Republik Abchasien', 'ABC', '', ''),
(2, 'Afghanistan', 'Islamische Republik Afghanistan', 'AFG', 'AF', 'af.png'),
(3, 'Ägypten', 'Arabische Republik Ägypten', 'EGY', 'EG', 'eg.png'),
(4, 'Albanien', 'Republik Albanien', 'ALB', 'AL', 'al.png'),
(5, 'Algerien', 'Demokratische Volksrepublik Algerien', 'DZA', 'DZ', 'dz.png'),
(6, 'Andorra', 'Fürstentum Andorra', 'AND', 'AD', 'ad.png'),
(7, 'Angola', 'Republik Angola', 'AGO', 'AO', 'ao.png'),
(8, 'Antigua und Barbuda', 'Antigua und Barbuda', 'ATG', 'AG', 'ag.png'),
(9, 'Äquatorialguinea', 'Republik Äquatorialguinea', 'GNQ', 'GQ', 'gq.png'),
(10, 'Argentinien', 'Argentinische Republik', 'ARG', 'AR', 'ar.png'),
(11, 'Armenien', 'Republik Armenien', 'ARM', 'AM', 'am.png'),
(12, 'Aserbaidschan', 'Republik Aserbaidschan', 'AZE', 'AZ', 'az.png'),
(13, 'Äthiopien', 'Demokratische Bundesrepublik Äthiopien', 'ETH', 'ET', 'et.png'),
(14, 'Australien', 'Australien', 'AUS', 'AU', 'au.png'),
(15, 'Bahamas', 'Commonwealth der Bahamas', 'BHS', 'BS', 'bs.png'),
(16, 'Bahrain', 'Königreich Bahrain', 'BHR', 'BH', 'bh.png'),
(17, 'Bangladesch', 'Volksrepublik Bangladesch', 'BGD', 'BD', 'bd.png'),
(18, 'Barbados', 'Barbados', 'BRB', 'BB', 'bb.png'),
(19, 'Belgien', 'Königreich Belgien', 'BEL', 'BE', 'be.png'),
(20, 'Belize', 'Belize', 'BLZ', 'BZ', 'bz.png'),
(21, 'Benin', 'Republik Benin', 'BEN', 'BJ', 'bj.png'),
(22, 'Bergkarabach', 'Republik Bergkarabach', '', '', ''),
(23, 'Bhutan', 'Königreich Bhutan', 'BTN', 'BT', 'bt.png'),
(24, 'Bolivien', 'Plurinationaler Staat Bolivien', 'BOL', 'BO', 'bo.png'),
(25, 'Bosnien-Herzegowina', 'Bosnien und Herzegowina', 'BIH', 'BA', 'ba.png'),
(26, 'Botswana', 'Republik Botsuana', 'BWA', 'BW', 'bw.png'),
(27, 'Brasilien', 'Föderative Republik Brasilien', 'BRA', 'BR', 'br.png'),
(28, 'Brunei', 'Brunei Darussalam', 'BRN', 'BN', 'bn.png'),
(29, 'Bulgarien', 'Republik Bulgarien', 'BGR', 'BG', 'bg.png'),
(30, 'Burkina Faso', 'Burkina Faso', 'BFA', 'BF', 'bf.png'),
(31, 'Burundi', 'Republik Burundi', 'BDI', 'BI', 'bi.png'),
(32, 'Chile', 'Republik Chile', 'CHL', 'CL', 'cl.png'),
(33, 'Taiwan', 'Republik China', 'TWN', 'TW', 'tw.png'),
(34, 'China', 'Volksrepublik China', 'CHN', 'CN', 'cn.png'),
(35, 'Hongkong', '', 'CHN', 'HK', ''),
(36, 'Macau', '', 'CHN', 'MO', ''),
(37, 'Cookinseln', 'Cookinseln', 'COK', 'CK', ''),
(38, 'Costa Rica', 'Republik Costa Rica', 'CRI', 'CR', 'cr.png'),
(39, 'Dänemark', 'Königreich Dänemark', 'DNK', 'DK', 'dk.png'),
(40, 'Färöer Inseln', 'Königreich Dänemark', 'DNK', 'FO', ''),
(41, 'Grönland', 'Königreich Dänemark', 'DNK', 'GL', ''),
(42, 'Deutschland', 'Bundesrepublik Deutschland', 'DEU', 'DE', 'de.png'),
(43, 'Dominica', 'Commonwealth Dominica', 'DMA', 'DM', 'dm.png'),
(44, 'Dominikanische Republik', 'Dominikanische Republik', 'DOM', 'DO', 'do.png'),
(45, 'Dschibuti', 'Republik Dschibuti', 'DJI', 'DJ', 'dj.png'),
(46, 'Ecuador', 'Republik Ecuador', 'ECU', 'EC', 'ec.png'),
(47, 'El Salvador', 'Republik El Salvador', 'SLV', 'SV', 'sv.png'),
(48, 'Elfenbeinküste', 'Republik Côte d’Ivoire', 'CIV', 'CI', 'ci.png'),
(49, 'Eritrea', 'Staat Eritrea', 'ERI', 'ER', 'er.png'),
(50, 'Estland', 'Republik Estland', 'EST', 'EE', 'ee.png'),
(51, 'Fidschi', 'Republik Fidschi', 'FJI', 'FJ', 'fj.png'),
(52, 'Finnland', 'Republik Finnland', 'FIN', 'FI', 'fi.png'),
(53, 'Frankreich', 'Französische Republik', 'FRA', 'FR', 'fr.png'),
(54, 'Gabun', 'Gabunische Republik', 'GAB', 'GA', 'ga.png'),
(55, 'Gambia', 'Republik Gambia', 'GMB', 'GM', 'gm.png'),
(56, 'Georgien', 'Georgien', 'GEO', 'GE', 'ge.png'),
(57, 'Ghana', 'Republik Ghana', 'GHA', 'GH', 'gh.png'),
(58, 'Grenada', 'Grenada', 'GRD', 'GD', 'gd.png'),
(59, 'Griechenland', 'Hellenische Republik', 'GRC', 'GR', 'gr.png'),
(60, 'Guatemala', 'Republik Guatemala', 'GTM', 'GT', 'gt.png'),
(61, 'Guinea', 'Republik Guinea', 'GIN', 'GN', 'gn.png'),
(62, 'Guinea-Bissau', 'Republik Guinea-Bissau', 'GNB', 'GW', 'gw.png'),
(63, 'Guyana', 'Kooperative Republik Guyana', 'GUY', 'GY', 'gy.png'),
(64, 'Haiti', 'Republik Haiti', 'HTI', 'HT', 'ht.png'),
(65, 'Honduras', 'Republik Honduras', 'HND', 'HN', 'hn.png'),
(66, 'Indien', 'Republik Indien', 'IND', 'IN', 'in.png'),
(67, 'Indonesien', 'Republik Indonesien', 'IDN', 'ID', 'id.png'),
(68, 'Irak', 'Republik Irak', 'IRQ', 'IQ', 'iq.png'),
(69, 'Iran', 'Islamische Republik Iran', 'IRN', 'IR', 'ir.png'),
(70, 'Irland', 'Irland', 'IRL', 'IE', 'ie.png'),
(71, 'Island', 'Republik Island', 'ISL', 'IS', 'is.png'),
(72, 'Israel', 'Staat Israel', 'ISR', 'IL', 'il.png'),
(73, 'Italien', 'Italienische Republik', 'ITA', 'IT', 'it.png'),
(74, 'Jamaika', 'Jamaika', 'JAM', 'JM', 'jm.png'),
(75, 'Japan', 'Japan', 'JPN', 'JP', 'jp.png'),
(76, 'Jemen', 'Republik Jemen', 'YEM', 'YE', 'ye.png'),
(77, 'Jordanien', 'Haschemitisches Königreich Jordanien', 'JOR', 'JO', 'jo.png'),
(78, 'Kambodscha', 'Königreich Kambodscha', 'KHM', 'KH', 'kh.png'),
(79, 'Kamerun', 'Republik Kamerun', 'CMR', 'CM', 'cm.png'),
(80, 'Kanada', 'Kanada', 'CAN', 'CA', 'ca.png'),
(81, 'Kap Verde', 'Republik Cabo Verde', 'CPV', 'CV', 'cv.png'),
(82, 'Kasachstan', 'Republik Kasachstan', 'KAZ', 'KZ', 'kz.png'),
(83, 'Katar', 'Staat Katar', 'QAT', 'QA', 'qa.png'),
(84, 'Kenia', 'Republik Kenia', 'KEN', 'KE', 'ke.png'),
(85, 'Kirgisistan', 'Kirgisische Republik', 'KGZ', 'KG', 'kg.png'),
(86, 'Kiribati', 'Republik Kiribati', 'KIR', 'KI', 'ki.png'),
(87, 'Kolumbien', 'Republik Kolumbien', 'COL', 'CO', 'co.png'),
(88, 'Komoren', 'Union der Komoren', 'COM', 'KM', 'km.png'),
(89, 'Kongo', 'Demokratische Republik Kongo', 'COD', 'CD', 'cd.png'),
(90, 'Republik Kongo', 'Republik Kongo', 'COG', 'CG', 'cg.png'),
(91, 'Nord-Korea', 'Demokratische Volksrepublik Korea', 'PRK', 'KP', 'kp.png'),
(92, 'Süd-Korea', 'Republik Korea', 'KOR', 'KR', 'kr.png'),
(93, 'Kosovo', 'Republik Kosovo', 'RKS', '', ''),
(94, 'Kroatien', 'Republik Kroatien', 'HRV', 'HR', 'hr.png'),
(95, 'Kuba', 'Republik Kuba', 'CUB', 'CU', 'cu.png'),
(96, 'Kuwait', 'Staat Kuwait', 'KWT', 'KW', 'kw.png'),
(97, 'Laos', 'Demokratische Volksrepublik Laos', 'LAO', 'LA', 'la.png'),
(98, 'Lesotho', 'Königreich Lesotho', 'LSO', 'LS', 'ls.png'),
(99, 'Lettland', 'Republik Lettland', 'LVA', 'LV', 'lv.png'),
(100, 'Libanon', 'Libanesische Republik', 'LBN', 'LB', 'lb.png'),
(101, 'Liberia', 'Republik Liberia', 'LBR', 'LR', 'lr.png'),
(102, 'Libyen', 'Libyen', 'LBY', 'LY', 'ly.png'),
(103, 'Liechtenstein', 'Fürstentum Liechtenstein', 'LIE', 'LI', 'li.png'),
(104, 'Litauen', 'Republik Litauen', 'LTU', 'LT', 'lt.png'),
(105, 'Luxemburg', 'Großherzogtum Luxemburg', 'LUX', 'LU', 'lu.png'),
(106, 'Madagaskar', 'Republik Madagaskar', 'MDG', 'MG', 'mg.png'),
(107, 'Malawi', 'Republik Malawi', 'MWI', 'MW', 'mw.png'),
(108, 'Malaysia', 'Malaysia', 'MYS', 'MY', 'my.png'),
(109, 'Malediven', 'Republik Malediven', 'MDV', 'MV', 'mv.png'),
(110, 'Mali', 'Republik Mali', 'MLI', 'ML', 'ml.png'),
(111, 'Malta', 'Republik Malta', 'MLT', 'MT', 'mt.png'),
(112, 'Marokko', 'Königreich Marokko', 'MAR', 'MA', 'ma.png'),
(113, 'Marshallinseln', 'Republik Marshallinseln', 'MHL', 'MH', 'mh.png'),
(114, 'Mauretanien', 'Islamische Republik Mauretanien', 'MRT', 'MR', 'mr.png'),
(115, 'Mauritius', 'Republik Mauritius', 'MUS', 'MU', 'mu.png'),
(116, 'Mazedonien', 'Ehemalige jugoslawische Republik Mazedonien', 'MKD', 'MK', 'mk.png'),
(117, 'Mexiko', 'Vereinigte Mexikanische Staaten', 'MEX', 'MX', 'mx.png'),
(118, 'Mikronesien', 'Föderierte Staaten von Mikronesien', 'FSM', 'FM', 'fm.png'),
(119, 'Moldawien', 'Republik Moldau', 'MDA', 'MD', 'md.png'),
(120, 'Monaco', 'Fürstentum Monaco', 'MCO', 'MC', 'mc.png'),
(121, 'Mongolei', 'Mongolei', 'MNG', 'MN', 'mn.png'),
(122, 'Montenegro', 'Montenegro', 'MNE', 'ME', 'me.png'),
(123, 'Mosambik', 'Republik Mosambik', 'MOZ', 'MZ', 'mz.png'),
(124, 'Myanmar', 'Republik der Union Myanmar', 'MMR', 'MM', 'mm.png'),
(125, 'Namibia', 'Republik Namibia', 'NAM', 'NA', 'na.png'),
(126, 'Nauru', 'Republik Nauru', 'NRU', 'NR', 'nr.png'),
(127, 'Nepal', 'Demokratische Bundesrepublik Nepal', 'NPL', 'NP', 'np.png'),
(128, 'Neuseeland', 'Neuseeland', 'NZL', 'NZ', 'nz.png'),
(129, 'Nicaragua', 'Republik Nicaragua', 'NIC', 'NI', 'ni.png'),
(130, 'Niederlande', 'Königreich der Niederlande', 'NLD', 'NL', 'nl.png'),
(131, 'Niger', 'Republik Niger', 'NER', 'NE', 'ne.png'),
(132, 'Nigeria', 'Bundesrepublik Nigeria', 'NGA', 'NG', 'ng.png'),
(133, 'Niue', 'Niue', 'NIU', 'NU', ''),
(134, 'Nordzypern', 'Türkische Republik Nordzypern', '', '', ''),
(135, 'Norwegen', 'Königreich Norwegen', 'NOR', 'NO', 'no.png'),
(136, 'Oman', 'Sultanat Oman', 'OMN', 'OM', 'om.png'),
(137, 'Österreich', 'Republik Österreich', 'AUT', 'AT', 'at.png'),
(138, 'Osttimor', 'Demokratische Republik Timor-Leste', 'TLS', 'TL', 'tl.png'),
(139, 'Pakistan', 'Islamische Republik Pakistan', 'PAK', 'PK', 'pk.png'),
(140, 'Palästina', '', 'PSE', 'PS', ''),
(141, 'Palau', 'Republik Palau', 'PLW', 'PW', 'pw.png'),
(142, 'Panama', 'Republik Panama', 'PAN', 'PA', 'pa.png'),
(143, 'Papua-Neuguinea', 'Unabhängiger Staat Papua-Neuguinea', 'PNG', 'PG', 'pg.png'),
(144, 'Paraguay', 'Republik Paraguay', 'PRY', 'PY', 'py.png'),
(145, 'Peru', 'Republik Peru', 'PER', 'PE', 'pe.png'),
(146, 'Philippinen', 'Republik der Philippinen', 'PHL', 'PH', 'ph.png'),
(147, 'Polen', 'Republik Polen', 'POL', 'PL', 'pl.png'),
(148, 'Portugal', 'Portugiesische Republik', 'PRT', 'PT', 'pt.png'),
(149, 'Ruanda', 'Republik Ruanda', 'RWA', 'RW', 'rw.png'),
(150, 'Rumänien', 'Republik Rumänien', 'ROU', 'RO', 'ro.png'),
(151, 'Russland', 'Russische Föderation', 'RUS', 'RU', 'ru.png'),
(152, 'Salomonen', 'Salomonen', 'SLB', 'SB', 'sb.png'),
(153, 'Sambia', 'Republik Sambia', 'ZMB', 'ZM', 'zm.png'),
(154, 'Samoa', 'Unabhängiger Staat Samoa', 'WSM', 'WS', 'ws.png'),
(155, 'San Marino', 'Republik San Marino', 'SMR', 'SM', 'sm.png'),
(156, 'São Tomé und Príncipe', 'Demokratische Republik São Tomé und Príncipe', 'STP', 'ST', 'st.png'),
(157, 'Saudi-Arabien', 'Königreich Saudi-Arabien', 'SAU', 'SA', 'sa.png'),
(158, 'Schweden', 'Königreich Schweden', 'SWE', 'SE', 'se.png'),
(159, 'Schweiz', 'Schweizerische Eidgenossenschaft', 'CHE', 'CH', 'ch.png'),
(160, 'Senegal', 'Republik Senegal', 'SEN', 'SN', 'sn.png'),
(161, 'Serbien', 'Republik Serbien', 'SRB', 'RS', 'rs.png'),
(162, 'Seychellen', 'Republik Seychellen', 'SYC', 'SC', 'sc.png'),
(163, 'Sierra Leone', 'Republik Sierra Leone', 'SLE', 'SL', 'sl.png'),
(164, 'Simbabwe', 'Republik Simbabwe', 'ZWE', 'ZW', 'zw.png'),
(165, 'Singapur', 'Republik Singapur', 'SGP', 'SG', 'sg.png'),
(166, 'Slowakei', 'Slowakische Republik', 'SVK', 'SK', 'sk.png'),
(167, 'Slowenien', 'Republik Slowenien', 'SVN', 'SI', 'si.png'),
(168, 'Somalia', 'Bundesrepublik Somalia', 'SOM', 'SO', 'so.png'),
(169, 'Somaliland', 'Republik Somaliland', '', '', ''),
(170, 'Spanien', 'Königreich Spanien', 'ESP', 'ES', 'es.png'),
(171, 'Sri Lanka', 'Demokratische Sozialistische Republik Sri Lanka', 'LKA', 'LK', 'lk.png'),
(172, 'St. Kitts und Nevis', 'Föderation St. Kitts und Nevis', 'KNA', 'KN', 'kn.png'),
(173, 'St. Lucia', 'St. Lucia', 'LCA', 'LC', 'lc.png'),
(174, 'St. Vincent und die Grenadinen', 'St. Vincent und die Grenadinen', 'VCT', 'VC', 'vc.png'),
(175, 'Südafrika', 'Republik Südafrika', 'ZAF', 'ZA', 'za.png'),
(176, 'Sudan', 'Republik Sudan', 'SDN', 'SD', 'sd.png'),
(177, 'Südossetien', 'Südossetien', 'SOS', '', ''),
(178, 'Südsudan', 'Republik Südsudan', 'SSD', 'SS', ''),
(179, 'Suriname', 'Republik Suriname', 'SUR', 'SR', 'sr.png'),
(180, 'Swasiland', 'Königreich Swasiland', 'SWZ', 'SZ', 'sz.png'),
(181, 'Syrien', 'Arabische Republik Syrien', 'SYR', 'SY', 'sy.png'),
(182, 'Tadschikistan', 'Republik Tadschikistan', 'TJK', 'TJ', 'tj.png'),
(183, 'Tansania', 'Vereinigte Republik Tansania', 'TZA', 'TZ', 'tz.png'),
(184, 'Thailand', 'Königreich Thailand', 'THA', 'TH', 'th.png'),
(185, 'Togo', 'Republik Togo', 'TGO', 'TG', 'tg.png'),
(186, 'Tonga', 'Königreich Tonga', 'TON', 'TO', 'to.png'),
(187, 'Transnistrien', 'Transnistrische Moldauische Republik', '', '', ''),
(188, 'Trinidad und Tobago', 'Republik Trinidad und Tobago', 'TTO', 'TT', 'tt.png'),
(189, 'Tschad', 'Republik Tschad', 'TCD', 'TD', 'td.png'),
(190, 'Tschechien', 'Tschechische Republik', 'CZE', 'CZ', 'cz.png'),
(191, 'Tunesien', 'Tunesische Republik', 'TUN', 'TN', 'tn.png'),
(192, 'Türkei', 'Republik Türkei', 'TUR', 'TR', 'tr.png'),
(193, 'Turkmenistan', 'Turkmenistan', 'TKM', 'TM', 'tm.png'),
(194, 'Tuvalu', 'Tuvalu', 'TUV', 'TV', 'tv.png'),
(195, 'Uganda', 'Republik Uganda', 'UGA', 'UG', 'ug.png'),
(196, 'Ukraine', 'Ukraine', 'UKR', 'UA', 'ua.png'),
(197, 'Ungarn', 'Ungarn', 'HUN', 'HU', 'hu.png'),
(198, 'Uruguay', 'Republik Östlich des Uruguay', 'URY', 'UY', 'uy.png'),
(199, 'Usbekistan', 'Republik Usbekistan', 'UZB', 'UZ', 'uz.png'),
(200, 'Vanuatu', 'Republik Vanuatu', 'VUT', 'VU', 'vu.png'),
(201, 'Vatikanstadt', 'Staat Vatikanstadt', 'VAT', 'VA', 'va.png'),
(202, 'Venezuela', 'Bolivarische Republik Venezuela', 'VEN', 'VE', 've.png'),
(203, 'Vereinigte Arabische Emirate', 'Vereinigte Arabische Emirate', 'ARE', 'AE', 'ae.png'),
(204, 'Vereinigte Staaten', 'Vereinigte Staaten von Amerika', 'USA', 'US', 'us.png'),
(205, 'Vereinigtes Königreich', 'Vereinigtes Königreich Großbritannien und Nordirla', 'GBR', 'GB', 'gb.png'),
(206, 'Vietnam', 'Sozialistische Republik Vietnam', 'VNM', 'VN', 'vn.png'),
(207, 'Weißrussland', 'Republik Belarus', 'BLR', 'BY', 'by.png'),
(208, 'Westsahara', 'Demokratische Arabische Republik Sahara', 'ESH', 'EH', 'eh.png'),
(209, 'Zentralafrikanische Republik', 'Zentralafrikanische Republik', 'CAF', 'CF', 'cf.png'),
(210, 'Zypern', 'Republik Zypern', 'CYP', 'CY', 'cy.png');

-- --------------------------------------------------------

--
-- Tabellenstruktur für Tabelle `stossen`
--

CREATE TABLE `stossen` (
  `Wettkampf` int(11) NOT NULL,
  `Teilnehmer` int(11) NOT NULL,
  `Versuch` int(1) NOT NULL,
  `HLast` int(3) NOT NULL,
  `Diff` int(2) NOT NULL DEFAULT 0,
  `Steigerung1` int(2) NOT NULL DEFAULT 0,
  `Steigerung2` int(2) NOT NULL DEFAULT 0,
  `Steigerung3` int(2) NOT NULL DEFAULT 0,
  `Wertung` int(2) DEFAULT NULL,
  `Zeit` datetime DEFAULT NULL,
  `Note` double(4,2) DEFAULT NULL,
  `Lampen` varchar(3) COLLATE utf8_unicode_ci DEFAULT NULL,
  `Updated` timestamp NOT NULL DEFAULT current_timestamp() ON UPDATE current_timestamp()
) ENGINE=InnoDB DEFAULT CHARSET=utf8 COLLATE=utf8_unicode_ci;

--
-- Daten für Tabelle `stossen`
--

INSERT INTO `stossen` (`Wettkampf`, `Teilnehmer`, `Versuch`, `HLast`, `Diff`, `Steigerung1`, `Steigerung2`, `Steigerung3`, `Wertung`, `Zeit`, `Note`, `Lampen`, `Updated`) VALUES
(1, 102, 1, 37, 0, 37, 0, 0, NULL, NULL, NULL, NULL, '2022-04-05 06:40:31'),
(1, 102, 2, 38, 1, 0, 0, 0, NULL, NULL, NULL, NULL, '2022-04-05 06:40:31'),
(1, 102, 3, 39, 1, 0, 0, 0, NULL, NULL, NULL, NULL, '2022-04-05 06:40:31'),
(1, 103, 1, 45, 0, 45, 0, 0, NULL, NULL, NULL, NULL, '2022-04-05 06:40:31'),
(1, 103, 2, 46, 1, 0, 0, 0, NULL, NULL, NULL, NULL, '2022-04-05 06:40:31'),
(1, 103, 3, 47, 1, 0, 0, 0, NULL, NULL, NULL, NULL, '2022-04-05 06:40:31'),
(1, 108, 1, 0, 0, 0, 0, 0, NULL, NULL, NULL, NULL, '2023-04-14 19:21:09'),
(1, 108, 2, 1, 1, 0, 0, 0, NULL, NULL, NULL, NULL, '2023-04-14 19:21:09'),
(1, 108, 3, 2, 1, 0, 0, 0, NULL, NULL, NULL, NULL, '2023-04-14 19:21:09'),
(1, 208, 1, 12, 0, 12, 0, 0, NULL, NULL, NULL, NULL, '2023-04-14 19:21:09'),
(1, 208, 2, 13, 1, 0, 0, 0, NULL, NULL, NULL, NULL, '2023-04-14 19:21:09'),
(1, 208, 3, 14, 1, 0, 0, 0, NULL, NULL, NULL, NULL, '2023-04-14 19:21:09'),
(1, 212, 1, 0, 0, 0, 0, 0, NULL, NULL, NULL, NULL, '2023-04-14 19:21:09'),
(1, 212, 2, 1, 1, 0, 0, 0, NULL, NULL, NULL, NULL, '2023-04-14 19:21:09'),
(1, 212, 3, 2, 1, 0, 0, 0, NULL, NULL, NULL, NULL, '2023-04-14 19:21:09'),
(1, 301, 1, 32, 0, 32, 0, 0, NULL, NULL, NULL, NULL, '2022-04-05 06:40:31'),
(1, 301, 2, 33, 1, 0, 0, 0, NULL, NULL, NULL, NULL, '2022-04-05 06:40:31'),
(1, 301, 3, 34, 1, 0, 0, 0, NULL, NULL, NULL, NULL, '2022-04-05 06:40:31'),
(1, 302, 1, 48, 0, 48, 0, 0, NULL, NULL, NULL, NULL, '2022-04-05 06:40:31'),
(1, 302, 2, 49, 1, 0, 0, 0, NULL, NULL, NULL, NULL, '2022-04-05 06:40:31'),
(1, 302, 3, 50, 1, 0, 0, 0, NULL, NULL, NULL, NULL, '2022-04-05 06:40:31'),
(1, 306, 1, 23, 0, 23, 0, 0, NULL, NULL, NULL, NULL, '2022-11-16 18:43:31'),
(1, 306, 2, 24, 1, 0, 0, 0, NULL, NULL, NULL, NULL, '2022-11-16 18:43:31'),
(1, 306, 3, 25, 1, 0, 0, 0, NULL, NULL, NULL, NULL, '2022-11-16 18:43:31'),
(1, 308, 1, 22, 0, 22, 0, 0, NULL, NULL, NULL, NULL, '2022-11-16 18:43:31'),
(1, 308, 2, 23, 1, 0, 0, 0, NULL, NULL, NULL, NULL, '2022-11-16 18:43:31'),
(1, 308, 3, 24, 1, 0, 0, 0, NULL, NULL, NULL, NULL, '2022-11-16 18:43:31'),
(1, 310, 1, 0, 0, 0, 0, 0, NULL, NULL, NULL, NULL, '2023-04-14 19:21:09'),
(1, 310, 2, 1, 1, 0, 0, 0, NULL, NULL, NULL, NULL, '2023-04-14 19:21:09'),
(1, 310, 3, 2, 1, 0, 0, 0, NULL, NULL, NULL, NULL, '2023-04-14 19:21:09'),
(1, 403, 1, 60, 0, 60, 0, 0, NULL, NULL, NULL, NULL, '2022-04-05 06:40:31'),
(1, 403, 2, 61, 1, 0, 0, 0, NULL, NULL, NULL, NULL, '2022-04-05 06:40:31'),
(1, 403, 3, 62, 1, 0, 0, 0, NULL, NULL, NULL, NULL, '2022-04-05 06:40:31'),
(1, 404, 1, 0, 0, 0, 0, 0, NULL, NULL, NULL, NULL, '2022-04-05 06:40:31'),
(1, 404, 2, 1, 1, 0, 0, 0, NULL, NULL, NULL, NULL, '2022-04-05 06:40:31'),
(1, 404, 3, 2, 1, 0, 0, 0, NULL, NULL, NULL, NULL, '2022-04-05 06:40:31'),
(1, 405, 1, 10, 0, 10, 0, 0, NULL, NULL, NULL, NULL, '2022-04-05 06:40:31'),
(1, 405, 2, 11, 1, 0, 0, 0, NULL, NULL, NULL, NULL, '2022-04-05 06:40:31'),
(1, 405, 3, 12, 1, 0, 0, 0, NULL, NULL, NULL, NULL, '2022-04-05 06:40:31'),
(1, 406, 1, 20, 0, 20, 0, 0, NULL, NULL, NULL, NULL, '2022-11-16 18:43:31'),
(1, 406, 2, 21, 1, 0, 0, 0, NULL, NULL, NULL, NULL, '2022-11-16 18:43:31'),
(1, 406, 3, 22, 1, 0, 0, 0, NULL, NULL, NULL, NULL, '2022-11-16 18:43:31'),
(1, 409, 1, 0, 0, 37, 0, 0, -2, NULL, NULL, NULL, '2020-10-16 08:23:19'),
(1, 409, 2, 0, 0, 0, 0, 0, -2, NULL, NULL, NULL, '2020-10-16 08:23:19'),
(1, 409, 3, 0, 0, 0, 0, 0, -2, NULL, NULL, NULL, '2020-10-16 08:23:19'),
(1, 505, 1, 44, 0, 44, 0, 0, NULL, NULL, NULL, NULL, '2022-11-16 18:43:31'),
(1, 505, 2, 45, 1, 0, 0, 0, NULL, NULL, NULL, NULL, '2022-11-16 18:43:31'),
(1, 505, 3, 46, 1, 0, 0, 0, NULL, NULL, NULL, NULL, '2022-11-16 18:43:31'),
(1, 506, 1, 23, 0, 23, 0, 0, NULL, NULL, NULL, NULL, '2022-11-16 18:43:31'),
(1, 506, 2, 24, 1, 0, 0, 0, NULL, NULL, NULL, NULL, '2022-11-16 18:43:31'),
(1, 506, 3, 25, 1, 0, 0, 0, NULL, NULL, NULL, NULL, '2022-11-16 18:43:31'),
(1, 507, 1, 0, 0, 0, 0, 0, -2, NULL, NULL, NULL, '2020-10-16 08:23:19'),
(1, 507, 2, 0, 0, 0, 0, 0, -2, NULL, NULL, NULL, '2020-10-16 08:23:19'),
(1, 507, 3, 0, 0, 0, 0, 0, -2, NULL, NULL, NULL, '2020-10-16 08:23:19'),
(1, 508, 1, 0, 0, 0, 0, 0, -2, NULL, NULL, NULL, '2020-10-16 08:23:19'),
(1, 508, 2, 0, 0, 0, 0, 0, -2, NULL, NULL, NULL, '2020-10-16 08:23:19'),
(1, 508, 3, 0, 0, 0, 0, 0, -2, NULL, NULL, NULL, '2020-10-16 08:23:19'),
(1, 511, 1, 0, 0, 0, 0, 0, NULL, NULL, NULL, NULL, '2023-04-14 19:21:09'),
(1, 511, 2, 1, 1, 0, 0, 0, NULL, NULL, NULL, NULL, '2023-04-14 19:21:09'),
(1, 511, 3, 2, 1, 0, 0, 0, NULL, NULL, NULL, NULL, '2023-04-14 19:21:09'),
(1, 513, 1, 0, 0, 0, 0, 0, NULL, NULL, NULL, NULL, '2023-04-14 19:21:09'),
(1, 513, 2, 1, 1, 0, 0, 0, NULL, NULL, NULL, NULL, '2023-04-14 19:21:09'),
(1, 513, 3, 2, 1, 0, 0, 0, NULL, NULL, NULL, NULL, '2023-04-14 19:21:09'),
(1, 603, 1, 60, 0, 60, 0, 0, NULL, NULL, NULL, NULL, '2022-04-05 06:40:31'),
(1, 603, 2, 61, 1, 0, 0, 0, NULL, NULL, NULL, NULL, '2022-04-05 06:40:31'),
(1, 603, 3, 62, 1, 0, 0, 0, NULL, NULL, NULL, NULL, '2022-04-05 06:40:31'),
(1, 604, 1, 22, 0, 22, 0, 0, NULL, NULL, NULL, NULL, '2022-04-05 06:40:31'),
(1, 604, 2, 23, 1, 0, 0, 0, NULL, NULL, NULL, NULL, '2022-04-05 06:40:31'),
(1, 604, 3, 24, 1, 0, 0, 0, NULL, NULL, NULL, NULL, '2022-04-05 06:40:31'),
(1, 605, 1, 50, 0, 50, 0, 0, NULL, NULL, NULL, NULL, '2022-04-05 06:40:31'),
(1, 605, 2, 51, 1, 0, 0, 0, NULL, NULL, NULL, NULL, '2022-04-05 06:40:31'),
(1, 605, 3, 52, 1, 0, 0, 0, NULL, NULL, NULL, NULL, '2022-04-05 06:40:31'),
(1, 606, 1, 25, 0, 25, 0, 0, NULL, NULL, NULL, NULL, '2022-11-16 18:43:31'),
(1, 606, 2, 26, 1, 0, 0, 0, NULL, NULL, NULL, NULL, '2022-11-16 18:43:31'),
(1, 606, 3, 27, 1, 0, 0, 0, NULL, NULL, NULL, NULL, '2022-11-16 18:43:31'),
(1, 607, 1, 26, 0, 26, 0, 0, NULL, NULL, NULL, NULL, '2022-11-16 18:43:31'),
(1, 607, 2, 27, 1, 0, 0, 0, NULL, NULL, NULL, NULL, '2022-11-16 18:43:31'),
(1, 607, 3, 28, 1, 0, 0, 0, NULL, NULL, NULL, NULL, '2022-11-16 18:43:31'),
(1, 608, 1, 20, 0, 20, 0, 0, NULL, NULL, NULL, NULL, '2022-11-16 18:43:31'),
(1, 608, 2, 21, 1, 0, 0, 0, NULL, NULL, NULL, NULL, '2022-11-16 18:43:31'),
(1, 608, 3, 22, 1, 0, 0, 0, NULL, NULL, NULL, NULL, '2022-11-16 18:43:31'),
(1, 609, 1, 0, 0, 0, 0, 0, -2, NULL, NULL, NULL, '2020-10-16 08:23:19'),
(1, 609, 2, 0, 0, 0, 0, 0, -2, NULL, NULL, NULL, '2020-10-16 08:23:19'),
(1, 609, 3, 0, 0, 0, 0, 0, -2, NULL, NULL, NULL, '2020-10-16 08:23:19'),
(1, 611, 1, 0, 0, 0, 0, 0, NULL, NULL, NULL, NULL, '2023-04-14 19:21:09'),
(1, 611, 2, 1, 1, 0, 0, 0, NULL, NULL, NULL, NULL, '2023-04-14 19:21:09'),
(1, 611, 3, 2, 1, 0, 0, 0, NULL, NULL, NULL, NULL, '2023-04-14 19:21:09'),
(1, 703, 1, 17, 0, 17, 0, 0, NULL, NULL, NULL, NULL, '2022-11-16 18:43:31'),
(1, 703, 2, 18, 1, 0, 0, 0, NULL, NULL, NULL, NULL, '2022-11-16 18:43:31'),
(1, 703, 3, 19, 1, 0, 0, 0, NULL, NULL, NULL, NULL, '2022-11-16 18:43:31'),
(1, 705, 1, 0, 0, 0, 0, 0, -2, NULL, NULL, NULL, '2020-10-16 08:23:19'),
(1, 705, 2, 0, 0, 0, 0, 0, -2, NULL, NULL, NULL, '2020-10-16 08:23:19'),
(1, 705, 3, 0, 0, 0, 0, 0, -2, NULL, NULL, NULL, '2020-10-16 08:23:19'),
(1, 706, 1, 0, 0, 0, 0, 0, -2, NULL, NULL, NULL, '2020-10-16 08:23:19'),
(1, 706, 2, 0, 0, 0, 0, 0, -2, NULL, NULL, NULL, '2020-10-16 08:23:19'),
(1, 706, 3, 0, 0, 0, 0, 0, -2, NULL, NULL, NULL, '2020-10-16 08:23:19'),
(1, 806, 1, 8, 0, 8, 0, 0, NULL, NULL, NULL, NULL, '2022-11-16 18:43:31'),
(1, 806, 2, 9, 1, 0, 0, 0, NULL, NULL, NULL, NULL, '2022-11-16 18:43:31'),
(1, 806, 3, 10, 1, 0, 0, 0, NULL, NULL, NULL, NULL, '2022-11-16 18:43:31'),
(1, 807, 1, 0, 0, 0, 0, 0, NULL, NULL, NULL, NULL, '2023-04-14 19:21:09'),
(1, 807, 2, 1, 1, 0, 0, 0, NULL, NULL, NULL, NULL, '2023-04-14 19:21:09'),
(1, 807, 3, 2, 1, 0, 0, 0, NULL, NULL, NULL, NULL, '2023-04-14 19:21:09'),
(1, 808, 1, 0, 0, 0, 0, 0, -2, NULL, NULL, NULL, '2020-10-16 08:23:19'),
(1, 808, 2, 0, 0, 0, 0, 0, -2, NULL, NULL, NULL, '2020-10-16 08:23:19'),
(1, 808, 3, 0, 0, 0, 0, 0, -2, NULL, NULL, NULL, '2020-10-16 08:23:19'),
(1, 810, 1, 0, 0, 0, 0, 0, NULL, NULL, NULL, NULL, '2023-04-14 19:21:09'),
(1, 810, 2, 1, 1, 0, 0, 0, NULL, NULL, NULL, NULL, '2023-04-14 19:21:09'),
(1, 810, 3, 2, 1, 0, 0, 0, NULL, NULL, NULL, NULL, '2023-04-14 19:21:09'),
(1, 812, 1, 0, 0, 0, 0, 0, -2, NULL, NULL, NULL, '2020-10-16 08:23:19'),
(1, 812, 2, 0, 0, 0, 0, 0, -2, NULL, NULL, NULL, '2020-10-16 08:23:19'),
(1, 812, 3, 0, 0, 0, 0, 0, -2, NULL, NULL, NULL, '2020-10-16 08:23:19'),
(1, 902, 1, 55, 0, 55, 0, 0, NULL, NULL, NULL, NULL, '2022-04-05 06:40:31'),
(1, 902, 2, 56, 1, 0, 0, 0, NULL, NULL, NULL, NULL, '2022-04-05 06:40:31'),
(1, 902, 3, 57, 1, 0, 0, 0, NULL, NULL, NULL, NULL, '2022-04-05 06:40:31'),
(1, 906, 1, 0, 0, 0, 0, 0, -2, NULL, NULL, NULL, '2020-10-16 08:23:19'),
(1, 906, 2, 0, 0, 0, 0, 0, -2, NULL, NULL, NULL, '2020-10-16 08:23:19'),
(1, 906, 3, 0, 0, 0, 0, 0, -2, NULL, NULL, NULL, '2020-10-16 08:23:19'),
(1, 100003, 1, 0, 0, 0, 0, 0, -2, NULL, NULL, NULL, '2020-10-16 08:23:19'),
(1, 100003, 2, 0, 0, 0, 0, 0, -2, NULL, NULL, NULL, '2020-10-16 08:23:19'),
(1, 100003, 3, 0, 0, 0, 0, 0, -2, NULL, NULL, NULL, '2020-10-16 08:23:19'),
(11, 9249, 1, 125, 0, 125, 0, 0, NULL, NULL, NULL, NULL, '2021-10-28 17:22:47'),
(11, 9249, 2, 126, 1, 0, 0, 0, NULL, NULL, NULL, NULL, '2021-10-28 17:22:47'),
(11, 9249, 3, 127, 1, 0, 0, 0, NULL, NULL, NULL, NULL, '2021-10-28 17:22:47'),
(11, 10846, 1, 160, 0, 160, 0, 0, NULL, NULL, NULL, NULL, '2021-10-28 17:22:47'),
(11, 10846, 2, 161, 1, 0, 0, 0, NULL, NULL, NULL, NULL, '2021-10-28 17:22:47'),
(11, 10846, 3, 162, 1, 0, 0, 0, NULL, NULL, NULL, NULL, '2021-10-28 17:22:47'),
(11, 10847, 1, 112, 0, 112, 0, 0, NULL, NULL, NULL, NULL, '2021-10-28 17:22:47'),
(11, 10847, 2, 113, 1, 0, 0, 0, NULL, NULL, NULL, NULL, '2021-10-28 17:22:47'),
(11, 10847, 3, 114, 1, 0, 0, 0, NULL, NULL, NULL, NULL, '2021-10-28 17:22:47'),
(11, 12152, 1, 102, 0, 102, 0, 0, NULL, NULL, NULL, NULL, '2021-10-28 17:22:47'),
(11, 12152, 2, 103, 1, 0, 0, 0, NULL, NULL, NULL, NULL, '2021-10-28 17:22:47'),
(11, 12152, 3, 104, 1, 0, 0, 0, NULL, NULL, NULL, NULL, '2021-10-28 17:22:47'),
(11, 12369, 1, 70, 0, 70, 0, 0, NULL, NULL, NULL, NULL, '2021-10-28 17:22:47'),
(11, 12369, 2, 71, 1, 0, 0, 0, NULL, NULL, NULL, NULL, '2021-10-28 17:22:47'),
(11, 12369, 3, 72, 1, 0, 0, 0, NULL, NULL, NULL, NULL, '2021-10-28 17:22:47'),
(11, 12739, 1, 155, 0, 155, 0, 0, NULL, NULL, NULL, NULL, '2021-10-28 17:22:47'),
(11, 12739, 2, 156, 1, 0, 0, 0, NULL, NULL, NULL, NULL, '2021-10-28 17:22:47'),
(11, 12739, 3, 157, 1, 0, 0, 0, NULL, NULL, NULL, NULL, '2021-10-28 17:22:47'),
(11, 13030, 1, 98, 0, 98, 0, 0, NULL, NULL, NULL, NULL, '2021-10-28 17:22:47'),
(11, 13030, 2, 99, 1, 0, 0, 0, NULL, NULL, NULL, NULL, '2021-10-28 17:22:47'),
(11, 13030, 3, 100, 1, 0, 0, 0, NULL, NULL, NULL, NULL, '2021-10-28 17:22:47'),
(11, 13113, 1, 85, 0, 85, 0, 0, NULL, NULL, NULL, NULL, '2021-10-28 17:22:47'),
(11, 13113, 2, 86, 1, 0, 0, 0, NULL, NULL, NULL, NULL, '2021-10-28 17:22:47'),
(11, 13113, 3, 87, 1, 0, 0, 0, NULL, NULL, NULL, NULL, '2021-10-28 17:22:47'),
(11, 13303, 1, 0, 0, 0, 0, 0, NULL, NULL, NULL, NULL, '2021-10-28 17:22:47'),
(11, 13303, 2, 1, 1, 0, 0, 0, NULL, NULL, NULL, NULL, '2021-10-28 17:22:47'),
(11, 13303, 3, 2, 1, 0, 0, 0, NULL, NULL, NULL, NULL, '2021-10-28 17:22:47'),
(11, 20215, 1, 70, 0, 70, 0, 0, NULL, NULL, NULL, NULL, '2021-10-28 17:22:47'),
(11, 20215, 2, 71, 1, 0, 0, 0, NULL, NULL, NULL, NULL, '2021-10-28 17:22:47'),
(11, 20215, 3, 72, 1, 0, 0, 0, NULL, NULL, NULL, NULL, '2021-10-28 17:22:47'),
(11, 20550, 1, 85, 0, 85, 0, 0, NULL, NULL, NULL, NULL, '2021-10-28 17:22:47'),
(11, 20550, 2, 86, 1, 0, 0, 0, NULL, NULL, NULL, NULL, '2021-10-28 17:22:47'),
(11, 20550, 3, 87, 1, 0, 0, 0, NULL, NULL, NULL, NULL, '2021-10-28 17:22:47'),
(11, 20815, 1, 150, 0, 150, 0, 0, NULL, NULL, NULL, NULL, '2021-10-28 17:22:47'),
(11, 20815, 2, 151, 1, 0, 0, 0, NULL, NULL, NULL, NULL, '2021-10-28 17:22:47'),
(11, 20815, 3, 152, 1, 0, 0, 0, NULL, NULL, NULL, NULL, '2021-10-28 17:22:47'),
(11, 20820, 1, 0, 0, 0, 0, 0, NULL, NULL, NULL, NULL, '2021-10-28 17:22:47'),
(11, 20820, 2, 1, 1, 0, 0, 0, NULL, NULL, NULL, NULL, '2021-10-28 17:22:47'),
(11, 20820, 3, 2, 1, 0, 0, 0, NULL, NULL, NULL, NULL, '2021-10-28 17:22:47'),
(11, 22122, 1, 65, 0, 65, 0, 0, NULL, NULL, NULL, NULL, '2021-10-28 17:22:47'),
(11, 22122, 2, 66, 1, 0, 0, 0, NULL, NULL, NULL, NULL, '2021-10-28 17:22:47'),
(11, 22122, 3, 67, 1, 0, 0, 0, NULL, NULL, NULL, NULL, '2021-10-28 17:22:47'),
(12, 363, 1, 140, 0, 140, 0, 0, NULL, NULL, NULL, NULL, '2023-03-19 14:38:13'),
(12, 363, 2, 141, 1, 0, 0, 0, NULL, NULL, NULL, NULL, '2023-03-19 14:38:13'),
(12, 363, 3, 142, 1, 0, 0, 0, NULL, NULL, NULL, NULL, '2023-03-19 14:38:13'),
(12, 10960, 1, 150, 0, 150, 0, 0, NULL, NULL, NULL, NULL, '2023-03-19 14:38:13'),
(12, 10960, 2, 151, 1, 0, 0, 0, NULL, NULL, NULL, NULL, '2023-03-19 14:38:13'),
(12, 10960, 3, 152, 1, 0, 0, 0, NULL, NULL, NULL, NULL, '2023-03-19 14:38:13'),
(12, 11943, 1, 185, 0, 185, 0, 0, NULL, NULL, NULL, NULL, '2023-03-19 14:38:13'),
(12, 11943, 2, 186, 1, 0, 0, 0, NULL, NULL, NULL, NULL, '2023-03-19 14:38:13'),
(12, 11943, 3, 187, 1, 0, 0, 0, NULL, NULL, NULL, NULL, '2023-03-19 14:38:13'),
(12, 12206, 1, 100, 0, 100, 0, 0, NULL, NULL, NULL, NULL, '2023-03-19 14:38:13'),
(12, 12206, 2, 101, 1, 0, 0, 0, NULL, NULL, NULL, NULL, '2023-03-19 14:38:13'),
(12, 12206, 3, 102, 1, 0, 0, 0, NULL, NULL, NULL, NULL, '2023-03-19 14:38:13'),
(12, 12506, 1, 140, 0, 140, 0, 0, NULL, NULL, NULL, NULL, '2023-03-19 14:38:13'),
(12, 12506, 2, 141, 1, 0, 0, 0, NULL, NULL, NULL, NULL, '2023-03-19 14:38:13'),
(12, 12506, 3, 142, 1, 0, 0, 0, NULL, NULL, NULL, NULL, '2023-03-19 14:38:13'),
(12, 12911, 1, 140, 0, 140, 0, 0, NULL, NULL, NULL, NULL, '2023-03-19 14:38:13'),
(12, 12911, 2, 141, 1, 0, 0, 0, NULL, NULL, NULL, NULL, '2023-03-19 14:38:13'),
(12, 12911, 3, 142, 1, 0, 0, 0, NULL, NULL, NULL, NULL, '2023-03-19 14:38:13'),
(12, 12915, 1, 115, 0, 115, 0, 0, NULL, NULL, NULL, NULL, '2023-03-19 14:38:13'),
(12, 12915, 2, 116, 1, 0, 0, 0, NULL, NULL, NULL, NULL, '2023-03-19 14:38:13'),
(12, 12915, 3, 117, 1, 0, 0, 0, NULL, NULL, NULL, NULL, '2023-03-19 14:38:13'),
(12, 13665, 1, 85, 0, 85, 0, 0, NULL, NULL, NULL, NULL, '2023-03-19 14:38:13'),
(12, 13665, 2, 86, 1, 0, 0, 0, NULL, NULL, NULL, NULL, '2023-03-19 14:38:13'),
(12, 13665, 3, 87, 1, 0, 0, 0, NULL, NULL, NULL, NULL, '2023-03-19 14:38:13'),
(12, 20846, 1, 90, 0, 90, 0, 0, NULL, NULL, NULL, NULL, '2023-03-19 14:38:13'),
(12, 20846, 2, 91, 1, 0, 0, 0, NULL, NULL, NULL, NULL, '2023-03-19 14:38:13'),
(12, 20846, 3, 92, 1, 0, 0, 0, NULL, NULL, NULL, NULL, '2023-03-19 14:38:13'),
(12, 22308, 1, 175, 0, 175, 0, 0, NULL, NULL, NULL, NULL, '2023-03-19 14:38:13'),
(12, 22308, 2, 176, 1, 0, 0, 0, NULL, NULL, NULL, NULL, '2023-03-19 14:38:13'),
(12, 22308, 3, 177, 1, 0, 0, 0, NULL, NULL, NULL, NULL, '2023-03-19 14:38:13'),
(12, 22403, 1, 60, 0, 60, 0, 0, NULL, NULL, NULL, NULL, '2023-03-19 14:38:13'),
(12, 22403, 2, 61, 1, 0, 0, 0, NULL, NULL, NULL, NULL, '2023-03-19 14:38:13'),
(12, 22403, 3, 62, 1, 0, 0, 0, NULL, NULL, NULL, NULL, '2023-03-19 14:38:13'),
(12, 22685, 1, 180, 0, 180, 0, 0, NULL, NULL, NULL, NULL, '2023-03-19 14:38:13'),
(12, 22685, 2, 181, 1, 0, 0, 0, NULL, NULL, NULL, NULL, '2023-03-19 14:38:13'),
(12, 22685, 3, 182, 1, 0, 0, 0, NULL, NULL, NULL, NULL, '2023-03-19 14:38:13'),
(12, 22932, 1, 160, 0, 160, 0, 0, NULL, NULL, NULL, NULL, '2023-03-19 14:38:13'),
(12, 22932, 2, 161, 1, 0, 0, 0, NULL, NULL, NULL, NULL, '2023-03-19 14:38:13'),
(12, 22932, 3, 162, 1, 0, 0, 0, NULL, NULL, NULL, NULL, '2023-03-19 14:38:13'),
(12, 23171, 1, 100, 0, 100, 0, 0, NULL, NULL, NULL, NULL, '2023-03-19 14:38:13'),
(12, 23171, 2, 101, 1, 0, 0, 0, NULL, NULL, NULL, NULL, '2023-03-19 14:38:13'),
(12, 23171, 3, 102, 1, 0, 0, 0, NULL, NULL, NULL, NULL, '2023-03-19 14:38:13'),
(13, 3757, 1, 110, 0, 110, 0, 0, NULL, NULL, NULL, NULL, '2023-06-28 13:59:42'),
(13, 3757, 2, 111, 1, 0, 0, 0, NULL, NULL, NULL, NULL, '2023-06-28 13:59:42'),
(13, 3757, 3, 112, 1, 0, 0, 0, NULL, NULL, NULL, NULL, '2023-06-28 13:59:42'),
(13, 6269, 1, 50, 0, 50, 0, 0, NULL, NULL, NULL, NULL, '2023-06-28 13:59:42'),
(13, 6269, 2, 51, 1, 0, 0, 0, NULL, NULL, NULL, NULL, '2023-06-28 13:59:42'),
(13, 6269, 3, 52, 1, 0, 0, 0, NULL, NULL, NULL, NULL, '2023-06-28 13:59:42'),
(13, 8923, 1, 100, 0, 100, 0, 0, NULL, NULL, NULL, NULL, '2023-06-28 13:59:42'),
(13, 8923, 2, 101, 1, 0, 0, 0, NULL, NULL, NULL, NULL, '2023-06-28 13:59:42'),
(13, 8923, 3, 102, 1, 0, 0, 0, NULL, NULL, NULL, NULL, '2023-06-28 13:59:42'),
(13, 12043, 1, 110, 0, 110, 0, 0, NULL, NULL, NULL, NULL, '2023-06-28 13:59:42'),
(13, 12043, 2, 111, 1, 0, 0, 0, NULL, NULL, NULL, NULL, '2023-06-28 13:59:42'),
(13, 12043, 3, 112, 1, 0, 0, 0, NULL, NULL, NULL, NULL, '2023-06-28 13:59:42'),
(13, 12330, 1, 110, 0, 110, 0, 0, NULL, NULL, NULL, NULL, '2023-06-28 13:59:42'),
(13, 12330, 2, 111, 1, 0, 0, 0, NULL, NULL, NULL, NULL, '2023-06-28 13:59:42'),
(13, 12330, 3, 112, 1, 0, 0, 0, NULL, NULL, NULL, NULL, '2023-06-28 13:59:42'),
(13, 12696, 1, 130, 0, 130, 0, 0, NULL, NULL, NULL, NULL, '2023-06-28 13:59:42'),
(13, 12696, 2, 131, 1, 0, 0, 0, NULL, NULL, NULL, NULL, '2023-06-28 13:59:42'),
(13, 12696, 3, 132, 1, 0, 0, 0, NULL, NULL, NULL, NULL, '2023-06-28 13:59:42'),
(13, 12989, 1, 55, 0, 55, 0, 0, NULL, NULL, NULL, NULL, '2023-06-28 13:59:42'),
(13, 12989, 2, 56, 1, 0, 0, 0, NULL, NULL, NULL, NULL, '2023-06-28 13:59:42'),
(13, 12989, 3, 57, 1, 0, 0, 0, NULL, NULL, NULL, NULL, '2023-06-28 13:59:42'),
(13, 13262, 1, 105, 0, 105, 0, 0, NULL, NULL, NULL, NULL, '2023-06-28 13:59:42'),
(13, 13262, 2, 106, 1, 0, 0, 0, NULL, NULL, NULL, NULL, '2023-06-28 13:59:42'),
(13, 13262, 3, 107, 1, 0, 0, 0, NULL, NULL, NULL, NULL, '2023-06-28 13:59:42'),
(13, 13730, 1, 80, 0, 80, 0, 0, NULL, NULL, NULL, NULL, '2023-06-28 13:59:42'),
(13, 13730, 2, 81, 1, 0, 0, 0, NULL, NULL, NULL, NULL, '2023-06-28 13:59:42'),
(13, 13730, 3, 82, 1, 0, 0, 0, NULL, NULL, NULL, NULL, '2023-06-28 13:59:42'),
(13, 13731, 1, 150, 0, 150, 0, 0, NULL, NULL, NULL, NULL, '2023-06-28 13:59:42'),
(13, 13731, 2, 151, 1, 0, 0, 0, NULL, NULL, NULL, NULL, '2023-06-28 13:59:42'),
(13, 13731, 3, 152, 1, 0, 0, 0, NULL, NULL, NULL, NULL, '2023-06-28 13:59:42'),
(13, 21722, 1, 70, 0, 70, 0, 0, NULL, NULL, NULL, NULL, '2023-06-28 13:59:42'),
(13, 21722, 2, 71, 1, 0, 0, 0, NULL, NULL, NULL, NULL, '2023-06-28 13:59:42'),
(13, 21722, 3, 72, 1, 0, 0, 0, NULL, NULL, NULL, NULL, '2023-06-28 13:59:42'),
(13, 22563, 1, 50, 0, 50, 0, 0, NULL, NULL, NULL, NULL, '2023-06-28 13:59:42'),
(13, 22563, 2, 51, 1, 0, 0, 0, NULL, NULL, NULL, NULL, '2023-06-28 13:59:42'),
(13, 22563, 3, 52, 1, 0, 0, 0, NULL, NULL, NULL, NULL, '2023-06-28 13:59:42'),
(13, 22736, 1, 33, 0, 33, 0, 0, NULL, NULL, NULL, NULL, '2023-06-28 13:59:42'),
(13, 22736, 2, 34, 1, 0, 0, 0, NULL, NULL, NULL, NULL, '2023-06-28 13:59:42'),
(13, 22736, 3, 35, 1, 0, 0, 0, NULL, NULL, NULL, NULL, '2023-06-28 13:59:42'),
(13, 23004, 1, 93, 0, 93, 0, 0, NULL, NULL, NULL, NULL, '2023-06-28 13:59:42'),
(13, 23004, 2, 94, 1, 0, 0, 0, NULL, NULL, NULL, NULL, '2023-06-28 13:59:42'),
(13, 23004, 3, 95, 1, 0, 0, 0, NULL, NULL, NULL, NULL, '2023-06-28 13:59:42'),
(14, 6998, 1, 165, 0, 165, 0, 0, NULL, NULL, NULL, '5', '2022-04-10 16:33:55'),
(14, 6998, 2, 170, 5, 166, 170, 0, NULL, '2022-04-09 19:35:54', NULL, '5', '2022-04-10 16:33:55'),
(14, 6998, 3, 175, 5, 171, 175, 0, NULL, '2022-04-09 19:44:25', NULL, '5', '2022-04-10 16:33:55'),
(14, 8503, 1, 105, 0, 105, 0, 0, NULL, NULL, NULL, '5', '2022-04-10 16:33:55'),
(14, 8503, 2, 110, 5, 106, 110, 0, NULL, '2022-04-09 19:14:07', NULL, '5', '2022-04-10 16:33:55'),
(14, 8503, 3, 115, 5, 111, 115, 0, NULL, '2022-04-09 19:21:44', NULL, '7', '2022-04-10 16:33:55'),
(14, 11848, 1, 95, 0, 85, 94, 95, NULL, NULL, NULL, '5', '2022-04-10 16:33:55'),
(14, 11848, 2, 98, 3, 96, 98, 0, NULL, '2022-04-09 18:55:19', NULL, '5', '2022-04-10 16:33:55'),
(14, 11848, 3, 101, 3, 99, 101, 0, NULL, '2022-04-09 19:03:20', NULL, '7', '2022-04-10 16:33:55'),
(14, 11943, 1, 178, 0, 175, 178, 0, NULL, NULL, NULL, '5', '2022-04-10 16:33:55'),
(14, 11943, 2, 188, 10, 179, 188, 0, NULL, '2022-04-09 19:38:14', NULL, '5', '2022-04-10 16:33:55'),
(14, 11943, 3, 195, 7, 189, 195, 0, NULL, '2022-04-09 19:50:05', NULL, '7', '2022-04-10 16:33:55'),
(14, 12089, 1, 81, 0, 81, 0, 0, NULL, NULL, NULL, NULL, '2022-04-16 17:26:13'),
(14, 12089, 2, 82, 1, 0, 0, 0, NULL, NULL, NULL, NULL, '2022-04-16 17:26:13'),
(14, 12089, 3, 83, 1, 0, 0, 0, NULL, NULL, NULL, NULL, '2022-04-16 17:26:13'),
(14, 12506, 1, 182, 0, 170, 182, 0, NULL, NULL, NULL, '5', '2022-04-10 16:33:55'),
(14, 12506, 2, 187, 5, 183, 187, 0, NULL, '2022-04-09 19:39:43', NULL, '5', '2022-04-10 16:33:55'),
(14, 12506, 3, 190, 3, 188, 190, 0, NULL, '2022-04-09 19:47:12', NULL, '7', '2022-04-10 16:33:55'),
(14, 13665, 1, 88, 0, 85, 88, 0, NULL, NULL, NULL, '5', '2022-04-10 16:33:55'),
(14, 13665, 2, 91, 3, 89, 91, 0, NULL, '2022-04-09 18:53:14', NULL, '5', '2022-04-10 16:33:55'),
(14, 13665, 3, 94, 3, 92, 94, 0, NULL, '2022-04-09 19:01:04', NULL, '5', '2022-04-10 16:33:55'),
(14, 20007, 1, 170, 0, 160, 170, 0, NULL, NULL, NULL, '5', '2022-04-10 16:33:55'),
(14, 20007, 2, 175, 5, 171, 175, 0, NULL, '2022-04-09 19:19:15', NULL, '5', '2022-04-10 16:33:55'),
(14, 20007, 3, 0, 1, 176, 0, 0, NULL, '2022-04-09 19:26:55', NULL, NULL, '2022-04-10 16:33:55'),
(14, 20203, 1, 170, 0, 175, 170, 0, NULL, NULL, NULL, NULL, '2022-04-19 18:43:32'),
(14, 20203, 2, 0, -170, 171, 175, 0, NULL, NULL, NULL, NULL, '2022-04-19 18:43:39'),
(14, 20203, 3, 0, 0, 176, 0, 0, NULL, NULL, NULL, NULL, '2022-04-19 18:43:45'),
(14, 20846, 1, 94, 0, 85, 93, 94, NULL, NULL, NULL, '5', '2022-04-10 16:33:55'),
(14, 20846, 2, 97, 3, 95, 97, 0, NULL, '2022-04-09 18:54:24', NULL, '5', '2022-04-10 16:33:55'),
(14, 20846, 3, 100, 3, 98, 100, 0, NULL, '2022-04-09 19:02:19', NULL, '7', '2022-04-10 16:33:55'),
(14, 21238, 1, 86, 0, 83, 86, 0, NULL, NULL, NULL, '5', '2022-04-10 16:33:55'),
(14, 21238, 2, 89, 3, 87, 89, 0, NULL, '2022-04-09 18:52:15', NULL, '5', '2022-04-10 16:33:55'),
(14, 21238, 3, 91, 2, 90, 91, 0, NULL, '2022-04-09 18:59:49', NULL, '7', '2022-04-10 16:33:55'),
(14, 21735, 1, 60, 0, 60, 0, 0, NULL, NULL, NULL, NULL, '2022-04-09 14:37:16'),
(14, 21735, 2, 61, 1, 0, 0, 0, NULL, NULL, NULL, NULL, '2022-04-09 14:37:16'),
(14, 21735, 3, 62, 1, 0, 0, 0, NULL, NULL, NULL, NULL, '2022-04-09 14:37:16'),
(14, 21938, 1, 175, 0, 170, 175, 0, NULL, NULL, NULL, '5', '2022-04-10 16:33:55'),
(14, 21938, 2, 180, 5, 176, 180, 0, NULL, '2022-04-09 19:20:10', NULL, '7', '2022-04-10 16:33:55'),
(14, 21938, 3, 180, 0, 180, 0, 0, NULL, '2022-04-09 19:27:47', NULL, '5', '2022-04-10 16:33:55'),
(14, 22520, 1, 70, 0, 70, 0, 0, NULL, NULL, NULL, NULL, '2022-04-09 14:37:16'),
(14, 22520, 2, 71, 1, 0, 0, 0, NULL, NULL, NULL, NULL, '2022-04-09 14:37:16'),
(14, 22520, 3, 72, 1, 0, 0, 0, NULL, NULL, NULL, NULL, '2022-04-09 14:37:16'),
(14, 22932, 1, 165, 0, 165, 0, 0, NULL, NULL, NULL, '5', '2022-04-10 16:33:55'),
(14, 22932, 2, 173, 8, 166, 173, 0, NULL, '2022-04-09 19:17:51', NULL, '7', '2022-04-10 16:33:55'),
(14, 22932, 3, 173, 0, 173, 0, 0, NULL, '2022-04-09 19:25:16', NULL, '5', '2022-04-10 16:33:55'),
(15, 9448, 1, 117, 0, 110, 117, 0, NULL, NULL, NULL, '5', '2022-04-10 16:33:55'),
(15, 9448, 2, 121, 4, 118, 121, 0, NULL, '2022-04-09 19:15:16', NULL, '7', '2022-04-10 16:33:55'),
(15, 9448, 3, 121, 0, 121, 0, 0, NULL, '2022-04-09 19:22:47', NULL, '5', '2022-04-10 16:33:55'),
(15, 11226, 1, 155, 0, 150, 155, 0, NULL, NULL, NULL, '5', '2022-04-10 16:33:55'),
(15, 11226, 2, 158, 3, 156, 158, 0, NULL, '2022-04-09 19:16:52', NULL, '5', '2022-04-10 16:33:55'),
(15, 11226, 3, 160, 2, 159, 160, 0, NULL, '2022-04-09 19:24:18', NULL, '5', '2022-04-10 16:33:55'),
(15, 11943, 1, 178, 0, 175, 178, 0, NULL, NULL, NULL, '5', '2022-04-10 16:33:55'),
(15, 11943, 2, 188, 10, 179, 188, 0, NULL, '2022-04-09 19:38:14', NULL, '5', '2022-04-10 16:33:55'),
(15, 11943, 3, 195, 7, 189, 195, 0, NULL, '2022-04-09 19:50:05', NULL, '7', '2022-04-10 16:33:55'),
(15, 12506, 1, 182, 0, 170, 182, 0, NULL, NULL, NULL, '5', '2022-04-10 16:33:55'),
(15, 12506, 2, 187, 5, 183, 187, 0, NULL, '2022-04-09 19:39:43', NULL, '5', '2022-04-10 16:33:55'),
(15, 12506, 3, 190, 3, 188, 190, 0, NULL, '2022-04-09 19:47:12', NULL, '7', '2022-04-10 16:33:55'),
(15, 13665, 1, 88, 0, 85, 88, 0, NULL, NULL, NULL, '5', '2022-04-10 16:33:55'),
(15, 13665, 2, 91, 3, 89, 91, 0, NULL, '2022-04-09 18:53:14', NULL, '5', '2022-04-10 16:33:55'),
(15, 13665, 3, 94, 3, 92, 94, 0, NULL, '2022-04-09 19:01:04', NULL, '5', '2022-04-10 16:33:55'),
(15, 20059, 1, 80, 0, 80, 0, 0, NULL, NULL, NULL, NULL, '2022-04-16 17:26:13'),
(15, 20059, 2, 81, 1, 0, 0, 0, NULL, NULL, NULL, NULL, '2022-04-16 17:26:13'),
(15, 20059, 3, 82, 1, 0, 0, 0, NULL, NULL, NULL, NULL, '2022-04-16 17:26:13'),
(15, 20640, 1, 150, 0, 145, 148, 0, NULL, NULL, NULL, NULL, '2022-04-16 17:29:53'),
(15, 20640, 2, 0, -150, 149, 155, 0, NULL, NULL, NULL, NULL, '2022-04-16 17:29:53'),
(15, 20640, 3, 0, 0, 155, 0, 0, NULL, NULL, NULL, NULL, '2022-04-16 17:29:53'),
(15, 20846, 1, 94, 0, 85, 93, 94, NULL, NULL, NULL, '5', '2022-04-10 16:33:55'),
(15, 20846, 2, 97, 3, 95, 97, 0, NULL, '2022-04-09 18:54:24', NULL, '5', '2022-04-10 16:33:55'),
(15, 20846, 3, 100, 3, 98, 100, 0, NULL, '2022-04-09 19:02:19', NULL, '7', '2022-04-10 16:33:55'),
(15, 21735, 1, 60, 0, 60, 0, 0, NULL, NULL, NULL, NULL, '2022-04-09 14:37:17'),
(15, 21735, 2, 61, 1, 0, 0, 0, NULL, NULL, NULL, NULL, '2022-04-09 14:37:17'),
(15, 21735, 3, 62, 1, 0, 0, 0, NULL, NULL, NULL, NULL, '2022-04-09 14:37:17'),
(15, 21740, 1, 215, 0, 210, 215, 0, NULL, NULL, NULL, '5', '2022-04-10 16:33:55'),
(15, 21740, 2, 225, 10, 216, 225, 0, NULL, '2022-04-09 19:42:54', NULL, '5', '2022-04-10 16:33:55'),
(15, 21740, 3, 229, 4, 226, 229, 0, NULL, '2022-04-09 19:53:12', NULL, '5', '2022-04-10 16:33:55'),
(15, 21938, 1, 175, 0, 170, 175, 0, NULL, NULL, NULL, '5', '2022-04-10 16:33:55'),
(15, 21938, 2, 180, 5, 176, 180, 0, NULL, '2022-04-09 19:20:10', NULL, '7', '2022-04-10 16:33:55'),
(15, 21938, 3, 180, 0, 180, 0, 0, NULL, '2022-04-09 19:27:47', NULL, '5', '2022-04-10 16:33:55'),
(15, 22524, 1, 70, 0, 70, 0, 0, NULL, NULL, NULL, NULL, '2022-04-10 20:11:19'),
(15, 22524, 2, 71, 1, 0, 0, 0, NULL, NULL, NULL, NULL, '2022-04-10 20:11:19'),
(15, 22524, 3, 72, 1, 0, 0, 0, NULL, NULL, NULL, NULL, '2022-04-10 20:11:19'),
(15, 22538, 1, 190, 0, 190, 0, 0, NULL, NULL, NULL, '5', '2022-04-10 16:33:55'),
(15, 22538, 2, 200, 10, 191, 200, 0, NULL, '2022-04-09 19:40:54', NULL, '7', '2022-04-10 16:33:55'),
(15, 22538, 3, 200, 0, 200, 0, 0, NULL, '2022-04-09 19:51:15', NULL, '7', '2022-04-10 16:33:55'),
(15, 22932, 1, 165, 0, 165, 0, 0, NULL, NULL, NULL, '5', '2022-04-10 16:33:55'),
(15, 22932, 2, 173, 8, 166, 173, 0, NULL, '2022-04-09 19:17:51', NULL, '7', '2022-04-10 16:33:55'),
(15, 22932, 3, 173, 0, 173, 0, 0, NULL, '2022-04-09 19:25:16', NULL, '5', '2022-04-10 16:33:55'),
(15, 23017, 1, 83, 0, 80, 83, 0, NULL, NULL, NULL, '5', '2022-04-10 16:33:55'),
(15, 23017, 2, 88, 5, 84, 88, 0, NULL, '2022-04-09 18:50:26', NULL, '5', '2022-04-10 16:33:55'),
(15, 23017, 3, 91, 3, 89, 91, 0, NULL, '2022-04-09 18:58:25', NULL, '7', '2022-04-10 16:33:55'),
(16, 100017, 1, 130, 0, 130, 0, 0, 1, NULL, NULL, '500', '2023-04-16 12:56:01'),
(16, 100017, 2, 131, 1, 131, 0, 0, 1, '2023-04-16 14:56:00', NULL, '500', '2023-04-16 12:59:51'),
(16, 100017, 3, 132, 1, 132, 0, 0, 1, '2023-04-16 14:59:50', NULL, '500', '2023-04-16 13:00:29'),
(16, 100018, 1, 130, 0, 130, 0, 0, 1, NULL, NULL, '500', '2023-04-16 12:59:36'),
(16, 100018, 2, 131, 1, 131, 0, 0, 1, '2023-04-16 14:59:35', NULL, '500', '2023-04-16 13:00:12'),
(16, 100018, 3, 132, 1, 132, 0, 0, 1, '2023-04-16 15:00:11', NULL, '500', '2023-04-16 13:00:49'),
(16, 100019, 1, 150, 0, 150, 0, 0, 1, NULL, NULL, '500', '2023-05-29 17:36:12'),
(16, 100019, 2, 151, 1, 151, 0, 0, NULL, '2023-05-29 19:34:52', NULL, NULL, '2023-05-29 17:36:12'),
(16, 100019, 3, 152, 1, 0, 0, 0, NULL, NULL, NULL, NULL, '2023-04-11 11:53:17'),
(16, 100020, 1, 125, 0, 125, 0, 0, 1, NULL, NULL, '500', '2023-04-16 12:54:45'),
(16, 100020, 2, 126, 1, 126, 0, 0, 1, '2023-04-16 14:54:43', NULL, '500', '2023-04-16 12:55:07'),
(16, 100020, 3, 127, 1, 127, 0, 0, 1, '2023-04-16 14:55:05', NULL, '500', '2023-04-16 12:55:38'),
(16, 100021, 1, 120, 0, 120, 0, 0, 1, NULL, NULL, '500', '2023-04-16 12:53:01'),
(16, 100021, 2, 121, 1, 121, 0, 0, 1, '2023-04-16 14:53:00', NULL, '500', '2023-04-16 12:53:33'),
(16, 100021, 3, 122, 1, 122, 0, 0, 1, '2023-04-16 14:53:32', NULL, '500', '2023-04-16 12:54:05'),
(16, 100022, 1, 120, 0, 120, 0, 0, 1, NULL, NULL, '500', '2023-04-16 12:53:12'),
(16, 100022, 2, 121, 1, 121, 0, 0, 1, '2023-04-16 14:53:11', NULL, '500', '2023-04-16 12:53:45'),
(16, 100022, 3, 122, 1, 122, 0, 0, 1, '2023-04-16 14:53:44', NULL, '500', '2023-04-16 12:54:15'),
(16, 100023, 1, 70, 0, 70, 0, 0, 1, NULL, NULL, '500', '2023-04-16 11:49:59'),
(16, 100023, 2, 71, 1, 71, 0, 0, 1, '2023-04-16 13:49:58', NULL, '500', '2023-04-16 12:23:40'),
(16, 100023, 3, 72, 1, 72, 0, 0, 1, '2023-04-16 13:53:19', NULL, '500', '2023-04-16 12:25:37'),
(17, 104, 1, 70, 0, 70, 0, 0, NULL, NULL, NULL, NULL, '2023-03-28 17:29:30'),
(17, 104, 2, 71, 1, 0, 0, 0, NULL, NULL, NULL, NULL, '2023-03-28 17:29:30'),
(17, 104, 3, 72, 1, 0, 0, 0, NULL, NULL, NULL, NULL, '2023-03-28 17:29:30'),
(17, 301, 1, 65, 0, 65, 0, 0, NULL, NULL, NULL, NULL, '2023-03-28 17:29:30'),
(17, 301, 2, 66, 1, 0, 0, 0, NULL, NULL, NULL, NULL, '2023-03-28 17:29:30'),
(17, 301, 3, 67, 1, 0, 0, 0, NULL, NULL, NULL, NULL, '2023-03-28 17:29:30'),
(17, 304, 1, 76, 0, 76, 0, 0, NULL, NULL, NULL, NULL, '2023-03-28 17:29:30'),
(17, 304, 2, 77, 1, 0, 0, 0, NULL, NULL, NULL, NULL, '2023-03-28 17:29:30'),
(17, 304, 3, 78, 1, 0, 0, 0, NULL, NULL, NULL, NULL, '2023-03-28 17:29:30'),
(17, 404, 1, 76, 0, 76, 0, 0, NULL, NULL, NULL, NULL, '2023-03-28 17:29:30'),
(17, 404, 2, 77, 1, 0, 0, 0, NULL, NULL, NULL, NULL, '2023-03-28 17:29:30'),
(17, 404, 3, 78, 1, 0, 0, 0, NULL, NULL, NULL, NULL, '2023-03-28 17:29:30'),
(17, 902, 1, 85, 0, 85, 0, 0, NULL, NULL, NULL, NULL, '2023-03-28 17:29:30'),
(17, 902, 2, 86, 1, 0, 0, 0, NULL, NULL, NULL, NULL, '2023-03-28 17:29:30'),
(17, 902, 3, 87, 1, 0, 0, 0, NULL, NULL, NULL, NULL, '2023-03-28 17:29:30'),
(17, 11943, 1, 150, 0, 150, 0, 0, NULL, NULL, NULL, NULL, '2023-04-11 11:53:17'),
(17, 11943, 2, 151, 1, 0, 0, 0, NULL, NULL, NULL, NULL, '2023-04-11 11:53:17'),
(17, 11943, 3, 152, 1, 0, 0, 0, NULL, NULL, NULL, NULL, '2023-04-11 11:53:17'),
(17, 100017, 1, 130, 0, 130, 0, 0, 1, NULL, NULL, '500', '2023-04-16 12:56:01'),
(17, 100017, 2, 131, 1, 131, 0, 0, 1, '2023-04-16 14:56:00', NULL, '500', '2023-04-16 12:59:51'),
(17, 100017, 3, 132, 1, 132, 0, 0, 1, '2023-04-16 14:59:50', NULL, '500', '2023-04-16 13:00:29'),
(17, 100018, 1, 130, 0, 130, 0, 0, 1, NULL, NULL, '500', '2023-04-16 12:59:36'),
(17, 100018, 2, 131, 1, 131, 0, 0, 1, '2023-04-16 14:59:35', NULL, '500', '2023-04-16 13:00:12'),
(17, 100018, 3, 132, 1, 132, 0, 0, 1, '2023-04-16 15:00:11', NULL, '500', '2023-04-16 13:00:49'),
(17, 100019, 1, 150, 0, 150, 0, 0, NULL, NULL, NULL, NULL, '2023-04-11 11:53:17'),
(17, 100019, 2, 151, 1, 0, 0, 0, NULL, NULL, NULL, NULL, '2023-04-11 11:53:17'),
(17, 100019, 3, 152, 1, 0, 0, 0, NULL, NULL, NULL, NULL, '2023-04-11 11:53:17'),
(17, 100020, 1, 125, 0, 125, 0, 0, 1, NULL, NULL, '500', '2023-04-16 12:54:45'),
(17, 100020, 2, 126, 1, 126, 0, 0, 1, '2023-04-16 14:54:43', NULL, '500', '2023-04-16 12:55:07'),
(17, 100020, 3, 127, 1, 127, 0, 0, 1, '2023-04-16 14:55:05', NULL, '500', '2023-04-16 12:55:38'),
(17, 100021, 1, 120, 0, 120, 0, 0, 1, NULL, NULL, '500', '2023-04-16 12:53:01'),
(17, 100021, 2, 121, 1, 121, 0, 0, 1, '2023-04-16 14:53:00', NULL, '500', '2023-04-16 12:53:33'),
(17, 100021, 3, 122, 1, 122, 0, 0, 1, '2023-04-16 14:53:32', NULL, '500', '2023-04-16 12:54:05'),
(17, 100022, 1, 120, 0, 120, 0, 0, 1, NULL, NULL, '500', '2023-04-16 12:53:12'),
(17, 100022, 2, 121, 1, 121, 0, 0, 1, '2023-04-16 14:53:11', NULL, '500', '2023-04-16 12:53:45'),
(17, 100022, 3, 122, 1, 122, 0, 0, 1, '2023-04-16 14:53:44', NULL, '500', '2023-04-16 12:54:15'),
(17, 100030, 1, 80, 0, 80, 0, 0, NULL, NULL, NULL, NULL, '2023-03-28 17:29:30'),
(17, 100030, 2, 81, 1, 0, 0, 0, NULL, NULL, NULL, NULL, '2023-03-28 17:29:30'),
(17, 100030, 3, 82, 1, 0, 0, 0, NULL, NULL, NULL, NULL, '2023-03-28 17:29:30'),
(17, 100031, 1, 51, 0, 51, 0, 0, NULL, NULL, NULL, NULL, '2023-03-28 17:29:30'),
(17, 100031, 2, 52, 1, 0, 0, 0, NULL, NULL, NULL, NULL, '2023-03-28 17:29:30'),
(17, 100031, 3, 53, 1, 0, 0, 0, NULL, NULL, NULL, NULL, '2023-03-28 17:29:30'),
(17, 100032, 1, 61, 0, 61, 0, 0, NULL, NULL, NULL, NULL, '2023-03-28 17:29:30'),
(17, 100032, 2, 62, 1, 0, 0, 0, NULL, NULL, NULL, NULL, '2023-03-28 17:29:30'),
(17, 100032, 3, 63, 1, 0, 0, 0, NULL, NULL, NULL, NULL, '2023-03-28 17:29:30'),
(17, 100033, 1, 53, 0, 53, 0, 0, NULL, NULL, NULL, NULL, '2023-03-28 17:29:30'),
(17, 100033, 2, 54, 1, 0, 0, 0, NULL, NULL, NULL, NULL, '2023-03-28 17:29:30'),
(17, 100033, 3, 55, 1, 0, 0, 0, NULL, NULL, NULL, NULL, '2023-03-28 17:29:30'),
(17, 100034, 1, 52, 0, 52, 0, 0, NULL, NULL, NULL, NULL, '2023-03-28 17:29:30'),
(17, 100034, 2, 53, 1, 0, 0, 0, NULL, NULL, NULL, NULL, '2023-03-28 17:29:30'),
(17, 100034, 3, 54, 1, 0, 0, 0, NULL, NULL, NULL, NULL, '2023-03-28 17:29:30'),
(17, 100035, 1, 85, 0, 85, 0, 0, NULL, NULL, NULL, NULL, '2023-03-28 17:29:30'),
(17, 100035, 2, 86, 1, 0, 0, 0, NULL, NULL, NULL, NULL, '2023-03-28 17:29:30'),
(17, 100035, 3, 87, 1, 0, 0, 0, NULL, NULL, NULL, NULL, '2023-03-28 17:29:30'),
(17, 100036, 1, 64, 0, 64, 0, 0, NULL, NULL, NULL, NULL, '2023-03-28 17:29:30'),
(17, 100036, 2, 65, 1, 0, 0, 0, NULL, NULL, NULL, NULL, '2023-03-28 17:29:30'),
(17, 100036, 3, 66, 1, 0, 0, 0, NULL, NULL, NULL, NULL, '2023-03-28 17:29:30'),
(17, 100037, 1, 99, 0, 99, 0, 0, NULL, NULL, NULL, NULL, '2023-03-28 17:29:30'),
(17, 100037, 2, 100, 1, 0, 0, 0, NULL, NULL, NULL, NULL, '2023-03-28 17:29:30'),
(17, 100037, 3, 101, 1, 0, 0, 0, NULL, NULL, NULL, NULL, '2023-03-28 17:29:30'),
(17, 100038, 1, 60, 0, 60, 0, 0, NULL, NULL, NULL, NULL, '2023-03-28 17:29:30'),
(17, 100038, 2, 61, 1, 0, 0, 0, NULL, NULL, NULL, NULL, '2023-03-28 17:29:30'),
(17, 100038, 3, 62, 1, 0, 0, 0, NULL, NULL, NULL, NULL, '2023-03-28 17:29:30'),
(17, 100039, 1, 120, 0, 120, 0, 0, 1, NULL, NULL, '500', '2023-04-16 12:53:23'),
(17, 100039, 2, 121, 1, 121, 0, 0, 1, '2023-04-16 14:53:22', NULL, '500', '2023-04-16 12:53:55'),
(17, 100039, 3, 122, 1, 122, 0, 0, 1, '2023-04-16 14:53:54', NULL, '500', '2023-04-16 12:54:25'),
(17, 100040, 1, 135, 0, 135, 0, 0, 1, NULL, NULL, '500', '2023-04-16 13:01:04'),
(17, 100040, 2, 136, 1, 136, 0, 0, NULL, '2023-04-16 15:01:03', NULL, NULL, '2023-04-16 13:01:04'),
(17, 100040, 3, 137, 1, 0, 0, 0, NULL, NULL, NULL, NULL, '2023-04-11 11:53:17'),
(17, 100041, 1, 110, 0, 110, 0, 0, 1, NULL, NULL, '500', '2023-04-16 12:52:08'),
(17, 100041, 2, 111, 1, 111, 0, 0, 1, '2023-04-16 14:52:06', NULL, '500', '2023-04-16 12:52:28'),
(17, 100041, 3, 112, 1, 112, 0, 0, 1, '2023-04-16 14:52:26', NULL, '500', '2023-04-16 12:52:49'),
(17, 100042, 1, 90, 0, 90, 0, 0, 1, NULL, NULL, '500', '2023-04-16 12:26:07'),
(17, 100042, 2, 108, 18, 91, 108, 0, 1, '2023-04-16 14:26:06', NULL, '500', '2023-04-16 12:27:49'),
(17, 100042, 3, 109, 1, 109, 0, 0, 1, '2023-04-16 14:27:47', NULL, '500', '2023-04-16 12:50:50'),
(17, 100043, 1, 135, 0, 135, 0, 0, NULL, NULL, NULL, NULL, '2023-04-11 11:53:17'),
(17, 100043, 2, 136, 1, 0, 0, 0, NULL, NULL, NULL, NULL, '2023-04-11 11:53:17'),
(17, 100043, 3, 137, 1, 0, 0, 0, NULL, NULL, NULL, NULL, '2023-04-11 11:53:17'),
(17, 100044, 1, 95, 0, 95, 0, 0, 1, NULL, NULL, '500', '2023-04-16 12:26:56'),
(17, 100044, 2, 96, 1, 96, 0, 0, 1, '2023-04-16 14:26:55', NULL, '500', '2023-04-16 12:27:26'),
(17, 100044, 3, 97, 1, 97, 0, 0, 1, '2023-04-16 14:27:25', NULL, '500', '2023-04-16 12:27:38'),
(17, 100045, 1, 130, 0, 130, 0, 0, 1, NULL, NULL, '500', '2023-04-16 12:59:07'),
(17, 100045, 2, 131, 1, 131, 0, 0, 1, '2023-04-16 14:59:05', NULL, '500', '2023-04-16 13:00:03'),
(17, 100045, 3, 132, 1, 132, 0, 0, 1, '2023-04-16 15:00:02', NULL, '500', '2023-04-16 13:00:39'),
(17, 100046, 1, 150, 0, 150, 0, 0, NULL, NULL, NULL, NULL, '2023-04-11 11:53:17'),
(17, 100046, 2, 151, 1, 0, 0, 0, NULL, NULL, NULL, NULL, '2023-04-11 11:53:17'),
(17, 100046, 3, 152, 1, 0, 0, 0, NULL, NULL, NULL, NULL, '2023-04-11 11:53:17'),
(17, 100047, 1, 110, 0, 110, 0, 0, 1, NULL, NULL, '500', '2023-04-16 12:51:51'),
(17, 100047, 2, 111, 1, 111, 0, 0, 1, '2023-04-16 14:51:49', NULL, '500', '2023-04-16 12:52:17'),
(17, 100047, 3, 112, 1, 112, 0, 0, 1, '2023-04-16 14:52:16', NULL, '500', '2023-04-16 12:52:37'),
(17, 100048, 1, 125, 0, 125, 0, 0, 1, NULL, NULL, '500', '2023-04-16 12:54:36'),
(17, 100048, 2, 126, 1, 126, 0, 0, 1, '2023-04-16 14:54:34', NULL, '500', '2023-04-16 12:54:55'),
(17, 100048, 3, 127, 1, 127, 0, 0, 1, '2023-04-16 14:54:54', NULL, '500', '2023-04-16 12:55:14'),
(21, 6269, 1, 50, 0, 50, 0, 0, NULL, NULL, NULL, NULL, '2022-12-04 19:58:24'),
(21, 6269, 2, 51, 1, 0, 0, 0, NULL, NULL, NULL, NULL, '2022-12-04 19:58:24'),
(21, 6269, 3, 52, 1, 0, 0, 0, NULL, NULL, NULL, NULL, '2022-12-04 19:58:24'),
(22, 4555, 1, 165, 0, 165, 0, 0, 1, NULL, NULL, NULL, '2023-01-11 17:09:52'),
(22, 4555, 2, 172, 1, 0, 0, 0, 1, NULL, NULL, NULL, '2023-01-11 17:09:52'),
(22, 4555, 3, 177, 1, 0, 0, 0, 1, NULL, NULL, NULL, '2023-01-11 17:09:52'),
(22, 9448, 1, 116, 0, 116, 0, 0, 1, NULL, NULL, NULL, '2023-01-11 17:09:52'),
(22, 9448, 2, 120, 1, 0, 0, 0, 1, NULL, NULL, NULL, '2023-01-11 17:09:52'),
(22, 9448, 3, 123, 1, 0, 0, 0, -1, NULL, NULL, NULL, '2023-01-11 17:09:52'),
(22, 9549, 1, 150, 0, 150, 0, 0, 1, NULL, NULL, NULL, '2023-01-11 17:09:52'),
(22, 9549, 2, 155, 1, 0, 0, 0, 1, NULL, NULL, NULL, '2023-01-11 17:09:52'),
(22, 9549, 3, 158, 1, 0, 0, 0, -1, NULL, NULL, NULL, '2023-01-11 17:09:52'),
(22, 10632, 1, 190, 0, 190, 0, 0, 1, NULL, NULL, NULL, '2023-01-11 17:09:52'),
(22, 10632, 2, 195, 1, 0, 0, 0, 1, NULL, NULL, NULL, '2023-01-11 17:09:52'),
(22, 10632, 3, 198, 1, 0, 0, 0, 1, NULL, NULL, NULL, '2023-01-11 17:09:52'),
(22, 10912, 1, 188, 0, 188, 0, 0, 1, NULL, NULL, NULL, '2023-01-11 17:09:52'),
(22, 10912, 2, 194, 1, 0, 0, 0, 1, NULL, NULL, NULL, '2023-01-11 17:09:52'),
(22, 10912, 3, 201, 1, 0, 0, 0, -1, NULL, NULL, NULL, '2023-01-11 17:09:52'),
(22, 11188, 1, 80, 0, 80, 0, 0, 1, NULL, NULL, NULL, '2023-01-11 17:09:52'),
(22, 11188, 2, 0, 1, 0, 0, 0, 0, NULL, NULL, NULL, '2023-01-11 17:09:52'),
(22, 11188, 3, 0, 1, 0, 0, 0, 0, NULL, NULL, NULL, '2023-01-11 17:09:52'),
(22, 11226, 1, 170, 0, 170, 0, 0, 1, NULL, NULL, NULL, '2023-01-11 17:09:52'),
(22, 11226, 2, 175, 1, 0, 0, 0, 1, NULL, NULL, NULL, '2023-01-11 17:09:52'),
(22, 11226, 3, 180, 1, 0, 0, 0, 1, NULL, NULL, NULL, '2023-01-11 17:09:52'),
(22, 11439, 1, 180, 0, 180, 0, 0, 1, NULL, NULL, NULL, '2023-01-11 17:09:52'),
(22, 11439, 2, 187, 1, 0, 0, 0, 1, NULL, NULL, NULL, '2023-01-11 17:09:52'),
(22, 11439, 3, 190, 1, 0, 0, 0, 1, NULL, NULL, NULL, '2023-01-11 17:09:52'),
(22, 11726, 1, 113, 0, 113, 0, 0, 1, NULL, NULL, NULL, '2023-01-11 17:09:52'),
(22, 11726, 2, 117, 1, 0, 0, 0, 1, NULL, NULL, NULL, '2023-01-11 17:09:52'),
(22, 11726, 3, 120, 1, 0, 0, 0, -1, NULL, NULL, NULL, '2023-01-11 17:09:52'),
(22, 12056, 1, 153, 0, 153, 0, 0, 1, NULL, NULL, NULL, '2023-01-11 17:09:52'),
(22, 12056, 2, 158, 1, 0, 0, 0, 1, NULL, NULL, NULL, '2023-01-11 17:09:52'),
(22, 12056, 3, 162, 1, 0, 0, 0, 1, NULL, NULL, NULL, '2023-01-11 17:09:52'),
(22, 12371, 1, 0, 0, 0, 0, 0, 0, NULL, NULL, NULL, '2023-01-11 17:09:52'),
(22, 12371, 2, 0, 1, 0, 0, 0, 0, NULL, NULL, NULL, '2023-01-11 17:09:52'),
(22, 12371, 3, 0, 1, 0, 0, 0, 0, NULL, NULL, NULL, '2023-01-11 17:09:52'),
(22, 12885, 1, 160, 0, 160, 0, 0, 1, NULL, NULL, NULL, '2023-01-11 17:09:52'),
(22, 12885, 2, 166, 1, 0, 0, 0, 1, NULL, NULL, NULL, '2023-01-11 17:09:52'),
(22, 12885, 3, 170, 1, 0, 0, 0, 1, NULL, NULL, NULL, '2023-01-11 17:09:52'),
(22, 20059, 1, 0, 0, 0, 0, 0, 0, NULL, NULL, NULL, '2023-01-11 17:09:52'),
(22, 20059, 2, 0, 1, 0, 0, 0, 0, NULL, NULL, NULL, '2023-01-11 17:09:52'),
(22, 20059, 3, 0, 1, 0, 0, 0, 0, NULL, NULL, NULL, '2023-01-11 17:09:52'),
(22, 20169, 1, 169, 0, 169, 0, 0, 1, NULL, NULL, NULL, '2023-01-11 17:09:52'),
(22, 20169, 2, 176, 1, 0, 0, 0, 1, NULL, NULL, NULL, '2023-01-11 17:09:52'),
(22, 20169, 3, 181, 1, 0, 0, 0, 1, NULL, NULL, NULL, '2023-01-11 17:09:52'),
(22, 20640, 1, 145, 0, 145, 0, 0, 1, NULL, NULL, NULL, '2023-01-11 17:09:52'),
(22, 20640, 2, 152, 1, 0, 0, 0, 1, NULL, NULL, NULL, '2023-01-11 17:09:52'),
(22, 20640, 3, 157, 1, 0, 0, 0, -1, NULL, NULL, NULL, '2023-01-11 17:09:52'),
(22, 20987, 1, 80, 0, 80, 0, 0, 1, NULL, NULL, NULL, '2023-01-11 17:09:52'),
(22, 20987, 2, 0, 1, 0, 0, 0, 0, NULL, NULL, NULL, '2023-01-11 17:09:52'),
(22, 20987, 3, 0, 1, 0, 0, 0, 0, NULL, NULL, NULL, '2023-01-11 17:09:52'),
(22, 21057, 1, 0, 0, 0, 0, 0, 0, NULL, NULL, NULL, '2023-01-11 17:09:52'),
(22, 21057, 2, 0, 1, 0, 0, 0, 0, NULL, NULL, NULL, '2023-01-11 17:09:52'),
(22, 21057, 3, 0, 1, 0, 0, 0, 0, NULL, NULL, NULL, '2023-01-11 17:09:52'),
(22, 21580, 1, 175, 0, 175, 0, 0, 1, NULL, NULL, NULL, '2023-01-11 17:09:52'),
(22, 21580, 2, 185, 1, 0, 0, 0, -1, NULL, NULL, NULL, '2023-01-11 17:09:52'),
(22, 21580, 3, 187, 1, 0, 0, 0, -1, NULL, NULL, NULL, '2023-01-11 17:09:52'),
(22, 21740, 1, 213, 0, 213, 0, 0, 1, NULL, NULL, NULL, '2023-01-11 17:09:52'),
(22, 21740, 2, 225, 1, 0, 0, 0, 1, NULL, NULL, NULL, '2023-01-11 17:09:52'),
(22, 21740, 3, 233, 1, 0, 0, 0, -1, NULL, NULL, NULL, '2023-01-11 17:09:52'),
(22, 22305, 1, 182, 0, 182, 0, 0, 1, NULL, NULL, NULL, '2023-01-11 17:09:52'),
(22, 22305, 2, 187, 1, 0, 0, 0, 1, NULL, NULL, NULL, '2023-01-11 17:09:52'),
(22, 22305, 3, 193, 1, 0, 0, 0, -1, NULL, NULL, NULL, '2023-01-11 17:09:52'),
(22, 22517, 1, 170, 0, 170, 0, 0, -1, NULL, NULL, NULL, '2023-01-11 17:09:52'),
(22, 22517, 2, 170, 1, 0, 0, 0, 1, NULL, NULL, NULL, '2023-01-11 17:09:52'),
(22, 22517, 3, 174, 1, 0, 0, 0, 1, NULL, NULL, NULL, '2023-01-11 17:09:52'),
(22, 22524, 1, 0, 0, 0, 0, 0, 0, NULL, NULL, NULL, '2023-01-11 17:09:52'),
(22, 22524, 2, 0, 1, 0, 0, 0, 0, NULL, NULL, NULL, '2023-01-11 17:09:52'),
(22, 22524, 3, 0, 1, 0, 0, 0, 0, NULL, NULL, NULL, '2023-01-11 17:09:52'),
(22, 22538, 1, 190, 0, 190, 0, 0, 1, NULL, NULL, NULL, '2023-01-11 17:09:52'),
(22, 22538, 2, 200, 1, 0, 0, 0, 1, NULL, NULL, NULL, '2023-01-11 17:09:52'),
(22, 22538, 3, 210, 1, 0, 0, 0, 1, NULL, NULL, NULL, '2023-01-11 17:09:52'),
(22, 23017, 1, 86, 0, 86, 0, 0, 1, NULL, NULL, NULL, '2023-01-11 17:09:52'),
(22, 23017, 2, 90, 1, 0, 0, 0, 1, NULL, NULL, NULL, '2023-01-11 17:09:52'),
(22, 23017, 3, 92, 1, 0, 0, 0, -1, NULL, NULL, NULL, '2023-01-11 17:09:52'),
(23, 6141, 1, 104, 0, 104, 0, 0, 1, NULL, NULL, NULL, '2023-01-11 11:05:59'),
(23, 6141, 2, 108, 1, 0, 0, 0, 1, NULL, NULL, NULL, '2023-01-11 11:05:59'),
(23, 6141, 3, 110, 1, 0, 0, 0, 1, NULL, NULL, NULL, '2023-01-11 11:05:59'),
(23, 9200, 1, 125, 0, 125, 0, 0, 1, NULL, NULL, NULL, '2023-01-11 11:05:59'),
(23, 9200, 2, 129, 1, 0, 0, 0, 1, NULL, NULL, NULL, '2023-01-11 11:05:59'),
(23, 9200, 3, 133, 1, 0, 0, 0, 1, NULL, NULL, NULL, '2023-01-11 11:05:59'),
(23, 11336, 1, 98, 0, 98, 0, 0, 1, NULL, NULL, NULL, '2023-01-11 11:11:17'),
(23, 11336, 2, 102, 1, 0, 0, 0, -1, NULL, NULL, NULL, '2023-01-11 11:11:17'),
(23, 11336, 3, 102, 1, 0, 0, 0, -1, NULL, NULL, NULL, '2023-01-11 11:11:17'),
(23, 11357, 1, 150, 0, 150, 0, 0, 1, NULL, NULL, NULL, '2023-01-11 11:05:59'),
(23, 11357, 2, 160, 1, 0, 0, 0, 1, NULL, NULL, NULL, '2023-01-11 11:05:59'),
(23, 11357, 3, 165, 1, 0, 0, 0, -1, NULL, NULL, NULL, '2023-01-11 11:05:59'),
(23, 11912, 1, 125, 0, 125, 0, 0, 1, NULL, NULL, NULL, '2023-01-11 11:05:59'),
(23, 11912, 2, 129, 1, 0, 0, 0, 1, NULL, NULL, NULL, '2023-01-11 11:05:59'),
(23, 11912, 3, 131, 1, 0, 0, 0, -1, NULL, NULL, NULL, '2023-01-11 11:05:59'),
(23, 12144, 1, 135, 0, 135, 0, 0, 1, NULL, NULL, NULL, '2023-01-11 11:05:59'),
(23, 12144, 2, 140, 1, 0, 0, 0, 1, NULL, NULL, NULL, '2023-01-11 11:05:59'),
(23, 12144, 3, 143, 1, 0, 0, 0, 1, NULL, NULL, NULL, '2023-01-11 11:05:59'),
(23, 12366, 1, 78, 0, 78, 0, 0, 1, NULL, NULL, NULL, '2023-01-11 11:11:17'),
(23, 12366, 2, 82, 1, 0, 0, 0, 1, NULL, NULL, NULL, '2023-01-11 11:11:17'),
(23, 12366, 3, 85, 1, 0, 0, 0, 1, NULL, NULL, NULL, '2023-01-11 11:11:17'),
(23, 12438, 1, 0, 0, 0, 0, 0, -2, NULL, NULL, NULL, '2023-01-11 11:11:17'),
(23, 12438, 2, 0, 1, 0, 0, 0, -2, NULL, NULL, NULL, '2023-01-11 11:11:17'),
(23, 12438, 3, 0, 1, 0, 0, 0, -2, NULL, NULL, NULL, '2023-01-11 11:11:17'),
(23, 13528, 1, 145, 0, 145, 0, 0, 1, NULL, NULL, NULL, '2023-01-11 11:11:17'),
(23, 13528, 2, 155, 1, 0, 0, 0, 1, NULL, NULL, NULL, '2023-01-11 11:11:17'),
(23, 13528, 3, 162, 1, 0, 0, 0, 1, NULL, NULL, NULL, '2023-01-11 11:11:17'),
(23, 13730, 1, 85, 0, 85, 0, 0, 1, NULL, NULL, NULL, '2023-01-11 11:11:17'),
(23, 13730, 2, 90, 1, 0, 0, 0, 1, NULL, NULL, NULL, '2023-01-11 11:11:17'),
(23, 13730, 3, 93, 1, 0, 0, 0, -1, NULL, NULL, NULL, '2023-01-11 11:11:17'),
(23, 22213, 1, 80, 0, 80, 0, 0, -1, NULL, NULL, NULL, '2023-01-11 11:11:17'),
(23, 22213, 2, 80, 1, 0, 0, 0, 1, NULL, NULL, NULL, '2023-01-11 11:11:17'),
(23, 22213, 3, 90, 1, 0, 0, 0, -1, NULL, NULL, NULL, '2023-01-11 11:11:17'),
(23, 22271, 1, 0, 0, 0, 0, 0, -2, NULL, NULL, NULL, '2023-01-11 11:05:59'),
(23, 22271, 2, 0, 1, 0, 0, 0, -2, NULL, NULL, NULL, '2023-01-11 11:05:59'),
(23, 22271, 3, 0, 1, 0, 0, 0, -2, NULL, NULL, NULL, '2023-01-11 11:05:59'),
(23, 22282, 1, 76, 0, 76, 0, 0, 1, NULL, NULL, NULL, '2023-01-11 11:05:59'),
(23, 22282, 2, 81, 1, 0, 0, 0, -1, NULL, NULL, NULL, '2023-01-11 11:05:59'),
(23, 22282, 3, 81, 1, 0, 0, 0, 1, NULL, NULL, NULL, '2023-01-11 11:05:59'),
(26, 10632, 1, 160, 0, 150, 160, 0, 1, NULL, NULL, '050', '2023-01-28 18:51:43'),
(26, 10632, 2, 170, 10, 161, 170, 0, 1, '2023-01-28 19:51:42', NULL, '050', '2023-01-28 18:58:26'),
(26, 10632, 3, 180, 10, 171, 180, 0, 1, '2023-01-28 19:58:25', NULL, '050', '2023-01-28 19:05:39'),
(26, 10912, 1, 165, 0, 160, 165, 0, 1, NULL, NULL, '050', '2023-01-28 18:52:39'),
(26, 10912, 2, 175, 10, 166, 175, 0, 1, '2023-01-28 19:52:39', NULL, '050', '2023-01-28 18:59:18'),
(26, 10912, 3, 180, 5, 176, 180, 0, 1, '2023-01-28 19:59:17', NULL, '050', '2023-01-28 19:06:29'),
(26, 11943, 1, 175, 0, 170, 175, 0, 1, NULL, NULL, '050', '2023-01-28 18:54:58'),
(26, 11943, 2, 181, 6, 176, 181, 0, 1, '2023-01-28 19:54:58', NULL, '050', '2023-01-28 19:01:44'),
(26, 11943, 3, 185, 4, 182, 185, 0, 1, '2023-01-28 20:01:43', NULL, '050', '2023-01-28 19:09:03'),
(26, 12056, 1, 141, 0, 130, 141, 0, 1, NULL, NULL, '050', '2023-01-28 18:26:39'),
(26, 12056, 2, 146, 5, 142, 146, 0, 1, '2023-01-28 19:26:38', NULL, '050', '2023-01-28 18:36:42'),
(26, 12056, 3, 149, 3, 147, 149, 0, -1, '2023-01-28 19:36:41', NULL, '070', '2023-01-28 18:47:16'),
(26, 12506, 1, 170, 0, 165, 170, 0, 1, NULL, NULL, '050', '2023-01-28 18:53:47'),
(26, 12506, 2, 175, 5, 171, 175, 0, 1, '2023-01-28 19:53:47', NULL, '050', '2023-01-28 19:00:28'),
(26, 12506, 3, 180, 5, 176, 180, 0, 1, '2023-01-28 20:00:27', NULL, '050', '2023-01-28 19:07:47'),
(26, 12915, 1, 125, 0, 115, 125, 0, 1, NULL, NULL, '050', '2023-01-28 18:24:20'),
(26, 12915, 2, 130, 5, 126, 130, 0, -1, '2023-01-28 19:24:19', NULL, '070', '2023-01-28 18:34:13'),
(26, 12915, 3, 130, 0, 130, 0, 0, -1, '2023-01-28 19:34:12', NULL, '070', '2023-01-28 18:44:22'),
(26, 20663, 1, 192, 0, 190, 192, 0, 1, NULL, NULL, '050', '2023-01-28 18:57:08'),
(26, 20663, 2, 198, 6, 193, 198, 0, 1, '2023-01-28 19:57:07', NULL, '050', '2023-01-28 19:04:19'),
(26, 20663, 3, 205, 7, 199, 205, 0, -1, '2023-01-28 20:04:19', NULL, '070', '2023-01-28 19:11:38'),
(26, 21057, 1, 93, 0, 90, 93, 0, 1, NULL, NULL, '050', '2023-01-28 18:22:38'),
(26, 21057, 2, 97, 4, 94, 97, 0, 1, '2023-01-28 19:22:37', NULL, '050', '2023-01-28 18:32:29'),
(26, 21057, 3, 100, 3, 98, 100, 0, -1, '2023-01-28 19:32:28', NULL, '070', '2023-01-28 18:42:43'),
(26, 21331, 1, 115, 0, 115, 0, 0, NULL, NULL, NULL, NULL, '2023-01-28 16:25:17'),
(26, 21331, 2, 116, 1, 0, 0, 0, NULL, NULL, NULL, NULL, '2023-01-28 16:25:17'),
(26, 21331, 3, 117, 1, 0, 0, 0, NULL, NULL, NULL, NULL, '2023-01-28 16:25:17'),
(26, 22308, 1, 180, 0, 180, 0, 0, 1, NULL, NULL, '050', '2023-01-28 18:56:03'),
(26, 22308, 2, 190, 10, 181, 190, 0, 1, '2023-01-28 19:56:02', NULL, '050', '2023-01-28 19:03:13'),
(26, 22308, 3, 195, 5, 191, 195, 0, 1, '2023-01-28 20:03:13', NULL, '050', '2023-01-28 19:10:17'),
(26, 22643, 1, 68, 0, 65, 68, 0, 1, NULL, NULL, '050', '2023-01-28 18:21:10'),
(26, 22643, 2, 71, 3, 69, 71, 0, 1, '2023-01-28 19:21:09', NULL, '050', '2023-01-28 18:31:08'),
(26, 22643, 3, 74, 3, 72, 74, 0, 1, '2023-01-28 19:31:07', NULL, '050', '2023-01-28 18:41:19'),
(26, 23254, 1, 160, 0, 160, 0, 0, 1, NULL, NULL, '050', '2023-01-28 18:27:49'),
(26, 23254, 2, 165, 5, 161, 165, 0, 1, '2023-01-28 19:27:48', NULL, '050', '2023-01-28 18:37:50'),
(26, 23254, 3, 170, 5, 166, 170, 0, 1, '2023-01-28 19:37:49', NULL, '050', '2023-01-28 18:48:29'),
(26, 23675, 1, 180, 0, 175, 180, 0, 1, NULL, NULL, '050', '2023-01-28 18:29:33'),
(26, 23675, 2, 190, 10, 181, 190, 0, 1, '2023-01-28 19:29:32', NULL, '050', '2023-01-28 18:39:41'),
(26, 23675, 3, 195, 5, 191, 195, 0, -1, '2023-01-28 19:39:40', NULL, '070', '2023-01-28 18:50:05'),
(26, 23832, 1, 130, 0, 130, 0, 0, 1, NULL, NULL, '050', '2023-01-28 18:25:22'),
(26, 23832, 2, 135, 5, 131, 135, 0, 1, '2023-01-28 19:25:21', NULL, '050', '2023-01-28 18:35:22'),
(26, 23832, 3, 140, 5, 136, 140, 0, -1, '2023-01-28 19:35:21', NULL, '070', '2023-01-28 18:45:47'),
(27, 10960, 1, 165, 0, 160, 165, 0, 1, NULL, NULL, '050', '2023-03-11 18:21:41'),
(27, 10960, 2, 0, 1, 166, 0, 0, -2, '2023-03-11 19:21:40', NULL, NULL, '2023-03-11 18:25:20'),
(27, 10960, 3, 0, 1, 0, 0, 0, -2, NULL, NULL, NULL, '2023-03-11 18:25:20'),
(27, 11439, 1, 183, 0, 175, 183, 0, 1, NULL, NULL, '050', '2023-03-11 18:41:45'),
(27, 11439, 2, 190, 7, 184, 190, 0, 1, '2023-03-11 19:41:44', NULL, '050', '2023-03-11 18:49:18'),
(27, 11439, 3, 198, 8, 191, 198, 0, 1, '2023-03-11 19:49:17', NULL, '050', '2023-03-11 18:55:43'),
(27, 11943, 1, 170, 0, 165, 170, 0, 1, NULL, NULL, '050', '2023-03-11 18:38:31'),
(27, 11943, 2, 178, 8, 171, 178, 0, 1, '2023-03-11 19:38:30', NULL, '050', '2023-03-11 18:47:00'),
(27, 11943, 3, 184, 6, 179, 184, 0, 1, '2023-03-11 19:47:00', NULL, '050', '2023-03-11 18:53:18'),
(27, 12156, 1, 200, 0, 190, 200, 0, 1, NULL, NULL, '050', '2023-03-11 18:42:56'),
(27, 12156, 2, 210, 10, 201, 210, 0, -1, '2023-03-11 19:42:55', NULL, '070', '2023-03-11 18:50:23'),
(27, 12156, 3, 210, 0, 210, 0, 0, 1, '2023-03-11 19:50:22', NULL, '050', '2023-03-11 18:56:52'),
(27, 12206, 1, 115, 0, 105, 115, 0, 1, NULL, NULL, '050', '2023-03-11 18:18:59'),
(27, 12206, 2, 120, 5, 116, 120, 0, 1, '2023-03-11 19:18:58', NULL, '050', '2023-03-11 18:26:58'),
(27, 12206, 3, 123, 3, 121, 123, 0, -1, '2023-03-11 19:26:57', NULL, '070', '2023-03-11 18:34:25');
INSERT INTO `stossen` (`Wettkampf`, `Teilnehmer`, `Versuch`, `HLast`, `Diff`, `Steigerung1`, `Steigerung2`, `Steigerung3`, `Wertung`, `Zeit`, `Note`, `Lampen`, `Updated`) VALUES
(27, 12506, 1, 170, 0, 165, 170, 0, 1, NULL, NULL, '050', '2023-03-11 18:39:33'),
(27, 12506, 2, 175, 5, 171, 175, 0, 1, '2023-03-11 19:39:32', NULL, '050', '2023-03-11 18:45:46'),
(27, 12506, 3, 0, 1, 176, 0, 0, -2, '2023-03-11 19:45:45', NULL, NULL, '2023-03-11 18:51:05'),
(27, 12911, 1, 155, 0, 150, 155, 0, 1, NULL, NULL, '050', '2023-03-11 18:37:07'),
(27, 12911, 2, 163, 8, 156, 163, 0, -1, '2023-03-11 19:37:07', NULL, '070', '2023-03-11 18:44:16'),
(27, 12911, 3, 163, 0, 163, 0, 0, -1, '2023-03-11 19:44:15', NULL, '070', '2023-03-11 18:51:31'),
(27, 21735, 1, 78, 0, 75, 78, 0, 1, NULL, NULL, '050', '2023-03-11 18:16:18'),
(27, 21735, 2, 81, 3, 79, 81, 0, 1, '2023-03-11 19:16:17', NULL, '050', '2023-03-11 18:24:16'),
(27, 21735, 3, 84, 3, 82, 84, 0, -1, '2023-03-11 19:24:15', NULL, '070', '2023-03-11 18:31:37'),
(27, 21938, 1, 182, 0, 175, 182, 0, -1, NULL, NULL, '070', '2023-03-11 18:40:35'),
(27, 21938, 2, 182, 0, 182, 0, 0, 1, '2023-03-11 19:40:35', NULL, '050', '2023-03-11 18:47:53'),
(27, 21938, 3, 186, 4, 183, 186, 0, 1, '2023-03-11 19:47:52', NULL, '050', '2023-03-11 18:54:17'),
(27, 22643, 1, 68, 0, 65, 68, 0, 1, NULL, NULL, '050', '2023-03-11 18:15:00'),
(27, 22643, 2, 71, 3, 69, 71, 0, 1, '2023-03-11 19:14:59', NULL, '050', '2023-03-11 18:23:14'),
(27, 22643, 3, 73, 2, 72, 73, 0, 1, '2023-03-11 19:23:13', NULL, '050', '2023-03-11 18:30:13'),
(27, 23171, 1, 108, 0, 108, 0, 0, 1, NULL, NULL, '050', '2023-03-11 18:17:28'),
(27, 23171, 2, 112, 4, 109, 112, 0, 1, '2023-03-11 19:17:27', NULL, '050', '2023-03-11 18:25:25'),
(27, 23171, 3, 116, 4, 113, 116, 0, 1, '2023-03-11 19:25:24', NULL, '050', '2023-03-11 18:32:50'),
(27, 23832, 1, 130, 0, 130, 0, 0, -1, NULL, NULL, '070', '2023-03-11 18:20:35'),
(27, 23832, 2, 130, 0, 130, 0, 0, -1, '2023-03-11 19:20:34', NULL, '070', '2023-03-11 18:28:39'),
(27, 23832, 3, 130, 0, 130, 0, 0, 1, '2023-03-11 19:28:38', NULL, '050', '2023-03-11 18:35:49'),
(28, 102, 1, 93, 0, 85, 90, 93, 1, NULL, NULL, '050', '2023-05-20 10:34:03'),
(28, 102, 2, 98, 5, 94, 98, 0, 1, '2023-05-20 14:34:02', NULL, '050', '2023-05-20 10:37:51'),
(28, 102, 3, 101, 3, 99, 101, 0, 1, '2023-05-20 14:37:51', NULL, '050', '2023-05-20 10:42:15'),
(28, 103, 1, 80, 0, 80, 0, 0, 1, NULL, NULL, '050', '2023-05-20 10:22:14'),
(28, 103, 2, 84, 4, 81, 84, 0, 1, '2023-05-20 14:22:13', NULL, '050', '2023-05-20 10:26:28'),
(28, 103, 3, 87, 3, 85, 87, 0, 1, '2023-05-20 14:26:27', NULL, '050', '2023-05-20 10:31:14'),
(28, 209, 1, 67, 0, 65, 67, 0, 1, NULL, NULL, '050', '2023-05-20 10:10:32'),
(28, 209, 2, 71, 4, 68, 71, 0, 1, '2023-05-20 14:10:31', NULL, '050', '2023-05-20 10:15:14'),
(28, 209, 3, 74, 3, 72, 74, 0, 1, '2023-05-20 14:15:13', NULL, '050', '2023-05-20 10:17:43'),
(28, 307, 1, 72, 0, 72, 0, 0, 1, NULL, NULL, '050', '2023-05-20 10:16:17'),
(28, 307, 2, 76, 4, 73, 76, 0, 1, '2023-05-20 14:16:16', NULL, '050', '2023-05-20 10:20:02'),
(28, 307, 3, 80, 4, 77, 80, 0, -1, '2023-05-20 14:20:02', NULL, '070', '2023-05-20 10:24:26'),
(28, 308, 1, 90, 0, 82, 88, 90, 1, NULL, NULL, '050', '2023-05-20 10:32:25'),
(28, 308, 2, 95, 5, 91, 94, 95, 1, '2023-05-20 14:32:24', NULL, '050', '2023-05-20 10:36:10'),
(28, 308, 3, 100, 5, 96, 98, 100, 1, '2023-05-20 14:36:10', NULL, '050', '2023-05-20 10:40:47'),
(28, 606, 1, 100, 0, 95, 100, 0, 1, NULL, NULL, '050', '2023-05-20 10:39:32'),
(28, 606, 2, 105, 5, 101, 105, 0, 1, '2023-05-20 14:39:31', NULL, '050', '2023-05-20 10:43:43'),
(28, 606, 3, 108, 3, 106, 108, 0, -1, '2023-05-20 14:43:42', NULL, '070', '2023-05-20 10:46:41'),
(28, 608, 1, 65, 0, 65, 0, 0, 1, NULL, NULL, '050', '2023-05-20 10:09:25'),
(28, 608, 2, 68, 3, 66, 68, 0, -1, '2023-05-20 14:09:25', NULL, '070', '2023-05-20 10:11:49'),
(28, 608, 3, 68, 0, 68, 0, 0, -1, '2023-05-20 14:11:49', NULL, '070', '2023-05-20 10:14:02'),
(28, 11943, 1, 175, 0, 160, 165, 175, 1, NULL, NULL, '050', '2023-05-20 14:22:04'),
(28, 11943, 2, 183, 8, 176, 180, 183, 1, '2023-05-20 18:22:04', NULL, '050', '2023-05-20 14:26:59'),
(28, 11943, 3, 186, 3, 184, 186, 0, 1, '2023-05-20 18:26:58', NULL, '050', '2023-05-20 14:31:26'),
(28, 100019, 1, 105, 0, 100, 105, 0, 1, NULL, NULL, '050', '2023-05-20 13:25:00'),
(28, 100019, 2, 110, 5, 106, 110, 0, 1, '2023-05-20 17:24:59', NULL, '050', '2023-05-20 13:33:20'),
(28, 100019, 3, 112, 2, 111, 112, 0, 1, '2023-05-20 17:33:19', NULL, '050', '2023-05-20 13:36:18'),
(28, 100032, 1, 110, 0, 110, 0, 0, 1, NULL, NULL, '050', '2023-05-20 13:32:05'),
(28, 100032, 2, 117, 7, 111, 115, 117, 1, '2023-05-20 17:32:04', NULL, '050', '2023-05-20 13:41:10'),
(28, 100032, 3, 121, 4, 118, 121, 0, 1, '2023-05-20 17:41:10', NULL, '050', '2023-05-20 13:45:00'),
(28, 100037, 1, 100, 0, 95, 100, 0, 1, NULL, NULL, '050', '2023-05-20 13:23:06'),
(28, 100037, 2, 105, 5, 101, 105, 0, 1, '2023-05-20 17:23:05', NULL, '050', '2023-05-20 13:27:37'),
(28, 100037, 3, 110, 5, 106, 110, 0, -1, '2023-05-20 17:27:36', NULL, '070', '2023-05-20 13:34:43'),
(28, 100038, 1, 90, 0, 80, 90, 0, 1, NULL, NULL, '050', '2023-05-20 13:13:54'),
(28, 100038, 2, 95, 5, 91, 93, 95, -1, '2023-05-20 17:13:53', NULL, '070', '2023-05-20 13:18:09'),
(28, 100038, 3, 95, 0, 95, 0, 0, 1, '2023-05-20 17:18:08', NULL, '050', '2023-05-20 13:20:02'),
(28, 100039, 1, 128, 0, 120, 128, 0, -1, NULL, NULL, '070', '2023-05-20 13:51:42'),
(28, 100039, 2, 128, 0, 128, 0, 0, 1, '2023-05-20 17:51:41', NULL, '050', '2023-05-20 13:54:27'),
(28, 100039, 3, 132, 4, 129, 132, 0, 1, '2023-05-20 17:54:26', NULL, '050', '2023-05-20 13:57:51'),
(28, 100040, 1, 155, 0, 150, 155, 0, 1, NULL, NULL, '050', '2023-05-20 14:05:54'),
(28, 100040, 2, 160, 5, 156, 160, 0, -1, '2023-05-20 18:05:53', NULL, '070', '2023-05-20 14:09:53'),
(28, 100040, 3, 160, 0, 160, 0, 0, -1, '2023-05-20 18:09:53', NULL, '070', '2023-05-20 14:12:01'),
(28, 100041, 1, 155, 0, 140, 155, 0, -1, NULL, NULL, '070', '2023-05-20 14:03:51'),
(28, 100041, 2, 160, 5, 155, 160, 0, 1, '2023-05-20 18:03:50', NULL, '050', '2023-05-20 14:07:38'),
(28, 100041, 3, 165, 5, 161, 165, 0, 1, '2023-05-20 18:07:37', NULL, '050', '2023-05-20 14:16:09'),
(28, 100043, 1, 80, 0, 80, 0, 0, 1, NULL, NULL, '050', '2023-05-20 10:21:19'),
(28, 100043, 2, 83, 3, 81, 82, 83, 1, '2023-05-20 14:21:19', NULL, '050', '2023-05-20 10:25:23'),
(28, 100043, 3, 86, 3, 84, 86, 0, 1, '2023-05-20 14:25:23', NULL, '050', '2023-05-20 10:29:14'),
(28, 100052, 1, 57, 0, 57, 0, 0, 1, NULL, NULL, '050', '2023-05-20 10:03:24'),
(28, 100052, 2, 60, 3, 58, 60, 0, 1, '2023-05-20 14:03:23', NULL, '050', '2023-05-20 10:05:40'),
(28, 100052, 3, 63, 3, 61, 63, 0, 1, '2023-05-20 14:05:39', NULL, '050', '2023-05-20 10:07:54'),
(28, 100053, 1, 75, 0, 75, 0, 0, 1, NULL, NULL, '050', '2023-05-20 10:19:01'),
(28, 100053, 2, 80, 5, 76, 80, 0, 1, '2023-05-20 14:19:00', NULL, '050', '2023-05-20 10:23:24'),
(28, 100053, 3, 85, 5, 81, 85, 0, -1, '2023-05-20 14:23:23', NULL, '070', '2023-05-20 10:27:49'),
(28, 100054, 1, 130, 0, 125, 130, 0, 1, NULL, NULL, '050', '2023-05-20 10:48:02'),
(28, 100054, 2, 135, 5, 131, 135, 0, -1, '2023-05-20 14:48:01', NULL, '070', '2023-05-20 10:50:34'),
(28, 100054, 3, 135, 0, 135, 0, 0, -1, '2023-05-20 14:50:34', NULL, '070', '2023-05-20 10:52:45'),
(28, 100055, 1, 75, 0, 67, 75, 0, 1, NULL, NULL, '050', '2023-05-20 13:05:23'),
(28, 100055, 2, 80, 5, 76, 79, 80, 1, '2023-05-20 17:05:22', NULL, '050', '2023-05-20 13:09:00'),
(28, 100055, 3, 83, 3, 81, 83, 0, 1, '2023-05-20 17:08:59', NULL, '050', '2023-05-20 13:12:24'),
(28, 100056, 1, 100, 0, 90, 100, 0, 1, NULL, NULL, '050', '2023-05-20 13:21:32'),
(28, 100056, 2, 105, 5, 101, 105, 0, -1, '2023-05-20 17:21:31', NULL, '070', '2023-05-20 13:26:20'),
(28, 100056, 3, 107, 2, 105, 107, 0, -1, '2023-05-20 17:26:19', NULL, '070', '2023-05-20 13:29:30'),
(28, 100057, 1, 110, 0, 107, 110, 0, 1, NULL, NULL, '050', '2023-05-20 13:30:44'),
(28, 100057, 2, 114, 4, 111, 114, 0, 1, '2023-05-20 17:30:43', NULL, '050', '2023-05-20 13:37:20'),
(28, 100057, 3, 118, 4, 115, 118, 0, 1, '2023-05-20 17:37:19', NULL, '050', '2023-05-20 13:42:24'),
(28, 100058, 1, 115, 0, 115, 0, 0, 1, NULL, NULL, '050', '2023-05-20 13:39:57'),
(28, 100058, 2, 122, 7, 116, 122, 0, 1, '2023-05-20 17:39:56', NULL, '050', '2023-05-20 13:46:19'),
(28, 100058, 3, 127, 5, 123, 127, 0, 1, '2023-05-20 17:46:18', NULL, '050', '2023-05-20 13:50:01'),
(28, 100059, 1, 155, 0, 150, 155, 0, 1, NULL, NULL, '050', '2023-05-20 14:04:39'),
(28, 100059, 2, 160, 5, 156, 160, 0, 1, '2023-05-20 18:04:38', NULL, '050', '2023-05-20 14:08:35'),
(28, 100059, 3, 165, 5, 161, 165, 0, -1, '2023-05-20 18:08:34', NULL, '070', '2023-05-20 14:16:59'),
(28, 100060, 1, 165, 0, 160, 165, 0, 1, NULL, NULL, '050', '2023-05-20 14:13:43'),
(28, 100060, 2, 170, 5, 166, 170, 0, 1, '2023-05-20 18:13:43', NULL, '050', '2023-05-20 14:18:23'),
(28, 100060, 3, 175, 5, 171, 175, 0, 1, '2023-05-20 18:18:23', NULL, '050', '2023-05-20 14:22:59'),
(28, 100061, 1, 131, 0, 110, 131, 0, 1, NULL, NULL, '050', '2023-05-20 13:56:01'),
(28, 100061, 2, 136, 5, 132, 136, 0, 1, '2023-05-20 17:56:01', NULL, '050', '2023-05-20 13:59:01'),
(28, 100061, 3, 140, 4, 137, 139, 140, 1, '2023-05-20 17:59:00', NULL, '050', '2023-05-20 14:02:35'),
(28, 100062, 1, 165, 0, 155, 165, 0, 1, NULL, NULL, '050', '2023-05-20 14:15:01'),
(28, 100062, 2, 171, 6, 166, 171, 0, 1, '2023-05-20 18:15:00', NULL, '050', '2023-05-20 14:19:50'),
(28, 100062, 3, 176, 5, 172, 176, 0, 1, '2023-05-20 18:19:49', NULL, '050', '2023-05-20 14:24:41'),
(28, 100064, 1, 115, 0, 105, 110, 115, 1, NULL, NULL, '050', '2023-05-20 13:38:52'),
(28, 100064, 2, 121, 6, 116, 118, 121, 1, '2023-05-20 17:38:51', NULL, '050', '2023-05-20 13:43:48'),
(28, 100064, 3, 126, 5, 122, 124, 126, 1, '2023-05-20 17:43:47', NULL, '050', '2023-05-20 13:48:48'),
(29, 8503, 1, 105, 0, 105, 0, 0, NULL, NULL, NULL, NULL, '2023-08-29 08:01:04'),
(29, 8503, 2, 106, 1, 0, 0, 0, NULL, NULL, NULL, NULL, '2023-08-29 08:01:04'),
(29, 8503, 3, 107, 1, 0, 0, 0, NULL, NULL, NULL, NULL, '2023-08-29 08:01:04'),
(29, 12206, 1, 110, 0, 110, 0, 0, NULL, NULL, NULL, NULL, '2023-08-29 08:01:04'),
(29, 12206, 2, 111, 1, 0, 0, 0, NULL, NULL, NULL, NULL, '2023-08-29 08:01:04'),
(29, 12206, 3, 112, 1, 0, 0, 0, NULL, NULL, NULL, NULL, '2023-08-29 08:01:04'),
(29, 100064, 1, 113, 0, 113, 0, 0, NULL, NULL, NULL, NULL, '2023-08-29 08:01:04'),
(29, 100064, 2, 114, 1, 0, 0, 0, NULL, NULL, NULL, NULL, '2023-08-29 08:01:04'),
(29, 100064, 3, 115, 1, 0, 0, 0, NULL, NULL, NULL, NULL, '2023-08-29 08:01:04'),
(29, 100065, 1, 105, 0, 105, 0, 0, NULL, NULL, NULL, NULL, '2023-08-29 08:01:04'),
(29, 100065, 2, 106, 1, 0, 0, 0, NULL, NULL, NULL, NULL, '2023-08-29 08:01:04'),
(29, 100065, 3, 107, 1, 0, 0, 0, NULL, NULL, NULL, NULL, '2023-08-29 08:01:04'),
(29, 100066, 1, 100, 0, 100, 0, 0, NULL, NULL, NULL, NULL, '2023-08-29 08:01:04'),
(29, 100066, 2, 101, 1, 0, 0, 0, NULL, NULL, NULL, NULL, '2023-08-29 08:01:04'),
(29, 100066, 3, 102, 1, 0, 0, 0, NULL, NULL, NULL, NULL, '2023-08-29 08:01:04'),
(29, 100067, 1, 105, 0, 105, 0, 0, NULL, NULL, NULL, NULL, '2023-08-29 08:01:04'),
(29, 100067, 2, 106, 1, 0, 0, 0, NULL, NULL, NULL, NULL, '2023-08-29 08:01:04'),
(29, 100067, 3, 107, 1, 0, 0, 0, NULL, NULL, NULL, NULL, '2023-08-29 08:01:04'),
(29, 100069, 1, 170, 0, 170, 0, 0, NULL, NULL, NULL, NULL, '2023-08-29 08:01:04'),
(29, 100069, 2, 171, 1, 0, 0, 0, NULL, NULL, NULL, NULL, '2023-08-29 08:01:04'),
(29, 100069, 3, 172, 1, 0, 0, 0, NULL, NULL, NULL, NULL, '2023-08-29 08:01:04'),
(29, 100070, 1, 90, 0, 90, 0, 0, 1, NULL, NULL, '000', '2023-08-29 10:09:16'),
(29, 100070, 2, 91, 1, 0, 0, 0, NULL, NULL, NULL, NULL, '2023-08-29 08:01:04'),
(29, 100070, 3, 92, 1, 0, 0, 0, NULL, NULL, NULL, NULL, '2023-08-29 08:01:04'),
(29, 100071, 1, 80, 0, 80, 0, 0, 1, NULL, NULL, '000', '2023-08-29 10:21:21'),
(29, 100071, 2, 81, 1, 0, 0, 0, NULL, NULL, NULL, NULL, '2023-08-29 08:01:04'),
(29, 100071, 3, 82, 1, 0, 0, 0, NULL, NULL, NULL, NULL, '2023-08-29 08:01:04'),
(29, 100072, 1, 93, 0, 93, 0, 0, 1, NULL, NULL, '555', '2023-08-29 10:23:59'),
(29, 100072, 2, 94, 1, 0, 0, 0, NULL, NULL, NULL, NULL, '2023-08-29 08:01:04'),
(29, 100072, 3, 95, 1, 0, 0, 0, NULL, NULL, NULL, NULL, '2023-08-29 08:01:04'),
(29, 100073, 1, 105, 0, 105, 0, 0, NULL, NULL, NULL, NULL, '2023-08-29 08:01:04'),
(29, 100073, 2, 106, 1, 0, 0, 0, NULL, NULL, NULL, NULL, '2023-08-29 08:01:04'),
(29, 100073, 3, 107, 1, 0, 0, 0, NULL, NULL, NULL, NULL, '2023-08-29 08:01:04'),
(29, 100074, 1, 140, 0, 140, 0, 0, NULL, NULL, NULL, NULL, '2023-08-29 08:01:04'),
(29, 100074, 2, 141, 1, 0, 0, 0, NULL, NULL, NULL, NULL, '2023-08-29 08:01:04'),
(29, 100074, 3, 142, 1, 0, 0, 0, NULL, NULL, NULL, NULL, '2023-08-29 08:01:04'),
(30, 200018, 1, 50, 0, 50, 0, 0, 1, NULL, NULL, '000', '2023-08-30 22:22:46'),
(30, 200018, 2, 51, 1, 0, 0, 0, NULL, NULL, NULL, NULL, '2023-08-30 22:10:34'),
(30, 200018, 3, 52, 1, 0, 0, 0, NULL, NULL, NULL, NULL, '2023-08-30 22:10:34'),
(30, 200019, 1, 71, 0, 71, 0, 0, 1, NULL, NULL, '000', '2023-08-31 06:47:08'),
(30, 200019, 2, 72, 1, 0, 0, 0, NULL, NULL, NULL, NULL, '2023-08-30 22:10:34'),
(30, 200019, 3, 73, 1, 0, 0, 0, NULL, NULL, NULL, NULL, '2023-08-30 22:10:34'),
(30, 200033, 1, 72, 0, 72, 0, 0, 1, NULL, NULL, '000', '2023-08-31 06:47:15'),
(30, 200033, 2, 73, 1, 0, 0, 0, NULL, NULL, NULL, NULL, '2023-08-30 22:10:34'),
(30, 200033, 3, 74, 1, 0, 0, 0, NULL, NULL, NULL, NULL, '2023-08-30 22:10:34'),
(30, 200044, 1, 74, 0, 74, 0, 0, 1, NULL, NULL, '000', '2023-08-31 06:47:24'),
(30, 200044, 2, 75, 1, 0, 0, 0, NULL, NULL, NULL, NULL, '2023-08-30 22:10:34'),
(30, 200044, 3, 76, 1, 0, 0, 0, NULL, NULL, NULL, NULL, '2023-08-30 22:10:34'),
(30, 200064, 1, 65, 0, 65, 0, 0, 1, NULL, NULL, '000', '2023-08-31 06:47:00'),
(30, 200064, 2, 66, 1, 0, 0, 0, NULL, NULL, NULL, NULL, '2023-08-30 22:10:34'),
(30, 200064, 3, 67, 1, 0, 0, 0, NULL, NULL, NULL, NULL, '2023-08-30 22:10:34'),
(30, 200066, 1, 71, 0, 71, 0, 0, 1, NULL, NULL, '000', '2023-08-31 06:47:04'),
(30, 200066, 2, 72, 1, 0, 0, 0, NULL, NULL, NULL, NULL, '2023-08-30 22:10:34'),
(30, 200066, 3, 73, 1, 0, 0, 0, NULL, NULL, NULL, NULL, '2023-08-30 22:10:34'),
(30, 200067, 1, 83, 0, 83, 0, 0, 1, NULL, NULL, '000', '2023-08-31 06:46:54'),
(30, 200067, 2, 84, 1, 0, 0, 0, NULL, NULL, NULL, NULL, '2023-08-30 22:10:34'),
(30, 200067, 3, 85, 1, 0, 0, 0, NULL, NULL, NULL, NULL, '2023-08-30 22:10:34'),
(30, 200069, 1, 91, 0, 91, 0, 0, 1, NULL, NULL, '000', '2023-08-31 06:47:20'),
(30, 200069, 2, 92, 1, 0, 0, 0, NULL, NULL, NULL, NULL, '2023-08-30 22:10:34'),
(30, 200069, 3, 93, 1, 0, 0, 0, NULL, NULL, NULL, NULL, '2023-08-30 22:10:34');

-- --------------------------------------------------------

--
-- Tabellenstruktur für Tabelle `teams`
--

CREATE TABLE `teams` (
  `idTeam` int(11) NOT NULL,
  `idVerein` int(11) NOT NULL
) ENGINE=InnoDB DEFAULT CHARSET=utf8 COLLATE=utf8_unicode_ci COMMENT='Index beginnt bei 10.000';

--
-- Daten für Tabelle `teams`
--

INSERT INTO `teams` (`idTeam`, `idVerein`) VALUES
(147, 14008),
(147, 14016),
(148, 14003),
(148, 14010),
(149, 1007),
(149, 1064);

-- --------------------------------------------------------

--
-- Tabellenstruktur für Tabelle `users`
--

CREATE TABLE `users` (
  `UserId` int(1) NOT NULL,
  `Bohle` int(1) NOT NULL,
  `Server` varchar(15) DEFAULT NULL,
  `Port` int(5) DEFAULT NULL
) ENGINE=InnoDB DEFAULT CHARSET=utf8;

--
-- Daten für Tabelle `users`
--

INSERT INTO `users` (`UserId`, `Bohle`, `Server`, `Port`) VALUES
(1, 1, '192.168.178.66', 8000);

-- --------------------------------------------------------

--
-- Tabellenstruktur für Tabelle `verein`
--

CREATE TABLE `verein` (
  `idVerein` int(11) NOT NULL,
  `Vereinsname` varchar(45) COLLATE utf8_unicode_ci NOT NULL,
  `Kurzname` varchar(25) COLLATE utf8_unicode_ci DEFAULT NULL,
  `Region` int(2) DEFAULT 0,
  `Staat` int(3) NOT NULL DEFAULT 0,
  `Adresse` varchar(50) COLLATE utf8_unicode_ci DEFAULT '',
  `PLZ` varchar(5) COLLATE utf8_unicode_ci DEFAULT '',
  `Ort` varchar(50) COLLATE utf8_unicode_ci DEFAULT '',
  `Team` tinyint(1) NOT NULL DEFAULT 0
) ENGINE=InnoDB DEFAULT CHARSET=utf8 COLLATE=utf8_unicode_ci;

--
-- Daten für Tabelle `verein`
--

INSERT INTO `verein` (`idVerein`, `Vereinsname`, `Kurzname`, `Region`, `Staat`, `Adresse`, `PLZ`, `Ort`, `Team`) VALUES
(0, '', NULL, 0, 0, '', '', '', 0),
(147, 'Athletenteam Vogtland', 'AT Vogtland', 14, 42, '', '', '', 1),
(148, 'Kampfgemeinschaft Görlitz-Zittau', 'KG Görlitz-Zittau', 14, 42, NULL, NULL, NULL, 1),
(1001, 'TSV 1946 Altenberg u. Umgebung e. V.', NULL, 9, 42, 'Blumenstraße 5', '91126', 'Kammerstein', 0),
(1002, 'SV Gold-Blau Augsburg e.V.', NULL, 9, 42, 'Unterer Talweg 100', '86179', 'Augsburg', 0),
(1005, 'TSG 1885 Augsburg  e. V.', NULL, 9, 42, 'Schillstraße 105-109', '86169', 'Augsburg', 0),
(1007, '1. Athletik-Club 1954 Bayreuth e.V.', NULL, 9, 42, 'Sickenreuther Str. 31', '95497', 'Goldkronach', 0),
(1008, 'TSV Burgau e. V.', NULL, 9, 42, 'An der Linde 3', '89364', 'Rettenbach', 0),
(1010, 'Kraftsportclub Attila Dachau e.V.', NULL, 9, 42, 'Glonnblick 7', '85258', 'Weichs', 0),
(1012, 'Eichenauer Sportverein e.V.', NULL, 9, 42, 'Hauptstraße 60', '82223', 'Eichenau', 0),
(1013, 'TSV 1862 Erding - Abt. Gewichtheben e. V.', NULL, 9, 42, 'Freisinger Straße 64', '85435', 'Erding', 0),
(1017, 'TSV Forstenried e. V.', NULL, 9, 42, 'Graubündenerstraße 100', '81475', 'München', 0),
(1025, 'SSV Höchstädt', NULL, 9, 42, 'Kirchgasse 2', '89420', 'Höchstädt', 0),
(1028, 'TSV Ingolstadt-Nord 1897/1913 e. V.', NULL, 9, 42, 'Fauststraße 29', '85051', 'Ingolstadt', 0),
(1030, 'Athletik-Club Kaufbeuren e. V.', NULL, 9, 42, 'Bleichanger 7', '87600', 'Kaufbeuren', 0),
(1032, 'Kraftsportverein 1894/96 Kitzingen e.V.', NULL, 9, 42, 'Im Tännig 36 B', '97320', 'Mainstockheim', 0),
(1033, 'SV - DJK  Kolbermoor e. V.', NULL, 9, 42, 'Willinger Str. 8', '83043', 'Bad Aibling', 0),
(1036, 'STC Bavaria 20 Landshut e. V.', NULL, 9, 42, 'Sandstr. 35 a', '84036', 'Landshut', 0),
(1037, 'Turngemeinde Landshut v. 1861 e. V.', NULL, 9, 42, 'Sandnerstraße 7', '84034', 'Landshut', 0),
(1040, 'ESV-Freimann München e.V.', NULL, 9, 42, 'Frankplatz 15', '80939', 'München', 0),
(1041, 'ESV München-Ost e.V.', NULL, 9, 42, 'Baumkirchner Straße 57', '81673', 'München', 0),
(1042, 'SC Armin München von 1893 e. V.', NULL, 9, 42, 'Max-von-Gruber-Str. 3', '80804', 'München', 0),
(1043, 'SC München von 1906 e. V.', NULL, 9, 42, 'St.-Martin-Str. 35 a', '81541', 'München', 0),
(1046, 'ESV München-Neuaubing e. V.', NULL, 9, 42, 'Papinstraße 22', '81249', 'München', 0),
(1048, 'ASV 1860 Neumarkt i.d.OPf. e. V.', NULL, 9, 42, 'Deininger Weg 78', '92318', 'Neumarkt', 0),
(1049, 'ASV 1897 Neu-Ulm e. V.', NULL, 9, 42, 'Hausenerstr. 32/2', '89233', 'Gerlenhofen/Neu-Ulm', 0),
(1053, 'Athletik-Sportverein 1893 Passau e.V.', NULL, 9, 42, 'Eckerichweg 1', '94136', 'Thyrnau', 0),
(1060, 'TuS Raubling e. V.', NULL, 9, 42, 'Buchenweg 3', '83126', 'Flintsbach', 0),
(1061, 'TSV Regen e.V.', NULL, 9, 42, 'V.d.k Str. 13', '94209', 'Regen', 0),
(1062, 'KSV Bavaria Regensburg e. V.', NULL, 9, 42, 'Albrecht-Altdorfer-Ring 24', '93083', 'Obertraubling', 0),
(1064, '1. AC Regensburg e.V.', NULL, 9, 42, 'Frobenius-Forster-Straße  1a', '93055', 'Regensburg', 0),
(1065, 'TB 03 Roding e. V.', NULL, 9, 42, 'Kaitersbergstr. 2', '93426', 'Roding', 0),
(1066, 'TSV Röthenbach eV', NULL, 9, 42, 'Bachstraße 12', '91233', 'Neunkirchen', 0),
(1067, 'TSV 1880 Schwandorf e. V.', NULL, 9, 42, 'Wackersdorfer-Str. 88', '92421', 'Schwandorf', 0),
(1069, 'Athleten - Club 82 Schweinfurt e. V.', NULL, 9, 42, 'Am Marienberg 22', '97490', 'Poppenhausen', 0),
(1070, 'AC Olympia Schrobenhausen v.1895', NULL, 9, 42, 'Katharinenweg 9b', '86529', 'Schrobenhausen', 0),
(1072, 'TSV Waldkirchen e. V.', NULL, 9, 42, 'Kirchensteig 11', '94065', 'Waldkirchen', 0),
(1073, '1. Athletenclub 1897 Weiden', NULL, 9, 42, 'Bonhoefferstrasse 1', '92708', 'Mantel', 0),
(1075, 'ASV 81 Würzburg e. V.', NULL, 9, 42, 'Mittlerer Katzenbergweg 15', '97084', 'Würzburg', 0),
(1096, 'Kraftmühle Würzburg e.V. ', NULL, 9, 42, 'Nürnbergerstraße 84', '97076', 'Würzburg', 0),
(1097, 'ASC Boxdorf', NULL, 9, 42, 'Boxdorfer Hauptstraße 37a', '90427', 'Nürnberg', 0),
(2001, 'TSG Backnang 1920 e. V.', NULL, 8, 42, 'Danziger Straße 24', '71522', 'Backnang', 0),
(2002, 'GV Donaueschingen e.V.', NULL, 8, 42, 'Postafch 1906', '78166', 'Donaueschingen', 0),
(2003, 'KSV 1896 Durlach e.V.', 'KSV Durlach', 8, 42, 'Lenzenhubweg 14', '76205', 'Karlsruhe', 0),
(2005, 'GV Eisenbach 1976 e.V.', NULL, 8, 42, 'Thomaweg 11', '79871', 'Eisenbach', 0),
(2006, 'Turnverein Feldrennach 1896 e. V.', NULL, 8, 42, 'Kirchstraße 12', '75334', 'Straubenhardt', 0),
(2007, 'SV Fellbach 1890 e. V.', NULL, 8, 42, 'Schillerstraße 8', '70734', 'Fellbach', 0),
(2008, 'Sportverein Flözlingen 1920 e. V.', NULL, 8, 42, 'Schellenwasen 9', '78667', 'Villingendorf', 0),
(2009, 'Athleten Club 1978 e.V. Forst', NULL, 8, 42, 'Paulusstr.16', '76694', 'Forst', 0),
(2012, 'KSV 1898 e.V. St. Georgen e. V.', NULL, 8, 42, 'Rossbergstraße 20', '78112', 'St. Georgen', 0),
(2014, 'SG Heidelberg-Kirchheim e. V.', NULL, 8, 42, 'Wörthstraße 1', '69115', 'Heidelberg', 0),
(2015, 'TSV Heinsheim e. V.', NULL, 8, 42, 'Neckarstraße 1', '74906', 'Bad Rappenau', 0),
(2016, 'AC Germania St. Ilgen e.V.', NULL, 8, 42, 'Wilhelm-Röntgen-Weg 1', '69181', 'Leimen', 0),
(2017, 'ASV 1901 Ladenburg e.V.', NULL, 8, 42, 'Hinterer Rindweg 125', '68526', 'Ladenburg', 0),
(2018, 'SV 08 Laufenburg e. V. Abt.Gewichtheben', NULL, 8, 42, 'Langmattstraße 32', '79730', 'Murg', 0),
(2019, 'KSV Lörrach 1902 e. V.', NULL, 8, 42, 'Materaweg 16', '79576', 'Weil am Rhein', 0),
(2020, 'SV Magstadt 1897 e. V.', NULL, 8, 42, 'Zeilweg 15/1', '71106', 'Magstadt', 0),
(2021, 'KSV 1884 Mannheim e.V.', NULL, 8, 42, 'Theodor-Heuss-Anlage 17', '68165', 'Mannheim', 0),
(2025, 'TV 1884 Neckarau e. V.', NULL, 8, 42, 'Luisenstraße 41', '68199', 'Mannheim', 0),
(2027, 'TV 1877 Waldhof-Mannheim e.V. ', NULL, 8, 42, 'Deutsche Gasse, 6a', '68307', 'Mannheim', 0),
(2028, 'TV Mengen 1863 e. V.', NULL, 8, 42, 'Hinterdorfstraße 13', '88512', 'Mengen', 0),
(2030, 'AC 1894 e.V. Neulußheim e.V.', NULL, 8, 42, 'Goethestraße 65', '68804', 'Altlußheim', 0),
(2031, 'SGV Böbingen 1920 e. V.', NULL, 8, 42, 'Bucher Straße 17', '73560', 'Böbingen', 0),
(2032, 'KSV Germania Offenburg 1891 e. V.', NULL, 8, 42, 'C.-Robert-Dold-Str. 1', '77654', 'Offenburg', 0),
(2033, 'SV Germania Obrigheim e. V.', 'SV Obrigheim', 8, 42, 'Im Valtert 37', '74847', 'Obrigheim', 0),
(2034, 'Sportclub Pforzheim e. V.', NULL, 8, 42, 'Markgrafenstr. 19b', '75177', 'Pforzheim', 0),
(2035, 'Hebergemeinschaft Rastatt 1972 e. V.', NULL, 8, 42, 'Hansjakobstrasse 25', '76437', 'Rastatt', 0),
(2036, 'TSV Rettigheim 1902 e.V.', NULL, 8, 42, 'Kraichgauweg, 34', '69234', 'Dielheim', 0),
(2038, 'VfL Sindelfingen e. V.', NULL, 8, 42, 'Pfarrwiesen Allee 5 ', '71067', 'Sindelfingen', 0),
(2041, 'ASV 1897 Tuttlingen e.V.', NULL, 8, 42, 'Bischofszellerstr. 3', '78532', 'Tuttlingen', 0),
(2045, 'Athletik Club 1892 Weinheim e. V.', NULL, 8, 42, 'Waidallee 8', '69469', 'Weinheim', 0),
(2046, 'TV Schwäbisch Gmünd-Wetzgau 1920 e. V.', NULL, 8, 42, 'Asternweg 3', '73527', 'Schwäbisch Gmünd', 0),
(2047, 'Turn- und Sportverein Freiheit  e.V. Hert', 'TSV Hert', 8, 42, 'Postfach 4034', '79611', 'Rheinfelden', 0),
(2048, 'Kraft-Werk Schwarzach e.V.', NULL, 8, 42, 'Tonwerkstraße 1', '74869', 'Schwarzach', 0),
(2049, 'Turnverein Eintracht Diersburg e. V.', NULL, 8, 42, 'Ölerstraße 28', '77749', 'Hohberg', 0),
(2050, 'Sportverein Freiburg-Haslach 1895 e.V. ', NULL, 8, 42, 'Bauhöferstrasse 73', '79115', 'Freiburg im Breisgau', 0),
(2051, 'Turnverein Ettenheim e.V.', NULL, 8, 42, 'Im Pfaffenbach 5', '77955', 'Ettenheim', 0),
(3001, 'Athletik Club Heros Berlin e.V.', NULL, 11, 42, 'Karlsbader Straße 9', '14193', 'Berlin', 0),
(3009, 'SV Empor Berlin e. V.', NULL, 11, 42, 'Cantianstr. 24', '10437', 'Berlin', 0),
(3010, 'SG Anton Saefkow 83', NULL, 11, 42, 'Alfred-Jung-Straße 18', '10369', 'Berlin', 0),
(3011, 'SV Blau-Gelb Berlin e. V.', NULL, 11, 42, 'Paul-Junius-Strasse 31', '10369', 'Berlin', 0),
(3013, 'Berliner Turn- und Sportclub e.V.', NULL, 11, 42, 'Paul-Heyse-Straße 25', '10407', 'Berlin', 0),
(4001, 'Freie Turner Blumenthal e.V. zHd Werner Kucht', NULL, 4, 42, 'Auf der Ahnte 6', '28779', 'Bremen', 0),
(5001, 'BKSV Hamburg e.V.', NULL, 2, 42, 'Osterbekstraße 96', '22083', 'Hamburg', 0),
(5002, 'Sportklub Hansa Germania von 1881 Hamburg e. ', NULL, 2, 42, 'Solferinostraße 55', '22417', 'Hamburg', 0),
(5006, 'Athletenclub Hamburg e.V.', NULL, 2, 42, 'Osterbekstraße 96', '22083', 'Hamburg', 0),
(5007, 'Scoop e.V. ', NULL, 2, 42, 'Schlankreye 63', '20144', 'Hamburg', 0),
(5008, 'Athletik Hamburg e.V', NULL, 2, 42, 'Stubbenhof 16', '21147', 'Hamburg', 0),
(6002, 'AC Germania Aschaffenburg-Schweinheim', NULL, 9, 42, 'Rat-Scholz Straße 4', '63768', 'Hösbach', 0),
(6003, 'GSV Eintracht Baunatal e.V.', NULL, 6, 42, 'Stettiner Straße 4', '34225', 'Baunatal', 0),
(6007, 'Turnverein 1898 e.V. Elz - Abtl. Gewichtheben', NULL, 6, 42, 'Siemensstraße 28', '65549', 'Limburg', 0),
(6009, 'PSV Blau Gelb Fulda 1934/61 e. V.', NULL, 6, 42, 'Hermann-Kirchhoff-Weg 4', '36093', 'Künzell', 0),
(6011, 'AV Groß-Zimmern', NULL, 6, 42, 'Johannes-Ohl-Straße 8', '64846', 'Groß-Zimmern', 0),
(6012, 'TV Heppenheim e. V.', NULL, 6, 42, 'Siegfriedstraße 345', '64646', 'Heppenheim', 0),
(6013, 'SAV Kassel 1993 e. V.', NULL, 6, 42, 'Rengershäuser Str. 26', '34132', 'Kassel', 0),
(6015, 'KSV 1959 Langen e.V.', NULL, 6, 42, 'Zimmerstraße 1.', '63225', 'Langen', 0),
(6018, 'FTG 1900 Pfungstadt e. V. Abt. Gewichtheben', NULL, 6, 42, 'Weserstraße 5', '64319', 'Pfungstadt', 0),
(6021, 'SV Athletia Wiesbaden 1892 ', NULL, 6, 42, 'Unter den Buchen 6', '65817', 'Eppstein', 0),
(6022, 'ASC 1906 Zeilsheim e.V.', NULL, 6, 42, 'Blauwiesenweg 95', '60439', 'Frankfurt am Main', 0),
(6048, 'Armwrestling Club Over the Top Hanau e.V.', NULL, 6, 42, 'Birkenstraße 40', '63549', 'Ronneburg', 0),
(7002, 'V.f.V. Braunschweig von 1898 e. V.', NULL, 3, 42, 'Güldenkamp 42A', '38108', 'Braunschweig', 0),
(7005, 'VfK Hannover v. 1903 e.V.', NULL, 3, 42, 'Hildesheimer Straße 105 ', '30173', 'Hannover', 0),
(7006, 'SC Lüchow v. 1861 e. V.', NULL, 3, 42, 'Schulweg 4', '29439', 'Lüchow', 0),
(7007, 'Vater Jahn Peine', NULL, 3, 42, 'Hollandsmühle 4', '31226', 'Peine', 0),
(7009, 'TSV Schwalbe Tündern v. 1911 e. V.', NULL, 3, 42, 'Gretchenbrink 16', '31789', 'Hameln', 0),
(7011, 'AV Eiche 09 Wolfenbüttel e. V.', NULL, 3, 42, 'Alter Winkel 5a  ', '38300', 'Wolfenbüttel', 0),
(7012, 'VfL Wolfsburg e. V.', NULL, 3, 42, 'Elsterweg 5', '38446', 'Wolfsburg', 0),
(7021, 'Todtglüsinger Sportverein v. 1930 e.V.', NULL, 3, 42, 'Tostedter Straße 20', '21255', 'Todtglüsingen', 0),
(7034, 'SV Quitt Ankum 1919 e.V.', NULL, 3, 42, 'Postfach 1102', '49572', 'Ankum', 0),
(7039, 'Sportvereinigung Gifhorn von 1912 e.V.', NULL, 3, 42, 'Wegenerring 26', '38524', 'Sassenburg', 0),
(7040, 'BSC Kenpokan e.V.', NULL, 3, 42, 'Jathostraße 11', '30163', 'Hannover', 0),
(7041, 'Turn-Club Hameln von 1880 e.V. ', NULL, 3, 42, 'Rennacker 2', '31787', 'Hameln', 0),
(7829, 'FUNCTIONAL GYM Augsburg e.V. ', NULL, 9, 42, 'Partnachweg 1', '86165', 'Augsburg', 0),
(8001, 'Bielefelder TG v. 1848 e.V.', NULL, 5, 42, 'Am Brodhagen 54', '33613', 'Bielefeld', 0),
(8006, 'KSV Bochum 1898 e.V. c/o Philipp Steinke', NULL, 5, 42, 'Korbstück, 16', '44894', 'Bochum', 0),
(8008, 'SuS Dortmund Derne e. V.', NULL, 5, 42, 'Flughafenstraße 622', '44329', 'Dortmund', 0),
(8009, 'VfL Duisburg-Süd 1920 e.V.', NULL, 5, 42, 'Am Förkelsgraben 55', '47259', 'Duisburg', 0),
(8013, 'KSV 1920 Essen-Borbeck e.V.', NULL, 5, 42, 'Hugo-Knippen-Straße 3', '45357', 'Essen', 0),
(8014, 'DJK Sportfreunde Katernberg 13/19 e. V.', NULL, 5, 42, 'Husemannweg 4', '45327', 'Essen', 0),
(8015, 'Kraftsportverein Essen 1888 e.V.', NULL, 5, 42, 'Am Kringel 15', '45277', 'Essen', 0),
(8019, 'Athletik-Sport-Verein ADLER  e.V.', NULL, 5, 42, 'Radmacherstr. 3', '47574', 'Goch', 0),
(8020, 'Johannes Sarasa  / SSV  Hagen Gewichtheben e.', NULL, 5, 42, 'Ährenstr. 35', '58135', 'Hagen', 0),
(8021, 'AC Homberg 70 e.V. ', NULL, 5, 42, 'Dresdener-Ring  24', '47441', 'Moers', 0),
(8022, 'KSV Eiserfeld e.V.', NULL, 5, 42, 'Freiengründerstraße 52', '57080', 'Siegen', 0),
(8024, 'Kölner-Athleten-Club 1882 e. V. ', NULL, 5, 42, 'Schanzenstraße 6-20  (Spulenfabrik)', '51069', 'Köln', 0),
(8026, 'AC Goliath Mengede e.V.', NULL, 5, 42, 'Adalmundstraße 23', '44359', 'Dortmund', 0),
(8027, 'KSV Moers 1899 e.V.', NULL, 5, 42, 'Bonifatiusstraße 1', '47441', 'Moers', 0),
(8030, 'TV Rhede 1925 e. V.', NULL, 5, 42, 'Heidewg 29', '46414', 'Rhede', 0),
(8031, 'TV Jahn von 1879 e. V. Siegen', NULL, 5, 42, 'Diemstraße 12', '57072', 'Siegen', 0),
(8033, 'SV 14/19 Westerholt e. V.', NULL, 5, 42, 'Flachsstraße 1a', '45896', 'Gelsenkirchen', 0),
(8035, 'SV Bayer Wuppertal e. V.', NULL, 5, 42, 'Paul-Kottsieper-Str. 30', '42899', 'Remscheid', 0),
(8036, 'KSV 1896 Wuppertal e.V.', NULL, 5, 42, 'Wettinerstraße 76', '42287', 'Wuppertal', 0),
(8037, 'Turnverein Eichen v. 1888 e.V.', NULL, 5, 42, 'Jahnstraße 11', '57223', 'Kreuztal', 0),
(8050, 'ATSV Espelkamp', NULL, 5, 42, 'Bultweg 6', '32369', 'Rahden', 0),
(8053, 'TV Röhlinghausen 1883 e. V.', NULL, 5, 42, 'Am Bollwerk 17', '44651', 'Herne', 0),
(8057, 'Athletic-Sport-Club Stemwede e.V.', NULL, 5, 42, 'Dielinger Str.33', '32351', 'Stemwede', 0),
(8063, 'Kraftsportverein Helios Simpelveld ', NULL, NULL, 130, 'Hoefblad 9      ( Postadresse )', '6418 ', 'Heerlen', 0),
(8067, 'Jugger Münster e.V.', NULL, 5, 42, 'Von-Esmarch-Straße 10', '48149', 'Münster', 0),
(8068, 'Jugger Wuppertal e.V.', NULL, 5, 42, 'Opphoferstraße 64', '42107', 'Wuppertal', 0),
(8069, '1. Jugger-Club Hagen', NULL, 5, 42, 'Lennestr. 63a', '58093', 'Hagen', 0),
(8070, 'Athletik Club Bochum e.V.', NULL, 5, 42, 'Harpener Heide 5', '44805', 'Bochum', 0),
(8071, 'Gewichtheberverein CF Lüdenscheid', NULL, 5, 42, 'Europa-Allee 50', '58515', 'Lüdenscheid', 0),
(9001, 'Athleten-Club 1923 Altrip e.V.', 'AC Altrip', 7, 42, 'Ludwigsplatz 9', '67122', 'Altrip', 0),
(9002, 'KSV Grünstadt e. V.', 'KSV Grünstadt', 7, 42, 'Neugasse 17 A', '67269', 'Grünstadt', 0),
(9003, 'TSG Haßloch e. V.', 'TSG Haßloch', 7, 42, 'Ahornweg 14', '67454', 'Haßloch', 0),
(9004, 'TSG 1861 Kaiserslautern e. V.', 'TSG Kaiserslautern', 7, 42, 'Hermann-Löns-Straße 25', '67663', 'Kaiserslautern', 0),
(9005, 'Athletik-Club 1972 e.V. Kindsbach e. V.', 'AC Kindsbach', 7, 42, 'Hirtenpfad 27', '66862', 'Kindsbach', 0),
(9006, 'Kraftsportverein 1895 Mundenheim e. V.', NULL, 7, 42, 'Wasgaustraße 24', '67065', 'Ludwigshafen', 0),
(9007, 'Athleten-Club 1892 Mutterstadt e.V.', 'AC Mutterstadt', 7, 42, 'Waldstraße 63', '67112', 'Mutterstadt', 0),
(9009, 'VfL Rodalben e. V.', NULL, 7, 42, 'Fritz-Claus-Ring 15a', '66976', 'Rodalben', 0),
(9010, 'Athletenverein 1903 e.V. Speyer', 'AV Speyer', 7, 42, 'Raiffeisenstr. 14', '67346', 'Speyer', 0),
(9013, 'Kraft-Sport-Club 07 Schifferstadt e.V.', 'KSC Schifferstadt', 7, 42, 'Albert-Einstein Allee 13b', '67117', 'Limburgerhof', 0),
(9014, 'Kylltalheber Ehrang 1973 e. V.', 'KTH Ehrang', 7, 42, 'Friedhofstraße 45', '54293', 'Trier', 0),
(10003, 'Athleten-Club 09 e.V. Laubenheim e. V.', 'AC Laubenheim', 7, 42, 'Auf der Weide 11', '55130', 'Mainz-Laubenheim', 0),
(10004, 'AC 1904/20 e.V. Mainz-Weisenau e.V.', 'AC Weisenau', 7, 42, 'Portlandstrasse 26', '55130', 'Mainz', 0),
(12004, 'Preetzer Turn- u. Sportverein v. 1861 e. V.', NULL, 1, 42, 'Drosselweg 20', '24211', 'Preetz', 0),
(12008, 'Turn- und Sportvereinigung Gaarden von 1875 e', NULL, 1, 42, 'Röntgenstraße 5', '24143', 'Kiel', 0),
(12012, 'Sportverein Tungendorf Neumünster von 1911 e.', NULL, 1, 42, 'Süderdorfkamp 22', '24536', 'Neumünster', 0),
(13002, 'KSV Hostenbach', NULL, 10, 42, 'Neustraße 8', '66787', 'Wadgassen', 0),
(13004, 'AC Heros Wemmetsweiler ', 'AC Wemmetsweiler', 10, 42, 'Zeisweilerweg 3', '66589', 'Merchweiler', 0),
(14003, 'Gewichtheber und Aerobic Verein Zittau 04 e. ', NULL, 14, 42, 'Im Städtel 13 b', '02785', 'Olbersdorf', 0),
(14004, 'Athletikclub Meißen e. V.', NULL, 14, 42, 'Goethestraße 27', '01662', 'Meißen', 0),
(14005, 'SG Fortschritt Eibau e. V.', 'SGF Eibau', 14, 42, 'Bergblick 16', '02739', 'Kottmar, OT Eibau', 0),
(14007, 'Chemnitzer Athletenclub e.V.', 'Chemnitzer AC', 14, 42, 'Zwickauer Straße 485', '09117', 'Chemnitz', 0),
(14008, 'AC Atlas Plauen e.V.', NULL, 14, 42, 'Kasernenstraße 2a', '08523', 'Plauen', 0),
(14009, 'Dresdner Sportclub 1898 e.V.', NULL, 14, 42, 'Magdeburger Straße 12', '01067', 'Dresden', 0),
(14010, 'Niederschlesischer AC Görlitz e. V.', NULL, 14, 42, 'Käthe-Kollwitz-Straße 22', '02827', 'Görlitz', 0),
(14011, 'Riesaer Athletikclub 1969 e. V.', NULL, 14, 42, 'Dorfstraße 39', '01594', 'Hirschstein', 0),
(14016, 'TSG - Rodewisch e. V.', 'TSG Rodewisch', 14, 42, 'Schillerstraße 2 Nebengebäude der Grundschule', '08228', 'Rodewisch', 0),
(14038, 'SSV 1952 Torgau e. V.', NULL, 14, 42, 'Ziegeleiweg 2B', '04860', 'Torgau', 0),
(15001, 'Fitness und Athletenclub Sangerhausen e. V.', NULL, 15, 42, 'Grundschule am Rosarium Otto Grotewohl Straße', '06526', 'Sangerhausen', 0),
(15004, 'Fermersleber Sportverein 1895 Magdeburg e.V.', NULL, 15, 42, 'Alt Fermersleben 1', '39122', 'Magdeburg', 0),
(15005, 'MSV Buna Schkopau e. V.', NULL, 15, 42, 'Hohendorfer Weg 10', '06217', 'Merseburg', 0),
(15009, 'SSV Samswegen 1884 e. V.', 'SSV Samswegen', 15, 42, 'Jersleber Straße 7 B', '39326', 'Samswegen', 0),
(15038, 'GKV Bad Dürrenberg e. V.', NULL, 15, 42, 'Lerchebweg 8b', '06231', 'Bad Dürrenberg/ OT Tollwitz', 0),
(16001, 'Ohrdrufer Sportverein e. V.', NULL, 16, 42, 'Große Bahnhofstr. 6', '99885', 'Ohrdruf', 0),
(16002, 'KSV Sömmerda 1910 e. V.', NULL, 16, 42, 'Mozartstraße 69', '99610', 'Sömmerda', 0),
(16003, 'SV 90 Gräfenroda e. V.', NULL, 16, 42, 'Zum Wolfstal 07', '99330', 'Geratal OT Gräfenroda', 0),
(16007, 'Jugendkraft Crawinkel e.V.', NULL, 16, 42, 'Karl - Marx - Straße 13', '99885', 'Ohrdruf OT Crawinkel', 0),
(16008, 'ASV Herbsleben e.V.', NULL, 16, 42, 'Valentin- Thau- Straße 6', '99955', 'Herbsleben', 0),
(16009, 'ESV LOK Mühlhausen ', NULL, 16, 42, 'Körnersche Straße 37', '99974', 'Mühlhausen', 0),
(16011, 'Athleten-Club Suhl e.V.', NULL, 16, 42, 'Löffeltal 19', '98527', 'Suhl', 0),
(16012, 'ASV 1932 Schleusingen e. V.', NULL, 16, 42, 'Am Kochsberg 20', '98553', 'Schleusingen / OT Erlau', 0),
(16014, 'Breitunger Athletik Verein e.V.', NULL, 16, 42, 'Petersberger Straße 6', '98597', 'Breitungen', 0),
(16017, '1. SV Gera e.V.', NULL, 16, 42, 'Hofwiesenpark 6', '07548', 'Gera', 0),
(16020, 'SV 1883 Schwarza e. V.', NULL, 16, 42, 'Corrensring 22b', '07407', 'Rudolstadt', 0),
(16028, 'SV Einheit Altenburg e. V.', NULL, 16, 42, 'Bonhoefferstraße 14', '04600', 'Altenburg', 0),
(16030, 'Gewichtheber u.  Fitness Club Artern e. V', NULL, 16, 42, 'Leipziger Straße 2', '06556', 'Artern', 0),
(17011, 'Athletik-Club Potsdam e.V.', NULL, 12, 42, 'Baumhaselring 117', '14469', 'Potsdam', 0),
(17020, 'SV Motor Eberswalde e. V.', NULL, 12, 42, 'Potsdamer Allee 37', '16227', 'Eberswalde', 0),
(17021, 'TSV Blau-Weiß 65 Schwedt e. V.', NULL, 12, 42, 'Dr.-W.-Külz-Viertel 2b', '16303', 'Schwedt', 0),
(17025, 'TSG Angermünde e. V.', NULL, 12, 42, 'Heinrichstraße 10', '16278', 'Angermünde', 0),
(17028, 'TSV Cottbus e. V.', NULL, 12, 42, 'Leistikowstraße 16', '03042', 'Cottbus', 0),
(17040, 'Gymnastikverein Luckenwalde e.V.,Stefanie Wen', NULL, 12, 42, 'Kleiner Haag 7', '14943', 'Luckenwalde', 0),
(17044, 'USC Viadrina Frankfurt (Oder) e. V.', NULL, 12, 42, 'Logenstraße 3', '15230', 'Frankfurt (Oder)', 0),
(17047, 'Athletik-Sport-Klub Frankfurt (Oder) e.V.', NULL, 12, 42, 'Stendaler Straße 26', '15234', 'Frankfurt (Oder)', 0),
(18004, 'TSV 1860 Stralsund e. V.', NULL, 13, 42, 'Karl-Marx-Straße 11', '18439', 'Stralsund', 0),
(18007, 'Herrnburger Athletenverein 77 e.V. ', NULL, 13, 42, 'Straße Schattin 20', '23923', 'Herrnburg', 0),
(18017, 'Malchower Athleten Club e. V.', NULL, 13, 42, 'Speicherstraße :16c', '18273', 'Güstrow', 0),
(18048, 'TSV Grün-Weiß Rostock 1895 e. V.', NULL, 13, 42, 'Albert-Einstein-Straße 29', '18059', 'Rostock', 0),
(20542, 'Kraftsportverein 1905 Worms e.V.', 'KSV Worms', 7, 42, 'Rebgartenstr. 28 b', '67551', 'Worms', 0),
(20576, 'Athletikclub Konstanz e.V.', NULL, 8, 42, 'Münzgasse 16', '78462', 'Konstanz', 0),
(20605, 'Kraftsport Colonia e.V.', NULL, 5, 42, 'Neusser Straße 411', '50733', 'Köln', 0),
(20922, 'BC Vechta e.V.', NULL, 3, 42, 'Bremer Tor 16 ', '49377', 'Vechta', 0),
(20975, 'Powerlifting Würzburg e.V (z. Hd. v. Cathrin ', NULL, 9, 42, 'Felix-Dahn-Str. 5', '97072', 'Würzburg', 0),
(21205, 'Gewichtheberverein Aarau', NULL, NULL, 159, 'Dammweg 16', '5000', 'Aarau', 0),
(21285, 'Soester Turn-Verein 1862 e.V.', NULL, 5, 42, 'Puppenstaße 7', '59494', 'Soest', 0),
(21383, 'Testverein 3', NULL, 8, 42, 'Badener Platz 6', '69181', 'Leimen', 0),
(21822, 'Weightlifting & Fitness Club Nagold e.V.', NULL, 8, 42, 'Erwin-Rommelstraße 16', '72202', 'Nagold', 0),
(21824, 'Sportverein für Gesundheit & Rehabilitationss', NULL, 1, 42, 'Kornkamp 46c ', '22926', 'Ahrensburg', 0),
(21936, 'Kraft-Mühle Minden e.V. ', NULL, 5, 42, 'Steinbrede 12 ', '32423', 'Minden', 0),
(22070, 'KraftWerkstatt Lörrach e.V.', NULL, 8, 42, 'Am Palmrain 8', '79576', 'Weil am Rhein', 0),
(22072, 'CF Tübingen e.V.', NULL, 8, 42, 'Alte Landstraße 57 ', '72072', 'Tübingen', 0),
(22095, 'MTV Soltau ', NULL, 3, 42, 'Stubbendorfweg 8', '29614', 'Soltau', 0),
(22203, 'Weightlifting Team Nord e.V.', NULL, 3, 42, 'Handwerkerhof 1', '28857', 'Syke', 0),
(22287, 'SportFabrik Munster 2018 e.V.', NULL, 3, 42, 'Brombeerweg 6', '29633', 'Munster', 0),
(22291, 'ETSV Würzburg 1928 e.V. ', NULL, 9, 42, 'Mergentheimerstraße 17', '97082', 'Würzburg', 0),
(22298, 'Kraftclub am Lech e.V.', NULL, 9, 42, 'Wankstraße 3 ', '86165', 'Augsburg', 0),
(22309, 'Lifting Rebels Club Neumarkt e.V.', NULL, 9, 42, 'EFA-Str. 6 ', '92318', 'Neumarkt', 0),
(100000, 'Athletenschmiede Kiel e.V...', 'AS Kiel', 1, 42, NULL, NULL, NULL, 0),
(100001, 'Kraft- und Athletikklub Osnabrück e.V. ', NULL, 3, 42, 'Sandforter Straße 116 B', '49086', 'Osnabrück', 0);

-- --------------------------------------------------------

--
-- Tabellenstruktur für Tabelle `wertung`
--

CREATE TABLE `wertung` (
  `idWertung` int(1) NOT NULL,
  `Bezeichnung` varchar(20) COLLATE utf8_unicode_ci NOT NULL,
  `Kurz` varchar(10) COLLATE utf8_unicode_ci DEFAULT NULL,
  `Genauigkeit` int(1) NOT NULL DEFAULT 0 COMMENT 'Nachkomma-Stellen',
  `Sortierung` varchar(50) COLLATE utf8_unicode_ci NOT NULL COMMENT 'Publikumsanzeige'
) ENGINE=InnoDB DEFAULT CHARSET=utf8 COLLATE=utf8_unicode_ci;

--
-- Daten für Tabelle `wertung`
--

INSERT INTO `wertung` (`idWertung`, `Bezeichnung`, `Kurz`, `Genauigkeit`, `Sortierung`) VALUES
(1, 'Robi-Punkte', 'Robi', 2, ''),
(2, 'Relativpunkte', 'Relativ', 2, ''),
(3, 'Sinclairpunkte', 'Sinclair', 4, ''),
(4, 'S-M-Punkte', 'S-M', 2, ''),
(5, 'Zweikampf', 'ZK', 0, ''),
(6, 'Mehrkampf', NULL, 2, '');

-- --------------------------------------------------------

--
-- Tabellenstruktur für Tabelle `wertung_bezeichnung`
--

CREATE TABLE `wertung_bezeichnung` (
  `Platzierung` int(1) NOT NULL,
  `International` tinyint(1) NOT NULL,
  `Bezeichnung` varchar(25) NOT NULL,
  `Headline` varchar(25) NOT NULL
) ENGINE=InnoDB DEFAULT CHARSET=utf8mb4;

--
-- Daten für Tabelle `wertung_bezeichnung`
--

INSERT INTO `wertung_bezeichnung` (`Platzierung`, `International`, `Bezeichnung`, `Headline`) VALUES
(1, 0, '', 'BESTENLISTE'),
(1, 1, '', 'BEST TOTAL'),
(2, 0, 'GRUPPE', 'BESTE IN '),
(2, 1, 'GROUP', 'BEST OF '),
(3, 0, 'ALTERSKLASSE', 'BESTE IN '),
(3, 1, 'AGE GROUP', 'BEST OF '),
(4, 0, 'GEWICHTSKLASSE', 'BESTE IN '),
(4, 1, 'CATERGORY', 'BEST OF '),
(5, 0, '', 'BESTE WEIBLICH'),
(5, 1, '', 'BEST FEMALE'),
(9, 0, 'ALTERSKLASSE', 'BESTE IN '),
(9, 1, 'AGE GROUP', 'BEST OF ');

-- --------------------------------------------------------

--
-- Tabellenstruktur für Tabelle `wettkampf`
--

CREATE TABLE `wettkampf` (
  `Wettkampf` int(11) NOT NULL,
  `Modus` int(11) NOT NULL,
  `Datum` date NOT NULL,
  `DatumBis` date DEFAULT NULL,
  `Veranstalter` int(11) NOT NULL,
  `Kurz` varchar(25) COLLATE utf8_unicode_ci NOT NULL DEFAULT '',
  `Ort` varchar(100) COLLATE utf8_unicode_ci NOT NULL,
  `Bigdisc` tinyint(1) NOT NULL,
  `Kampfrichter` varchar(4) COLLATE utf8_unicode_ci DEFAULT NULL,
  `Mannschaft` tinyint(1) NOT NULL,
  `Flagge` tinyint(1) NOT NULL,
  `Mindestalter` int(3) NOT NULL,
  `Platzierung` varchar(11) COLLATE utf8_unicode_ci NOT NULL DEFAULT '' COMMENT '1.Stelle = Platzierung, \r\n2.Stelle = Platzierung2, \r\n3.Stelle = Wertung2 bzw. 9 für Wertung2 nach AKs',
  `GUID` varchar(32) COLLATE utf8_unicode_ci NOT NULL DEFAULT '' COMMENT 'cas_gguid aus api_bvdg',
  `Finale` tinyint(1) DEFAULT 0 COMMENT '3 Gruppen,\r\n2 TN pro Gruppe',
  `SameAK` varchar(225) COLLATE utf8_unicode_ci DEFAULT NULL,
  `UseAgeGroups` tinyint(1) NOT NULL DEFAULT 0
) ENGINE=InnoDB DEFAULT CHARSET=utf8 COLLATE=utf8_unicode_ci;

--
-- Daten für Tabelle `wettkampf`
--

INSERT INTO `wettkampf` (`Wettkampf`, `Modus`, `Datum`, `DatumBis`, `Veranstalter`, `Kurz`, `Ort`, `Bigdisc`, `Kampfrichter`, `Mannschaft`, `Flagge`, `Mindestalter`, `Platzierung`, `GUID`, `Finale`, `SameAK`, `UseAgeGroups`) VALUES
(1, 100, '2020-03-01', NULL, 14016, '', 'Göltzschtalhalle Rodewisch', 1, '3', 0, 0, 7, '2', '', 0, NULL, 0),
(11, 610, '2019-11-23', NULL, 16003, '', 'Wolfstal 1, 99330 Gräfenroda', 0, '1', 1, 0, 15, '1', 'D6AA31EC2DFF4A63AA8699AD97F6039C', 0, NULL, 0),
(12, 610, '2022-09-24', NULL, 14007, '', 'Göltzschtalhalle Rodewisch', 1, '1', 0, 0, 13, '1', '17A4B9C2B7AE4A30B0C87CA2A7F31E06', 0, NULL, 0),
(13, 610, '2021-11-20', NULL, 147, '', 'Europaratstraße 5, 08523 Plauen', 0, '1', 1, 0, 15, '1', '79D93E87F5864543A275BE7AC9EEBA48', 0, NULL, 0),
(14, 610, '2022-04-09', NULL, 14007, '', 'Zwickauer Str. 485, 09117 Chemnitz ', 0, '1', 1, 0, 15, '0', '15E60D9C89A24BD2AC3EA7A95B07E188', 1, NULL, 0),
(15, 610, '2022-04-09', NULL, 14007, '', 'Zwickauer Str. 485, 09117 Chemnitz', 0, '1', 1, 0, 15, '0', 'A8C6015D3B094499BE9CAB6AF85162AE', 1, NULL, 0),
(16, 505, '2022-09-24', NULL, 14016, 'Hüllebrand-Turnier 2022', 'Göltzschtalhalle Rodewisch', 1, '1', 0, 0, 13, '339', '', 0, NULL, 0),
(17, 500, '2022-09-24', NULL, 14016, '', 'Göltzschtalhalle Rodewisch', 1, '1', 0, 0, 13, '339', '', 0, NULL, 0),
(18, 110, '2022-11-10', NULL, 2020, '', 'Rodwisch', 1, '3', 0, 0, 7, '2', '', 0, NULL, 0),
(21, 610, '2022-12-03', NULL, 147, '', 'Kasernenstraße 2a, 08523 Plauen', 0, '1', 1, 0, 15, '0', '74727571C5BD46E486371E667342C30E', 0, NULL, 0),
(22, 610, '2022-04-30', NULL, 9010, '', 'Ludwig-Gramlich Straße 1', 0, '1', 1, 0, 15, '1', '7DC2A846CDA14BAB9A562BBE3F4678DB', 1, NULL, 0),
(23, 610, '2020-01-18', NULL, 147, '', 'Hüllebrandweg 1, 08228 Rodewisch', 0, '1', 1, 0, 15, '1', '5EF086C93EB345BCAEFF597EDDB6EC5E', 0, NULL, 0),
(26, 610, '2023-01-28', NULL, 14007, '', 'Zwickauerstr. 485, 09117 Chemnitz', 0, '1', 1, 0, 15, '0', '1138D6F73F0447DE9B59446F18AA72A9', 0, NULL, 0),
(27, 610, '2023-03-11', NULL, 14007, '', 'Zwickauerstr. 485, 09117 Chemnitz', 0, '1', 1, 0, 15, '0', 'E2E213B3D6944AF99D720F33857C12CA', 0, NULL, 0),
(28, 500, '2023-05-20', NULL, 14016, 'Sparkassen-Cup 2023', 'Göltzschtalhalle Rodewisch', 1, '1', 0, 0, 15, '339', '', 0, NULL, 0),
(29, 540, '2023-08-12', NULL, 14004, 'Cup of Blue Swords', 'Meißen', 0, '3', 0, 1, 13, '151', '', 0, '50', 0),
(30, 500, '2023-09-02', NULL, 9010, '', 'Speyer', 0, '3', 0, 0, 13, '312', '', 0, NULL, 1);

-- --------------------------------------------------------

--
-- Tabellenstruktur für Tabelle `wettkampf_altersgruppen`
--

CREATE TABLE `wettkampf_altersgruppen` (
  `Wettkampf` int(11) NOT NULL,
  `Reihenfolge` int(2) NOT NULL,
  `Sex` varchar(1) COLLATE utf8_unicode_ci DEFAULT NULL COMMENT 'm, w oder leer für beide',
  `Jahrgang` varchar(50) COLLATE utf8_unicode_ci DEFAULT NULL COMMENT 'zusammengefasste JGs Komma getrennt '
) ENGINE=InnoDB DEFAULT CHARSET=utf8 COLLATE=utf8_unicode_ci;

--
-- Daten für Tabelle `wettkampf_altersgruppen`
--

INSERT INTO `wettkampf_altersgruppen` (`Wettkampf`, `Reihenfolge`, `Sex`, `Jahrgang`) VALUES
(1, 0, 'm', '2009,2010,2011,2012,2013,2014,2015,2016'),
(1, 1, 'w', '2009,2010,2011,2012,2013,2014,2015,2016');

-- --------------------------------------------------------

--
-- Tabellenstruktur für Tabelle `wettkampf_altersklassen`
--

CREATE TABLE `wettkampf_altersklassen` (
  `Wettkampf` int(11) NOT NULL,
  `Geschlecht` varchar(1) COLLATE utf8_unicode_ci NOT NULL DEFAULT '' COMMENT 'leer für 2.Wertung',
  `idAK` int(11) NOT NULL COMMENT '= altersklassen.idAltersklasse',
  `Wertung` int(1) DEFAULT NULL
) ENGINE=InnoDB DEFAULT CHARSET=utf8 COLLATE=utf8_unicode_ci COMMENT='Masters (erweiterte AKs mit Zuordnung der Wertung) ';

-- --------------------------------------------------------

--
-- Tabellenstruktur für Tabelle `wettkampf_athletik`
--

CREATE TABLE `wettkampf_athletik` (
  `Wettkampf` int(11) NOT NULL,
  `Disziplin` int(3) NOT NULL,
  `AKs` varchar(25) CHARACTER SET utf8 DEFAULT NULL
) ENGINE=InnoDB DEFAULT CHARSET=utf8 COLLATE=utf8_unicode_ci;

--
-- Daten für Tabelle `wettkampf_athletik`
--

INSERT INTO `wettkampf_athletik` (`Wettkampf`, `Disziplin`, `AKs`) VALUES
(1, 10, NULL),
(1, 80, NULL),
(1, 90, NULL),
(1, 110, NULL);

-- --------------------------------------------------------

--
-- Tabellenstruktur für Tabelle `wettkampf_athletik_defaults`
--

CREATE TABLE `wettkampf_athletik_defaults` (
  `Wettkampf` int(11) NOT NULL,
  `Disziplin` int(2) NOT NULL,
  `Bezeichnung` varchar(15) COLLATE utf8_unicode_ci NOT NULL,
  `Geschlecht` varchar(1) COLLATE utf8_unicode_ci NOT NULL,
  `ak5` double(4,2) DEFAULT NULL,
  `ak6` double(4,2) DEFAULT NULL,
  `ak7` double(4,2) DEFAULT NULL,
  `ak8` double(4,2) DEFAULT NULL,
  `ak9` double(4,2) DEFAULT NULL,
  `ak10` double(4,2) DEFAULT NULL,
  `ak11` double(4,2) DEFAULT NULL,
  `ak12` double(4,2) DEFAULT NULL,
  `ak13` double(4,2) DEFAULT NULL,
  `ak14` double(4,2) DEFAULT NULL,
  `ak15` double(4,2) DEFAULT NULL,
  `ak16` double(4,2) DEFAULT NULL,
  `ak17` double(4,2) DEFAULT NULL
) ENGINE=InnoDB DEFAULT CHARSET=utf8 COLLATE=utf8_unicode_ci;

--
-- Daten für Tabelle `wettkampf_athletik_defaults`
--

INSERT INTO `wettkampf_athletik_defaults` (`Wettkampf`, `Disziplin`, `Bezeichnung`, `Geschlecht`, `ak5`, `ak6`, `ak7`, `ak8`, `ak9`, `ak10`, `ak11`, `ak12`, `ak13`, `ak14`, `ak15`, `ak16`, `ak17`) VALUES
(1, 10, 'Anzahl', 'm', NULL, NULL, NULL, NULL, NULL, 99.99, 10.00, 10.00, 12.00, 15.00, 15.00, 15.00, 15.00);

-- --------------------------------------------------------

--
-- Tabellenstruktur für Tabelle `wettkampf_bezeichnung`
--

CREATE TABLE `wettkampf_bezeichnung` (
  `Wettkampf` int(11) NOT NULL,
  `Bez1` varchar(100) COLLATE utf8_unicode_ci NOT NULL,
  `Bez2` varchar(100) COLLATE utf8_unicode_ci DEFAULT NULL COMMENT 'Vereins-WK',
  `Bez3` varchar(100) COLLATE utf8_unicode_ci DEFAULT NULL COMMENT 'Mannschafts-WK'
) ENGINE=InnoDB DEFAULT CHARSET=utf8 COLLATE=utf8_unicode_ci;

--
-- Daten für Tabelle `wettkampf_bezeichnung`
--

INSERT INTO `wettkampf_bezeichnung` (`Wettkampf`, `Bez1`, `Bez2`, `Bez3`) VALUES
(1, 'Sächs. Schülerpokal  1.DG', NULL, NULL),
(11, '2. BL-B: SV 90 Gräfenroda : ESV München Freimann', NULL, NULL),
(12, '1.BL Chemnitzer AC : SSV Samswegen', NULL, NULL),
(13, '2.BL: AT Vogtland : AC Suhl', NULL, NULL),
(14, '1.BL: Chemnitzer AC : KSV Durlach', NULL, NULL),
(15, '1.BL: Chemnitzer AC : AC Mutterstadt', NULL, NULL),
(16, 'Rudolf-Hüllebrand-Gedächtnis-Turnier 2022', NULL, NULL),
(17, 'Sachsenmeisterschaft 2022', NULL, NULL),
(18, 'Test für Meldung', NULL, NULL),
(21, '2. BL: AT Vogtland : AS Kiel', NULL, NULL),
(22, '1.BL AV 03 Speyer : AC Mutterstadt : SV Germania O', NULL, NULL),
(23, '2. BL-C: Athletenteam Vogtland : AC Potsdam', NULL, NULL),
(26, '1. BL: Chemnitzer AC : SV Germania Obrigheim', NULL, NULL),
(27, '1. BL: Chemnitzer AC : SSV Samswegen', NULL, NULL),
(28, 'Sparkassen-Cup zu Ehren von Rudolf Hüllebrand', NULL, NULL),
(29, 'Pokal der Blauen Schwerter 2023', NULL, NULL),
(30, 'Südwestdeutsche Meisterschaften 2023', 'Südwestdeutsche Vereinsmeisterschaften 2023', 'Südwestdeutsche Mannschaftsmeisterschaften 2023');

-- --------------------------------------------------------

--
-- Tabellenstruktur für Tabelle `wettkampf_details`
--

CREATE TABLE `wettkampf_details` (
  `Wettkampf` int(11) NOT NULL,
  `ZK_m` int(3) NOT NULL,
  `ZK_w` int(3) NOT NULL,
  `R_m` int(3) NOT NULL,
  `S_m` int(3) NOT NULL,
  `R_w` int(3) NOT NULL,
  `S_w` int(3) NOT NULL,
  `Hantelstange` varchar(10) COLLATE utf8_unicode_ci NOT NULL,
  `Steigerung1` int(1) NOT NULL,
  `Steigerung2` int(1) NOT NULL,
  `AKs_m` int(2) NOT NULL DEFAULT -1 COMMENT 'Anzahl AKs bei Masters',
  `AKs_w` int(2) NOT NULL DEFAULT -1 COMMENT 'Anzahl AKs bei Masters',
  `Regel20` tinyint(1) NOT NULL,
  `nurZK` tinyint(1) NOT NULL,
  `International` tinyint(1) NOT NULL,
  `AutoLosnummer` tinyint(1) NOT NULL DEFAULT 1,
  `ThirdAttempt` tinyint(1) NOT NULL DEFAULT 1,
  `OrderByLifter` tinyint(1) NOT NULL DEFAULT 1
) ENGINE=InnoDB DEFAULT CHARSET=utf8 COLLATE=utf8_unicode_ci;

--
-- Daten für Tabelle `wettkampf_details`
--

INSERT INTO `wettkampf_details` (`Wettkampf`, `ZK_m`, `ZK_w`, `R_m`, `S_m`, `R_w`, `S_w`, `Hantelstange`, `Steigerung1`, `Steigerung2`, `AKs_m`, `AKs_w`, `Regel20`, `nurZK`, `International`, `AutoLosnummer`, `ThirdAttempt`, `OrderByLifter`) VALUES
(1, 0, 0, 0, 0, 0, 0, 'a_x', 1, 1, 11, 11, 0, 0, 0, 1, 1, 1),
(11, 0, 0, 0, 0, 0, 0, 's', 1, 1, -1, -1, 0, 0, 0, 0, 1, 1),
(12, 0, 0, 0, 0, 0, 0, 's', 1, 1, -1, -1, 0, 0, 0, 0, 1, 1),
(13, 0, 0, 0, 0, 0, 0, 's', 1, 1, -1, -1, 0, 0, 0, 0, 1, 1),
(14, 0, 0, 0, 0, 0, 0, 's', 1, 1, -1, -1, 0, 0, 0, 0, 1, 1),
(15, 0, 0, 0, 0, 0, 0, 's', 1, 1, -1, -1, 0, 0, 0, 0, 1, 1),
(16, 0, 0, 0, 0, 0, 0, 'a', 1, 1, 11, 11, 0, 0, 0, 1, 0, 0),
(17, 0, 0, 0, 0, 0, 0, 'a', 1, 1, 11, 11, 0, 0, 0, 1, 0, 0),
(18, 0, 0, 0, 0, 0, 0, 'a_x', 1, 1, 11, 11, 0, 0, 0, 0, 0, 0),
(21, 0, 0, 0, 0, 0, 0, 's', 1, 1, -1, -1, 0, 0, 0, 1, 1, 1),
(22, 0, 0, 0, 0, 0, 0, 's', 1, 1, -1, -1, 0, 0, 0, 1, 1, 1),
(23, 0, 0, 0, 0, 0, 0, 's', 1, 1, -1, -1, 0, 0, 0, 1, 1, 1),
(26, 0, 0, 0, 0, 0, 0, 's', 1, 1, -1, -1, 0, 0, 0, 1, 1, 1),
(27, 0, 0, 0, 0, 0, 0, 's', 1, 1, -1, -1, 0, 0, 0, 1, 1, 1),
(28, 0, 0, 0, 0, 0, 0, 's', 1, 1, 0, 0, 0, 0, 0, 0, 0, 0),
(29, 0, 0, 0, 0, 0, 0, 's', 1, 1, -1, -1, 1, 0, 1, 0, 0, 0),
(30, 0, 0, 0, 0, 0, 0, 's', 1, 1, -1, -1, 0, 0, 0, 1, 0, 0);

-- --------------------------------------------------------

--
-- Tabellenstruktur für Tabelle `wettkampf_gewichtsgruppen`
--

CREATE TABLE `wettkampf_gewichtsgruppen` (
  `Wettkampf` int(11) NOT NULL,
  `Geschlecht` varchar(1) COLLATE utf8_unicode_ci NOT NULL,
  `Gruppe` int(1) NOT NULL,
  `Heber` int(2) NOT NULL COMMENT 'Heber/Gruppe=TN(Gruppe)'
) ENGINE=InnoDB DEFAULT CHARSET=utf8 COLLATE=utf8_unicode_ci;

--
-- Daten für Tabelle `wettkampf_gewichtsgruppen`
--

INSERT INTO `wettkampf_gewichtsgruppen` (`Wettkampf`, `Geschlecht`, `Gruppe`, `Heber`) VALUES
(1, 'm', 1, 15),
(1, 'm', 2, 16),
(1, 'm', 3, 27),
(1, 'm', 4, 36),
(1, 'm', 5, 45),
(1, 'w', 1, 13),
(1, 'w', 2, 14),
(1, 'w', 3, 21),
(1, 'w', 4, 28),
(1, 'w', 5, 35),
(18, 'm', 1, 15),
(18, 'm', 2, 16),
(18, 'm', 3, 27),
(18, 'm', 4, 36),
(18, 'm', 5, 45),
(18, 'w', 1, 13),
(18, 'w', 2, 14),
(18, 'w', 3, 21),
(18, 'w', 4, 28),
(18, 'w', 5, 35);

-- --------------------------------------------------------

--
-- Tabellenstruktur für Tabelle `wettkampf_gewichtsteiler`
--

CREATE TABLE `wettkampf_gewichtsteiler` (
  `Wettkampf` int(11) NOT NULL,
  `Gruppe` int(3) NOT NULL,
  `GG` int(3) NOT NULL,
  `KG_von` double(5,2) DEFAULT NULL,
  `KG_bis` double(5,2) DEFAULT NULL
) ENGINE=InnoDB DEFAULT CHARSET=utf8;

-- --------------------------------------------------------

--
-- Tabellenstruktur für Tabelle `wettkampf_mannschaft`
--

CREATE TABLE `wettkampf_mannschaft` (
  `Wettkampf` int(11) NOT NULL,
  `idMannschaft` int(1) NOT NULL COMMENT '0=Verein; 1=Land; 2=Liga',
  `min` int(2) NOT NULL,
  `max` int(2) NOT NULL,
  `gewertet` int(2) NOT NULL,
  `m_w` tinyint(1) NOT NULL,
  `multi` tinyint(1) NOT NULL COMMENT 'Mehrere Mannschaften pro Verein',
  `relativ` int(2) DEFAULT NULL COMMENT 'Relativwertung W (weitere M)'
) ENGINE=InnoDB DEFAULT CHARSET=utf8 COLLATE=utf8_unicode_ci;

--
-- Daten für Tabelle `wettkampf_mannschaft`
--

INSERT INTO `wettkampf_mannschaft` (`Wettkampf`, `idMannschaft`, `min`, `max`, `gewertet`, `m_w`, `multi`, `relativ`) VALUES
(1, 0, 4, 4, 4, 0, 1, 2),
(11, 2, 3, 6, 6, 0, 0, 0),
(12, 2, 3, 6, 6, 0, 0, 0),
(13, 2, 3, 6, 6, 0, 0, 0),
(14, 2, 3, 6, 6, 0, 0, 0),
(15, 2, 3, 6, 6, 0, 0, 0),
(18, 0, 4, 4, 4, 0, 1, 0),
(18, 1, 5, 8, 5, 1, 0, 0),
(21, 2, 3, 6, 6, 0, 0, 0),
(22, 2, 3, 6, 6, 0, 0, 0),
(23, 2, 3, 6, 6, 0, 0, 0),
(26, 2, 3, 6, 6, 0, 0, 0),
(27, 2, 3, 6, 6, 0, 0, 0),
(30, 0, 4, 4, 4, 1, 0, 2),
(30, 1, 3, 8, 5, 1, 0, 0);

-- --------------------------------------------------------

--
-- Tabellenstruktur für Tabelle `wettkampf_meldefrist`
--

CREATE TABLE `wettkampf_meldefrist` (
  `Wettkampf` int(11) NOT NULL,
  `Datum1` date DEFAULT NULL,
  `Datum2` date DEFAULT NULL,
  `Verein` double(5,2) DEFAULT NULL COMMENT 'Startgeld',
  `Land` double(5,2) DEFAULT NULL COMMENT 'Startgeld',
  `Liga` double(5,2) DEFAULT NULL COMMENT 'Startgeld'
) ENGINE=InnoDB DEFAULT CHARSET=utf8 COLLATE=utf8_unicode_ci;

--
-- Daten für Tabelle `wettkampf_meldefrist`
--

INSERT INTO `wettkampf_meldefrist` (`Wettkampf`, `Datum1`, `Datum2`, `Verein`, `Land`, `Liga`) VALUES
(1, NULL, NULL, NULL, NULL, NULL),
(11, NULL, NULL, NULL, NULL, NULL),
(12, NULL, NULL, NULL, NULL, NULL),
(13, NULL, NULL, NULL, NULL, NULL),
(14, NULL, NULL, NULL, NULL, NULL),
(15, NULL, NULL, NULL, NULL, NULL),
(16, '2022-09-05', '2022-09-19', 20.00, 66.00, NULL),
(17, '2022-09-05', '2022-09-19', 5.55, 11.00, NULL),
(18, NULL, NULL, NULL, NULL, NULL),
(21, NULL, NULL, NULL, NULL, NULL),
(22, NULL, NULL, NULL, NULL, NULL),
(23, NULL, NULL, NULL, NULL, NULL),
(26, NULL, NULL, NULL, NULL, NULL),
(27, NULL, NULL, NULL, NULL, NULL),
(28, '2023-05-08', '2023-05-15', NULL, NULL, NULL),
(29, NULL, NULL, NULL, NULL, NULL),
(30, NULL, NULL, NULL, NULL, NULL);

-- --------------------------------------------------------

--
-- Tabellenstruktur für Tabelle `wettkampf_multi`
--

CREATE TABLE `wettkampf_multi` (
  `Wettkampf` int(11) NOT NULL,
  `Multi` varchar(50) NOT NULL,
  `Primaer` tinyint(1) NOT NULL DEFAULT 0
) ENGINE=InnoDB DEFAULT CHARSET=utf8;

--
-- Daten für Tabelle `wettkampf_multi`
--

INSERT INTO `wettkampf_multi` (`Wettkampf`, `Multi`, `Primaer`) VALUES
(14, '14,15', 0),
(15, '14,15', 0);

-- --------------------------------------------------------

--
-- Tabellenstruktur für Tabelle `wettkampf_restriction`
--

CREATE TABLE `wettkampf_restriction` (
  `Wettkampf` int(11) NOT NULL,
  `Durchgang` int(1) NOT NULL COMMENT 'Reißen=0, Stossen=1',
  `Altersklasse` int(2) NOT NULL COMMENT 'diese AK (nicht JG) und jünger',
  `Versuche` int(1) NOT NULL COMMENT 'zu absolvierende Versuche'
) ENGINE=InnoDB DEFAULT CHARSET=utf8 COLLATE=utf8_unicode_ci;

-- --------------------------------------------------------

--
-- Tabellenstruktur für Tabelle `wettkampf_startgeld`
--

CREATE TABLE `wettkampf_startgeld` (
  `Wettkampf` int(11) NOT NULL,
  `AK` int(3) NOT NULL DEFAULT 0 COMMENT '0 = ohne AKs',
  `Gebuehr` double(5,2) DEFAULT NULL,
  `NM_Gebuehr` double(5,2) DEFAULT NULL,
  `Gebuehr_oL` double(5,2) DEFAULT NULL COMMENT 'ohne BVDG-Lizenz',
  `NM_Gebuehr_oL` double(5,2) DEFAULT NULL COMMENT 'ohne BVDG-Lizenz'
) ENGINE=InnoDB DEFAULT CHARSET=utf8;

--
-- Daten für Tabelle `wettkampf_startgeld`
--

INSERT INTO `wettkampf_startgeld` (`Wettkampf`, `AK`, `Gebuehr`, `NM_Gebuehr`, `Gebuehr_oL`, `NM_Gebuehr_oL`) VALUES
(1, 0, NULL, NULL, NULL, NULL),
(1, 10, NULL, NULL, NULL, NULL),
(1, 20, NULL, NULL, NULL, NULL),
(1, 30, NULL, NULL, NULL, NULL),
(1, 40, NULL, NULL, NULL, NULL),
(1, 50, NULL, NULL, NULL, NULL),
(1, 100, NULL, NULL, NULL, NULL),
(16, 0, NULL, NULL, NULL, NULL),
(16, 20, 6.00, 12.00, NULL, NULL),
(16, 30, 6.00, 12.00, NULL, NULL),
(16, 40, 8.00, 16.00, NULL, NULL),
(16, 50, 8.00, 16.00, NULL, NULL),
(16, 100, 8.00, 16.00, 20.00, 40.00),
(17, 0, 13.00, 37.00, NULL, 2.00),
(26, 0, NULL, NULL, NULL, NULL),
(27, 0, NULL, NULL, NULL, NULL),
(28, 0, NULL, NULL, NULL, NULL),
(28, 20, 8.00, 16.00, NULL, NULL),
(28, 30, 8.00, 16.00, NULL, NULL),
(28, 40, 15.00, 30.00, NULL, NULL),
(28, 50, 15.00, 30.00, NULL, NULL),
(28, 100, 15.00, 30.00, NULL, NULL),
(29, 0, NULL, NULL, NULL, NULL),
(30, 0, NULL, NULL, NULL, NULL);

-- --------------------------------------------------------

--
-- Tabellenstruktur für Tabelle `wettkampf_teams`
--

CREATE TABLE `wettkampf_teams` (
  `Wettkampf` int(11) NOT NULL,
  `Team` int(11) NOT NULL,
  `Id` int(1) NOT NULL COMMENT '0=Heim, 1=Gast1, 2=Gast2',
  `Punkte` int(1) DEFAULT 0,
  `Punkte2` int(1) DEFAULT 0,
  `Reissen` double(8,4) DEFAULT NULL,
  `Stossen` double(8,4) DEFAULT NULL,
  `Heben` double(8,4) DEFAULT NULL,
  `Platz` int(1) DEFAULT NULL,
  `Sieger` tinyint(1) DEFAULT 0
) ENGINE=InnoDB DEFAULT CHARSET=utf8;

--
-- Daten für Tabelle `wettkampf_teams`
--

INSERT INTO `wettkampf_teams` (`Wettkampf`, `Team`, `Id`, `Punkte`, `Punkte2`, `Reissen`, `Stossen`, `Heben`, `Platz`, `Sieger`) VALUES
(11, 1040, 1, 0, 0, 31.0000, 0.0000, 31.0000, NULL, 0),
(11, 16003, 0, 0, 0, 81.5000, 0.0000, 81.5000, NULL, 0),
(12, 14007, 0, NULL, 0, NULL, NULL, NULL, NULL, 0),
(12, 15009, 1, NULL, 0, NULL, NULL, NULL, NULL, 0),
(13, 147, 0, 0, NULL, 80.5000, 0.0000, 80.5000, NULL, 0),
(13, 16011, 1, 0, NULL, 18.1000, 0.0000, 18.1000, NULL, 0),
(14, 2003, 1, 1, 0, 645.2000, 796.4000, 1441.6000, NULL, 0),
(14, 14007, 0, 0, 1, 623.2000, 927.2000, 1550.4000, NULL, 0),
(15, 9007, 1, 0, 0, 0.0000, 0.0000, 0.0000, NULL, 0),
(15, 14007, 0, 0, 1, 623.2000, 927.2000, 1550.4000, NULL, 0),
(21, 147, 0, 0, 0, 0.0000, 0.0000, 0.0000, NULL, 0),
(21, 100000, 1, 0, 0, 0.0000, 0.0000, 0.0000, NULL, 0),
(22, 2033, 2, 0, 3, 382.3000, 556.2000, 938.5000, 2, 0),
(22, 9007, 1, 0, 0, 345.0000, 498.9000, 843.9000, 3, 0),
(22, 9010, 0, 3, 3, 400.0000, 557.8000, 957.8000, 1, 1),
(23, 147, 0, 0, 0, NULL, NULL, NULL, NULL, 0),
(23, 17011, 1, 0, 0, NULL, NULL, NULL, NULL, 0),
(26, 2033, 1, 3, NULL, 313.5000, 503.5000, 817.0000, NULL, 1),
(26, 14007, 0, 0, NULL, 308.3000, 487.3000, 795.6000, NULL, 0),
(27, 14007, 0, 0, NULL, 243.5000, 398.5000, 642.0000, NULL, 0),
(27, 15009, 1, 3, NULL, 319.5000, 510.5000, 830.0000, NULL, 1);

-- --------------------------------------------------------

--
-- Tabellenstruktur für Tabelle `wettkampf_wertung`
--

CREATE TABLE `wettkampf_wertung` (
  `Wettkampf` int(11) NOT NULL,
  `idAK` int(4) NOT NULL,
  `Wertung` int(3) DEFAULT NULL,
  `Wertung2` int(3) DEFAULT NULL,
  `Gruppierung` int(4) DEFAULT NULL
) ENGINE=InnoDB DEFAULT CHARSET=utf8 COLLATE=utf8_unicode_ci COMMENT='Masters (erweiterte AKs mit Zuordnung der Wertung) ';

--
-- Daten für Tabelle `wettkampf_wertung`
--

INSERT INTO `wettkampf_wertung` (`Wettkampf`, `idAK`, `Wertung`, `Wertung2`, `Gruppierung`) VALUES
(16, 20, NULL, 3, 1),
(16, 21, NULL, 3, 1),
(16, 22, NULL, 3, 1),
(16, 30, NULL, 3, 2),
(16, 40, NULL, 3, 3),
(16, 50, NULL, 3, 3),
(16, 100, NULL, 4, 4),
(16, 110, NULL, 4, 4),
(16, 120, NULL, 4, 4),
(16, 130, NULL, 4, 4),
(16, 140, NULL, 4, 4),
(16, 150, NULL, 4, 4),
(16, 160, NULL, 4, 4),
(16, 170, NULL, 4, 4),
(16, 180, NULL, 4, 4),
(16, 190, NULL, 4, 4),
(16, 200, NULL, 4, 4),
(17, 20, NULL, 3, 1),
(17, 21, NULL, 3, 1),
(17, 22, NULL, 3, 1),
(17, 30, NULL, 3, 2),
(17, 40, NULL, 3, 3),
(17, 50, NULL, 3, 3),
(17, 100, NULL, 4, 4),
(17, 110, NULL, 4, 4),
(17, 120, NULL, 4, 4),
(17, 130, NULL, 4, 4),
(17, 140, NULL, 4, 4),
(17, 150, NULL, 4, 4),
(17, 160, NULL, 4, 4),
(17, 170, NULL, 4, 4),
(17, 180, NULL, 4, 4),
(17, 190, NULL, 4, 4),
(17, 200, NULL, 4, 4),
(28, 30, NULL, 3, 1),
(28, 40, NULL, 3, 2),
(28, 50, NULL, 3, 2);

-- --------------------------------------------------------

--
-- Tabellenstruktur für Tabelle `wettkampf_zeitplan`
--

CREATE TABLE `wettkampf_zeitplan` (
  `Wettkampf` int(11) NOT NULL,
  `Gruppe` int(4) NOT NULL,
  `Datum` date NOT NULL,
  `Beginn` datetime NOT NULL,
  `Ende` datetime DEFAULT NULL,
  `Bezeichnung` varchar(100) NOT NULL,
  `Drucken` tinyint(1) NOT NULL,
  `TN` int(3) DEFAULT NULL,
  `Gewichtsklassen` varchar(100) DEFAULT NULL
) ENGINE=InnoDB DEFAULT CHARSET=utf8;

-- --------------------------------------------------------

--
-- Tabellenstruktur für Tabelle `world_records`
--

CREATE TABLE `world_records` (
  `id` smallint(6) NOT NULL,
  `scope` varchar(10) COLLATE latin2_hungarian_ci NOT NULL,
  `sex` varchar(6) COLLATE latin2_hungarian_ci NOT NULL DEFAULT '',
  `type` varchar(20) COLLATE latin2_hungarian_ci NOT NULL DEFAULT '',
  `lift` int(1) NOT NULL,
  `result` varchar(20) COLLATE latin2_hungarian_ci DEFAULT '',
  `name` varchar(254) COLLATE latin2_hungarian_ci DEFAULT '',
  `born` date DEFAULT NULL,
  `nation` varchar(4) COLLATE latin2_hungarian_ci DEFAULT '',
  `age_category` varchar(15) COLLATE latin2_hungarian_ci NOT NULL DEFAULT '',
  `age_id` int(3) NOT NULL,
  `bw_category` varchar(5) COLLATE latin2_hungarian_ci DEFAULT '',
  `bw_id` int(3) NOT NULL,
  `date` date DEFAULT '2018-11-01',
  `place` varchar(254) COLLATE latin2_hungarian_ci DEFAULT ''
) ENGINE=InnoDB DEFAULT CHARSET=latin2 COLLATE=latin2_hungarian_ci;

--
-- Daten für Tabelle `world_records`
--

INSERT INTO `world_records` (`id`, `scope`, `sex`, `type`, `lift`, `result`, `name`, `born`, `nation`, `age_category`, `age_id`, `bw_category`, `bw_id`, `date`, `place`) VALUES
(1, 'Welt', 'm', 'Total', 3, '293', 'World Standard', NULL, NULL, 'Senior', 50, '-55', 60, '2018-11-01', NULL),
(2, 'Welt', 'm', 'Total', 3, '312', 'World Standard', NULL, NULL, 'Senior', 50, '-61', 70, '2018-11-01', NULL),
(3, 'Welt', 'm', 'Total', 3, '331', 'World Standard', NULL, NULL, 'Senior', 50, '-67', 80, '2018-11-01', NULL),
(4, 'Welt', 'm', 'Total', 3, '348', 'World Standard', NULL, NULL, 'Senior', 50, '-73', 90, '2018-11-01', NULL),
(5, 'Welt', 'm', 'Total', 3, '368', 'World Standard', NULL, NULL, 'Senior', 50, '-81', 100, '2018-11-01', NULL),
(6, 'Welt', 'm', 'Total', 3, '387', 'World Standard', NULL, NULL, 'Senior', 50, '-89', 110, '2018-11-01', NULL),
(7, 'Welt', 'm', 'Total', 3, '401', 'World Standard', NULL, NULL, 'Senior', 50, '-96', 120, '2018-11-01', NULL),
(8, 'Welt', 'm', 'Total', 3, '412', 'World Standard', NULL, NULL, 'Senior', 50, '-102', 130, '2018-11-01', NULL),
(9, 'Welt', 'm', 'Total', 3, '424', 'World Standard', NULL, NULL, 'Senior', 50, '-109', 140, '2018-11-01', NULL),
(10, 'Welt', 'm', 'Total', 3, '453', 'World Standard', NULL, NULL, 'Senior', 50, '+109', 150, '2018-11-01', NULL),
(11, 'Welt', 'w', 'Total', 3, '191', 'World Standard', NULL, NULL, 'Senior', 50, '-45', 40, '2018-11-01', NULL),
(12, 'Welt', 'w', 'Total', 3, '203', 'World Standard', NULL, NULL, 'Senior', 50, '-49', 50, '2018-11-01', NULL),
(13, 'Welt', 'w', 'Total', 3, '221', 'World Standard', NULL, NULL, 'Senior', 50, '-55', 60, '2018-11-01', NULL),
(14, 'Welt', 'w', 'Total', 3, '232', 'World Standard', NULL, NULL, 'Senior', 50, '-59', 70, '2018-11-01', NULL),
(15, 'Welt', 'w', 'Total', 3, '245', 'World Standard', NULL, NULL, 'Senior', 50, '-64', 80, '2018-11-01', NULL),
(16, 'Welt', 'w', 'Total', 3, '261', 'World Standard', NULL, NULL, 'Senior', 50, '-71', 90, '2018-11-01', NULL),
(17, 'Welt', 'w', 'Total', 3, '272', 'World Standard', NULL, NULL, 'Senior', 50, '-76', 100, '2018-11-01', NULL),
(18, 'Welt', 'w', 'Total', 3, '283', 'World Standard', NULL, NULL, 'Senior', 50, '-81', 110, '2018-11-01', NULL),
(19, 'Welt', 'w', 'Total', 3, '294', 'World Standard', NULL, NULL, 'Senior', 50, '-87', 120, '2018-11-01', NULL),
(20, 'Welt', 'w', 'Total', 3, '320', 'World Standard', NULL, NULL, 'Senior', 50, '+87', 130, '2018-11-01', NULL),
(21, 'Welt', 'm', 'Total', 3, '264', 'World Standard', NULL, NULL, 'Junior', 40, '-55', 60, '2018-11-01', NULL),
(22, 'Welt', 'm', 'Total', 3, '285', 'World Standard', NULL, NULL, 'Junior', 40, '-61', 70, '2018-11-01', NULL),
(23, 'Welt', 'm', 'Total', 3, '305', 'World Standard', NULL, NULL, 'Junior', 40, '-67', 80, '2018-11-01', NULL),
(24, 'Welt', 'm', 'Total', 3, '323', 'World Standard', NULL, NULL, 'Junior', 40, '-73', 90, '2018-11-01', NULL),
(25, 'Welt', 'm', 'Total', 3, '344', 'World Standard', NULL, NULL, 'Junior', 40, '-81', 100, '2018-11-01', NULL),
(26, 'Welt', 'm', 'Total', 3, '362', 'World Standard', NULL, NULL, 'Junior', 40, '-89', 110, '2018-11-01', NULL),
(27, 'Welt', 'm', 'Total', 3, '376', 'World Standard', NULL, NULL, 'Junior', 40, '-96', 120, '2018-11-01', NULL),
(28, 'Welt', 'm', 'Total', 3, '385', 'World Standard', NULL, NULL, 'Junior', 40, '-102', 130, '2018-11-01', NULL),
(29, 'Welt', 'm', 'Total', 3, '394', 'World Standard', NULL, NULL, 'Junior', 40, '-109', 140, '2018-11-01', NULL),
(30, 'Welt', 'm', 'Total', 3, '407', 'World Standard', NULL, NULL, 'Junior', 40, '+109', 150, '2018-11-01', NULL),
(31, 'Welt', 'w', 'Total', 3, '176', 'World Standard', NULL, NULL, 'Junior', 40, '-45', 40, '2018-11-01', NULL),
(32, 'Welt', 'w', 'Total', 3, '188', 'World Standard', NULL, NULL, 'Junior', 40, '-49', 50, '2018-11-01', NULL),
(33, 'Welt', 'w', 'Total', 3, '203', 'World Standard', NULL, NULL, 'Junior', 40, '-55', 60, '2018-11-01', NULL),
(34, 'Welt', 'w', 'Total', 3, '213', 'World Standard', NULL, NULL, 'Junior', 40, '-59', 70, '2018-11-01', NULL),
(35, 'Welt', 'w', 'Total', 3, '225', 'World Standard', NULL, NULL, 'Junior', 40, '-64', 80, '2018-11-01', NULL),
(36, 'Welt', 'w', 'Total', 3, '240', 'World Standard', NULL, NULL, 'Junior', 40, '-71', 90, '2018-11-01', NULL),
(37, 'Welt', 'w', 'Total', 3, '250', 'World Standard', NULL, NULL, 'Junior', 40, '-76', 100, '2018-11-01', NULL),
(38, 'Welt', 'w', 'Total', 3, '259', 'World Standard', NULL, NULL, 'Junior', 40, '-81', 110, '2018-11-01', NULL),
(39, 'Welt', 'w', 'Total', 3, '269', 'World Standard', NULL, NULL, 'Junior', 40, '-87', 120, '2018-11-01', NULL),
(40, 'Welt', 'w', 'Total', 3, '285', 'World Standard', NULL, NULL, 'Junior', 40, '+87', 130, '2018-11-01', NULL),
(41, 'Welt', 'm', 'Total', 3, '206', 'World Standard', NULL, NULL, 'U15', 20, '-49', 50, '2018-11-01', NULL),
(41, 'Welt', 'm', 'Total', 3, '206', 'World Standard', NULL, NULL, 'Youth', 30, '-49', 50, '2018-11-01', NULL),
(42, 'Welt', 'm', 'Total', 3, '236', 'World Standard', NULL, NULL, 'U15', 20, '-55', 60, '2018-11-01', NULL),
(42, 'Welt', 'm', 'Total', 3, '236', 'World Standard', NULL, NULL, 'Youth', 30, '-55', 60, '2018-11-01', NULL),
(43, 'Welt', 'm', 'Total', 3, '263', 'World Standard', NULL, NULL, 'U15', 20, '-61', 70, '2018-11-01', NULL),
(43, 'Welt', 'm', 'Total', 3, '263', 'World Standard', NULL, NULL, 'Youth', 30, '-61', 70, '2018-11-01', NULL),
(44, 'Welt', 'm', 'Total', 3, '286', 'World Standard', NULL, NULL, 'U15', 20, '-67', 80, '2018-11-01', NULL),
(44, 'Welt', 'm', 'Total', 3, '286', 'World Standard', NULL, NULL, 'Youth', 30, '-67', 80, '2018-11-01', NULL),
(45, 'Welt', 'm', 'Total', 3, '306', 'World Standard', NULL, NULL, 'U15', 20, '-73', 90, '2018-11-01', NULL),
(45, 'Welt', 'm', 'Total', 3, '306', 'World Standard', NULL, NULL, 'Youth', 30, '-73', 90, '2018-11-01', NULL),
(46, 'Welt', 'm', 'Total', 3, '327', 'World Standard', NULL, NULL, 'U15', 20, '-81', 100, '2018-11-01', NULL),
(46, 'Welt', 'm', 'Total', 3, '327', 'World Standard', NULL, NULL, 'Youth', 30, '-81', 100, '2018-11-01', NULL),
(47, 'Welt', 'm', 'Total', 3, '342', 'World Standard', NULL, NULL, 'U15', 20, '-89', 110, '2018-11-01', NULL),
(47, 'Welt', 'm', 'Total', 3, '342', 'World Standard', NULL, NULL, 'Youth', 30, '-89', 110, '2018-11-01', NULL),
(48, 'Welt', 'm', 'Total', 3, '350', 'World Standard', NULL, NULL, 'U15', 20, '-96', 120, '2018-11-01', NULL),
(48, 'Welt', 'm', 'Total', 3, '350', 'World Standard', NULL, NULL, 'Youth', 30, '-96', 120, '2018-11-01', NULL),
(49, 'Welt', 'm', 'Total', 3, '353', 'World Standard', NULL, NULL, 'U15', 20, '-102', 130, '2018-11-01', NULL),
(49, 'Welt', 'm', 'Total', 3, '353', 'World Standard', NULL, NULL, 'Youth', 30, '-102', 130, '2018-11-01', NULL),
(50, 'Welt', 'm', 'Total', 3, '352', 'World Standard', NULL, NULL, 'U15', 20, '+102', 140, '2018-11-01', NULL),
(50, 'Welt', 'm', 'Total', 3, '352', 'World Standard', NULL, NULL, 'Youth', 30, '+102', 140, '2018-11-01', NULL),
(51, 'Welt', 'w', 'Total', 3, '135', 'World Standard', NULL, NULL, 'U15', 20, '-40', 30, '2018-11-01', NULL),
(51, 'Welt', 'w', 'Total', 3, '135', 'World Standard', NULL, NULL, 'Youth', 30, '-40', 30, '2018-11-01', NULL),
(52, 'Welt', 'w', 'Total', 3, '156', 'World Standard', NULL, NULL, 'U15', 20, '-45', 40, '2018-11-01', NULL),
(52, 'Welt', 'w', 'Total', 3, '156', 'World Standard', NULL, NULL, 'Youth', 30, '-45', 40, '2018-11-01', NULL),
(53, 'Welt', 'w', 'Total', 3, '172', 'World Standard', NULL, NULL, 'U15', 20, '-49', 50, '2018-11-01', NULL),
(53, 'Welt', 'w', 'Total', 3, '172', 'World Standard', NULL, NULL, 'Youth', 30, '-49', 50, '2018-11-01', NULL),
(54, 'Welt', 'w', 'Total', 3, '192', 'World Standard', NULL, NULL, 'U15', 20, '-55', 60, '2018-11-01', NULL),
(54, 'Welt', 'w', 'Total', 3, '192', 'World Standard', NULL, NULL, 'Youth', 30, '-55', 60, '2018-11-01', NULL),
(55, 'Welt', 'w', 'Total', 3, '203', 'World Standard', NULL, NULL, 'U15', 20, '-59', 70, '2018-11-01', NULL),
(55, 'Welt', 'w', 'Total', 3, '203', 'World Standard', NULL, NULL, 'Youth', 30, '-59', 70, '2018-11-01', NULL),
(56, 'Welt', 'w', 'Total', 3, '214', 'World Standard', NULL, NULL, 'U15', 20, '-64', 80, '2018-11-01', NULL),
(56, 'Welt', 'w', 'Total', 3, '214', 'World Standard', NULL, NULL, 'Youth', 30, '-64', 80, '2018-11-01', NULL),
(57, 'Welt', 'w', 'Total', 3, '225', 'World Standard', NULL, NULL, 'U15', 20, '-71', 90, '2018-11-01', NULL),
(57, 'Welt', 'w', 'Total', 3, '225', 'World Standard', NULL, NULL, 'Youth', 30, '-71', 90, '2018-11-01', NULL),
(58, 'Welt', 'w', 'Total', 3, '229', 'World Standard', NULL, NULL, 'U15', 20, '-76', 100, '2018-11-01', NULL),
(58, 'Welt', 'w', 'Total', 3, '229', 'World Standard', NULL, NULL, 'Youth', 30, '-76', 100, '2018-11-01', NULL),
(59, 'Welt', 'w', 'Total', 3, '231', 'World Standard', NULL, NULL, 'U15', 20, '-81', 110, '2018-11-01', NULL),
(59, 'Welt', 'w', 'Total', 3, '231', 'World Standard', NULL, NULL, 'Youth', 30, '-81', 110, '2018-11-01', NULL),
(60, 'Welt', 'w', 'Total', 3, '230', 'World Standard', NULL, NULL, 'U15', 20, '+81', 120, '2018-11-01', NULL),
(60, 'Welt', 'w', 'Total', 3, '230', 'World Standard', NULL, NULL, 'Youth', 30, '+81', 120, '2018-11-01', NULL),
(61, 'Welt', 'm', 'Snatch', 1, '135', 'World Standard', NULL, NULL, 'Senior', 50, '-55', 60, '2018-11-01', NULL),
(62, 'Welt', 'm', 'Snatch', 1, '144', 'World Standard', NULL, NULL, 'Senior', 50, '-61', 70, '2018-11-01', NULL),
(63, 'Welt', 'm', 'Snatch', 1, '153', 'World Standard', NULL, NULL, 'Senior', 50, '-67', 80, '2018-11-01', NULL),
(64, 'Welt', 'm', 'Snatch', 1, '160', 'World Standard', NULL, NULL, 'Senior', 50, '-73', 90, '2018-11-01', NULL),
(65, 'Welt', 'm', 'Snatch', 1, '170', 'World Standard', NULL, NULL, 'Senior', 50, '-81', 100, '2018-11-01', NULL),
(66, 'Welt', 'm', 'Snatch', 1, '179', 'World Standard', NULL, NULL, 'Senior', 50, '-89', 110, '2018-11-01', NULL),
(67, 'Welt', 'm', 'Snatch', 1, '185', 'World Standard', NULL, NULL, 'Senior', 50, '-96', 120, '2018-11-01', NULL),
(68, 'Welt', 'm', 'Snatch', 1, '191', 'World Standard', NULL, NULL, 'Senior', 50, '-102', 130, '2018-11-01', NULL),
(69, 'Welt', 'm', 'Snatch', 1, '196', 'World Standard', NULL, NULL, 'Senior', 50, '-109', 140, '2018-11-01', NULL),
(70, 'Welt', 'm', 'Snatch', 1, '210', 'World Standard', NULL, NULL, 'Senior', 50, '+109', 150, '2018-11-01', NULL),
(71, 'Welt', 'w', 'Snatch', 1, '85', 'World Standard', NULL, NULL, 'Senior', 50, '-45', 40, '2018-11-01', NULL),
(72, 'Welt', 'w', 'Snatch', 1, '90', 'World Standard', NULL, NULL, 'Senior', 50, '-49', 50, '2018-11-01', NULL),
(73, 'Welt', 'w', 'Snatch', 1, '99', 'World Standard', NULL, NULL, 'Senior', 50, '-55', 60, '2018-11-01', NULL),
(74, 'Welt', 'w', 'Snatch', 1, '104', 'World Standard', NULL, NULL, 'Senior', 50, '-59', 70, '2018-11-01', NULL),
(75, 'Welt', 'w', 'Snatch', 1, '110', 'World Standard', NULL, NULL, 'Senior', 50, '-64', 80, '2018-11-01', NULL),
(76, 'Welt', 'w', 'Snatch', 1, '117', 'World Standard', NULL, NULL, 'Senior', 50, '-71', 90, '2018-11-01', NULL),
(77, 'Welt', 'w', 'Snatch', 1, '122', 'World Standard', NULL, NULL, 'Senior', 50, '-76', 100, '2018-11-01', NULL),
(78, 'Welt', 'w', 'Snatch', 1, '127', 'World Standard', NULL, NULL, 'Senior', 50, '-81', 110, '2018-11-01', NULL),
(79, 'Welt', 'w', 'Snatch', 1, '132', 'World Standard', NULL, NULL, 'Senior', 50, '-87', 120, '2018-11-01', NULL),
(80, 'Welt', 'w', 'Snatch', 1, '143', 'World Standard', NULL, NULL, 'Senior', 50, '+87', 130, '2018-11-01', NULL),
(81, 'Welt', 'm', 'Snatch', 1, '122', 'World Standard', NULL, NULL, 'Junior', 40, '-55', 60, '2018-11-01', NULL),
(82, 'Welt', 'm', 'Snatch', 1, '132', 'World Standard', NULL, NULL, 'Junior', 40, '-61', 70, '2018-11-01', NULL),
(83, 'Welt', 'm', 'Snatch', 1, '141', 'World Standard', NULL, NULL, 'Junior', 40, '-67', 80, '2018-11-01', NULL),
(84, 'Welt', 'm', 'Snatch', 1, '149', 'World Standard', NULL, NULL, 'Junior', 40, '-73', 90, '2018-11-01', NULL),
(85, 'Welt', 'm', 'Snatch', 1, '158', 'World Standard', NULL, NULL, 'Junior', 40, '-81', 100, '2018-11-01', NULL),
(86, 'Welt', 'm', 'Snatch', 1, '166', 'World Standard', NULL, NULL, 'Junior', 40, '-89', 110, '2018-11-01', NULL),
(87, 'Welt', 'm', 'Snatch', 1, '172', 'World Standard', NULL, NULL, 'Junior', 40, '-96', 120, '2018-11-01', NULL),
(88, 'Welt', 'm', 'Snatch', 1, '177', 'World Standard', NULL, NULL, 'Junior', 40, '-102', 130, '2018-11-01', NULL),
(89, 'Welt', 'm', 'Snatch', 1, '181', 'World Standard', NULL, NULL, 'Junior', 40, '-109', 140, '2018-11-01', NULL),
(90, 'Welt', 'm', 'Snatch', 1, '186', 'World Standard', NULL, NULL, 'Junior', 40, '+109', 150, '2018-11-01', NULL),
(91, 'Welt', 'w', 'Snatch', 1, '78', 'World Standard', NULL, NULL, 'Junior', 40, '-45', 40, '2018-11-01', NULL),
(92, 'Welt', 'w', 'Snatch', 1, '84', 'World Standard', NULL, NULL, 'Junior', 40, '-49', 50, '2018-11-01', NULL),
(93, 'Welt', 'w', 'Snatch', 1, '92', 'World Standard', NULL, NULL, 'Junior', 40, '-55', 60, '2018-11-01', NULL),
(94, 'Welt', 'w', 'Snatch', 1, '96', 'World Standard', NULL, NULL, 'Junior', 40, '-59', 70, '2018-11-01', NULL),
(95, 'Welt', 'w', 'Snatch', 1, '102', 'World Standard', NULL, NULL, 'Junior', 40, '-64', 80, '2018-11-01', NULL),
(96, 'Welt', 'w', 'Snatch', 1, '109', 'World Standard', NULL, NULL, 'Junior', 40, '-71', 90, '2018-11-01', NULL),
(97, 'Welt', 'w', 'Snatch', 1, '114', 'World Standard', NULL, NULL, 'Junior', 40, '-76', 100, '2018-11-01', NULL),
(98, 'Welt', 'w', 'Snatch', 1, '118', 'World Standard', NULL, NULL, 'Junior', 40, '-81', 110, '2018-11-01', NULL),
(99, 'Welt', 'w', 'Snatch', 1, '122', 'World Standard', NULL, NULL, 'Junior', 40, '-87', 120, '2018-11-01', NULL),
(100, 'Welt', 'w', 'Snatch', 1, '129', 'World Standard', NULL, NULL, 'Junior', 40, '+87', 130, '2018-11-01', NULL),
(101, 'Welt', 'm', 'Snatch', 1, '94', 'World Standard', NULL, NULL, 'U15', 20, '-49', 50, '2018-11-01', NULL),
(101, 'Welt', 'm', 'Snatch', 1, '94', 'World Standard', NULL, NULL, 'Youth', 30, '-49', 50, '2018-11-01', NULL),
(102, 'Welt', 'm', 'Snatch', 1, '107', 'World Standard', NULL, NULL, 'U15', 20, '-55', 60, '2018-11-01', NULL),
(102, 'Welt', 'm', 'Snatch', 1, '107', 'World Standard', NULL, NULL, 'Youth', 30, '-55', 60, '2018-11-01', NULL),
(103, 'Welt', 'm', 'Snatch', 1, '119', 'World Standard', NULL, NULL, 'U15', 20, '-61', 70, '2018-11-01', NULL),
(103, 'Welt', 'm', 'Snatch', 1, '119', 'World Standard', NULL, NULL, 'Youth', 30, '-61', 70, '2018-11-01', NULL),
(104, 'Welt', 'm', 'Snatch', 1, '129', 'World Standard', NULL, NULL, 'U15', 20, '-67', 80, '2018-11-01', NULL),
(104, 'Welt', 'm', 'Snatch', 1, '129', 'World Standard', NULL, NULL, 'Youth', 30, '-67', 80, '2018-11-01', NULL),
(105, 'Welt', 'm', 'Snatch', 1, '138', 'World Standard', NULL, NULL, 'U15', 20, '-73', 90, '2018-11-01', NULL),
(105, 'Welt', 'm', 'Snatch', 1, '138', 'World Standard', NULL, NULL, 'Youth', 30, '-73', 90, '2018-11-01', NULL),
(106, 'Welt', 'm', 'Snatch', 1, '148', 'World Standard', NULL, NULL, 'U15', 20, '-81', 100, '2018-11-01', NULL),
(106, 'Welt', 'm', 'Snatch', 1, '148', 'World Standard', NULL, NULL, 'Youth', 30, '-81', 100, '2018-11-01', NULL),
(107, 'Welt', 'm', 'Snatch', 1, '155', 'World Standard', NULL, NULL, 'U15', 20, '-89', 110, '2018-11-01', NULL),
(107, 'Welt', 'm', 'Snatch', 1, '155', 'World Standard', NULL, NULL, 'Youth', 30, '-89', 110, '2018-11-01', NULL),
(108, 'Welt', 'm', 'Snatch', 1, '159', 'World Standard', NULL, NULL, 'U15', 20, '-96', 120, '2018-11-01', NULL),
(108, 'Welt', 'm', 'Snatch', 1, '159', 'World Standard', NULL, NULL, 'Youth', 30, '-96', 120, '2018-11-01', NULL),
(109, 'Welt', 'm', 'Snatch', 1, '162', 'World Standard', NULL, NULL, 'U15', 20, '-102', 130, '2018-11-01', NULL),
(109, 'Welt', 'm', 'Snatch', 1, '162', 'World Standard', NULL, NULL, 'Youth', 30, '-102', 130, '2018-11-01', NULL),
(110, 'Welt', 'm', 'Snatch', 1, '162', 'World Standard', NULL, NULL, 'U15', 20, '+102', 140, '2018-11-01', NULL),
(110, 'Welt', 'm', 'Snatch', 1, '162', 'World Standard', NULL, NULL, 'Youth', 30, '+102', 140, '2018-11-01', NULL),
(111, 'Welt', 'w', 'Snatch', 1, '61', 'World Standard', NULL, NULL, 'U15', 20, '-40', 30, '2018-11-01', NULL),
(111, 'Welt', 'w', 'Snatch', 1, '61', 'World Standard', NULL, NULL, 'Youth', 30, '-40', 30, '2018-11-01', NULL),
(112, 'Welt', 'w', 'Snatch', 1, '70', 'World Standard', NULL, NULL, 'U15', 20, '-45', 40, '2018-11-01', NULL),
(112, 'Welt', 'w', 'Snatch', 1, '70', 'World Standard', NULL, NULL, 'Youth', 30, '-45', 40, '2018-11-01', NULL),
(113, 'Welt', 'w', 'Snatch', 1, '77', 'World Standard', NULL, NULL, 'U15', 20, '-49', 50, '2018-11-01', NULL),
(113, 'Welt', 'w', 'Snatch', 1, '77', 'World Standard', NULL, NULL, 'Youth', 30, '-49', 50, '2018-11-01', NULL),
(114, 'Welt', 'w', 'Snatch', 1, '86', 'World Standard', NULL, NULL, 'U15', 20, '-55', 60, '2018-11-01', NULL),
(114, 'Welt', 'w', 'Snatch', 1, '86', 'World Standard', NULL, NULL, 'Youth', 30, '-55', 60, '2018-11-01', NULL),
(115, 'Welt', 'w', 'Snatch', 1, '91', 'World Standard', NULL, NULL, 'U15', 20, '-59', 70, '2018-11-01', NULL),
(115, 'Welt', 'w', 'Snatch', 1, '91', 'World Standard', NULL, NULL, 'Youth', 30, '-59', 70, '2018-11-01', NULL),
(116, 'Welt', 'w', 'Snatch', 1, '96', 'World Standard', NULL, NULL, 'U15', 20, '-64', 80, '2018-11-01', NULL),
(116, 'Welt', 'w', 'Snatch', 1, '96', 'World Standard', NULL, NULL, 'Youth', 30, '-64', 80, '2018-11-01', NULL),
(117, 'Welt', 'w', 'Snatch', 1, '102', 'World Standard', NULL, NULL, 'U15', 20, '-71', 90, '2018-11-01', NULL),
(117, 'Welt', 'w', 'Snatch', 1, '102', 'World Standard', NULL, NULL, 'Youth', 30, '-71', 90, '2018-11-01', NULL),
(118, 'Welt', 'w', 'Snatch', 1, '104', 'World Standard', NULL, NULL, 'U15', 20, '-76', 100, '2018-11-01', NULL),
(118, 'Welt', 'w', 'Snatch', 1, '104', 'World Standard', NULL, NULL, 'Youth', 30, '-76', 100, '2018-11-01', NULL),
(119, 'Welt', 'w', 'Snatch', 1, '106', 'World Standard', NULL, NULL, 'U15', 20, '-81', 110, '2018-11-01', NULL),
(119, 'Welt', 'w', 'Snatch', 1, '106', 'World Standard', NULL, NULL, 'Youth', 30, '-81', 110, '2018-11-01', NULL),
(120, 'Welt', 'w', 'Snatch', 1, '106', 'World Standard', NULL, NULL, 'U15', 20, '+81', 120, '2018-11-01', NULL),
(120, 'Welt', 'w', 'Snatch', 1, '106', 'World Standard', NULL, NULL, 'Youth', 30, '+81', 120, '2018-11-01', NULL),
(121, 'Welt', 'm', 'Clean and Jerk', 2, '161', 'World Standard', NULL, NULL, 'Senior', 50, '-55', 60, '2018-11-01', NULL),
(122, 'Welt', 'm', 'Clean and Jerk', 2, '173', 'World Standard', NULL, NULL, 'Senior', 50, '-61', 70, '2018-11-01', NULL),
(123, 'Welt', 'm', 'Clean and Jerk', 2, '184', 'World Standard', NULL, NULL, 'Senior', 50, '-67', 80, '2018-11-01', NULL),
(124, 'Welt', 'm', 'Clean and Jerk', 2, '194', 'World Standard', NULL, NULL, 'Senior', 50, '-73', 90, '2018-11-01', NULL),
(125, 'Welt', 'm', 'Clean and Jerk', 2, '206', 'World Standard', NULL, NULL, 'Senior', 50, '-81', 100, '2018-11-01', NULL),
(126, 'Welt', 'm', 'Clean and Jerk', 2, '216', 'World Standard', NULL, NULL, 'Senior', 50, '-89', 110, '2018-11-01', NULL),
(127, 'Welt', 'm', 'Clean and Jerk', 2, '225', 'World Standard', NULL, NULL, 'Senior', 50, '-96', 120, '2018-11-01', NULL),
(128, 'Welt', 'm', 'Clean and Jerk', 2, '231', 'World Standard', NULL, NULL, 'Senior', 50, '-102', 130, '2018-11-01', NULL),
(129, 'Welt', 'm', 'Clean and Jerk', 2, '237', 'World Standard', NULL, NULL, 'Senior', 50, '-109', 140, '2018-11-01', NULL),
(130, 'Welt', 'm', 'Clean and Jerk', 2, '250', 'World Standard', NULL, NULL, 'Senior', 50, '+109', 150, '2018-11-01', NULL),
(131, 'Welt', 'w', 'Clean and Jerk', 2, '108', 'World Standard', NULL, NULL, 'Senior', 50, '-45', 40, '2018-11-01', NULL),
(132, 'Welt', 'w', 'Clean and Jerk', 2, '115', 'World Standard', NULL, NULL, 'Senior', 50, '-49', 50, '2018-11-01', NULL),
(133, 'Welt', 'w', 'Clean and Jerk', 2, '124', 'World Standard', NULL, NULL, 'Senior', 50, '-55', 60, '2018-11-01', NULL),
(134, 'Welt', 'w', 'Clean and Jerk', 2, '131', 'World Standard', NULL, NULL, 'Senior', 50, '-59', 70, '2018-11-01', NULL),
(135, 'Welt', 'w', 'Clean and Jerk', 2, '138', 'World Standard', NULL, NULL, 'Senior', 50, '-64', 80, '2018-11-01', NULL),
(136, 'Welt', 'w', 'Clean and Jerk', 2, '147', 'World Standard', NULL, NULL, 'Senior', 50, '-71', 90, '2018-11-01', NULL),
(137, 'Welt', 'w', 'Clean and Jerk', 2, '153', 'World Standard', NULL, NULL, 'Senior', 50, '-76', 100, '2018-11-01', NULL),
(138, 'Welt', 'w', 'Clean and Jerk', 2, '158', 'World Standard', NULL, NULL, 'Senior', 50, '-81', 110, '2018-11-01', NULL),
(139, 'Welt', 'w', 'Clean and Jerk', 2, '164', 'World Standard', NULL, NULL, 'Senior', 50, '-87', 120, '2018-11-01', NULL),
(140, 'Welt', 'w', 'Clean and Jerk', 2, '177', 'World Standard', NULL, NULL, 'Senior', 50, '+87', 130, '2018-11-01', NULL),
(141, 'Welt', 'm', 'Clean and Jerk', 2, '146', 'World Standard', NULL, NULL, 'Junior', 40, '-55', 60, '2018-11-01', NULL),
(142, 'Welt', 'm', 'Clean and Jerk', 2, '158', 'World Standard', NULL, NULL, 'Junior', 40, '-61', 70, '2018-11-01', NULL),
(143, 'Welt', 'm', 'Clean and Jerk', 2, '169', 'World Standard', NULL, NULL, 'Junior', 40, '-67', 80, '2018-11-01', NULL),
(144, 'Welt', 'm', 'Clean and Jerk', 2, '179', 'World Standard', NULL, NULL, 'Junior', 40, '-73', 90, '2018-11-01', NULL),
(145, 'Welt', 'm', 'Clean and Jerk', 2, '190', 'World Standard', NULL, NULL, 'Junior', 40, '-81', 100, '2018-11-01', NULL),
(146, 'Welt', 'm', 'Clean and Jerk', 2, '200', 'World Standard', NULL, NULL, 'Junior', 40, '-89', 110, '2018-11-01', NULL),
(147, 'Welt', 'm', 'Clean and Jerk', 2, '207', 'World Standard', NULL, NULL, 'Junior', 40, '-96', 120, '2018-11-01', NULL),
(148, 'Welt', 'm', 'Clean and Jerk', 2, '212', 'World Standard', NULL, NULL, 'Junior', 40, '-102', 130, '2018-11-01', NULL),
(149, 'Welt', 'm', 'Clean and Jerk', 2, '217', 'World Standard', NULL, NULL, 'Junior', 40, '-109', 140, '2018-11-01', NULL),
(150, 'Welt', 'm', 'Clean and Jerk', 2, '221', 'World Standard', NULL, NULL, 'Junior', 40, '+109', 150, '2018-11-01', NULL),
(151, 'Welt', 'w', 'Clean and Jerk', 2, '99', 'World Standard', NULL, NULL, 'Junior', 40, '-45', 40, '2018-11-01', NULL),
(152, 'Welt', 'w', 'Clean and Jerk', 2, '105', 'World Standard', NULL, NULL, 'Junior', 40, '-49', 50, '2018-11-01', NULL),
(153, 'Welt', 'w', 'Clean and Jerk', 2, '114', 'World Standard', NULL, NULL, 'Junior', 40, '-55', 60, '2018-11-01', NULL),
(154, 'Welt', 'w', 'Clean and Jerk', 2, '120', 'World Standard', NULL, NULL, 'Junior', 40, '-59', 70, '2018-11-01', NULL),
(155, 'Welt', 'w', 'Clean and Jerk', 2, '126', 'World Standard', NULL, NULL, 'Junior', 40, '-64', 80, '2018-11-01', NULL),
(156, 'Welt', 'w', 'Clean and Jerk', 2, '135', 'World Standard', NULL, NULL, 'Junior', 40, '-71', 90, '2018-11-01', NULL),
(157, 'Welt', 'w', 'Clean and Jerk', 2, '140', 'World Standard', NULL, NULL, 'Junior', 40, '-76', 100, '2018-11-01', NULL),
(158, 'Welt', 'w', 'Clean and Jerk', 2, '145', 'World Standard', NULL, NULL, 'Junior', 40, '-81', 110, '2018-11-01', NULL),
(159, 'Welt', 'w', 'Clean and Jerk', 2, '150', 'World Standard', NULL, NULL, 'Junior', 40, '-87', 120, '2018-11-01', NULL),
(160, 'Welt', 'w', 'Clean and Jerk', 2, '158', 'World Standard', NULL, NULL, 'Junior', 40, '+87', 130, '2018-11-01', NULL),
(161, 'Welt', 'm', 'Clean and Jerk', 2, '116', 'World Standard', NULL, NULL, 'U15', 20, '-49', 50, '2018-11-01', NULL),
(161, 'Welt', 'm', 'Clean and Jerk', 2, '116', 'World Standard', NULL, NULL, 'Youth', 30, '-49', 50, '2018-11-01', NULL),
(162, 'Welt', 'm', 'Clean and Jerk', 2, '132', 'World Standard', NULL, NULL, 'U15', 20, '-55', 60, '2018-11-01', NULL),
(162, 'Welt', 'm', 'Clean and Jerk', 2, '132', 'World Standard', NULL, NULL, 'Youth', 30, '-55', 60, '2018-11-01', NULL),
(163, 'Welt', 'm', 'Clean and Jerk', 2, '147', 'World Standard', NULL, NULL, 'U15', 20, '-61', 70, '2018-11-01', NULL),
(163, 'Welt', 'm', 'Clean and Jerk', 2, '147', 'World Standard', NULL, NULL, 'Youth', 30, '-61', 70, '2018-11-01', NULL),
(164, 'Welt', 'm', 'Clean and Jerk', 2, '160', 'World Standard', NULL, NULL, 'U15', 20, '-67', 80, '2018-11-01', NULL),
(164, 'Welt', 'm', 'Clean and Jerk', 2, '160', 'World Standard', NULL, NULL, 'Youth', 30, '-67', 80, '2018-11-01', NULL),
(165, 'Welt', 'm', 'Clean and Jerk', 2, '171', 'World Standard', NULL, NULL, 'U15', 20, '-73', 90, '2018-11-01', NULL),
(165, 'Welt', 'm', 'Clean and Jerk', 2, '171', 'World Standard', NULL, NULL, 'Youth', 30, '-73', 90, '2018-11-01', NULL),
(166, 'Welt', 'm', 'Clean and Jerk', 2, '183', 'World Standard', NULL, NULL, 'U15', 20, '-81', 100, '2018-11-01', NULL),
(166, 'Welt', 'm', 'Clean and Jerk', 2, '183', 'World Standard', NULL, NULL, 'Youth', 30, '-81', 100, '2018-11-01', NULL),
(167, 'Welt', 'm', 'Clean and Jerk', 2, '191', 'World Standard', NULL, NULL, 'U15', 20, '-89', 110, '2018-11-01', NULL),
(167, 'Welt', 'm', 'Clean and Jerk', 2, '191', 'World Standard', NULL, NULL, 'Youth', 30, '-89', 110, '2018-11-01', NULL),
(168, 'Welt', 'm', 'Clean and Jerk', 2, '195', 'World Standard', NULL, NULL, 'U15', 20, '-96', 120, '2018-11-01', NULL),
(168, 'Welt', 'm', 'Clean and Jerk', 2, '195', 'World Standard', NULL, NULL, 'Youth', 30, '-96', 120, '2018-11-01', NULL),
(169, 'Welt', 'm', 'Clean and Jerk', 2, '197', 'World Standard', NULL, NULL, 'U15', 20, '-102', 130, '2018-11-01', NULL),
(169, 'Welt', 'm', 'Clean and Jerk', 2, '197', 'World Standard', NULL, NULL, 'Youth', 30, '-102', 130, '2018-11-01', NULL),
(170, 'Welt', 'm', 'Clean and Jerk', 2, '196', 'World Standard', NULL, NULL, 'U15', 20, '+102', 140, '2018-11-01', NULL),
(170, 'Welt', 'm', 'Clean and Jerk', 2, '196', 'World Standard', NULL, NULL, 'Youth', 30, '+102', 140, '2018-11-01', NULL),
(171, 'Welt', 'w', 'Clean and Jerk', 2, '75', 'World Standard', NULL, NULL, 'U15', 20, '-40', 30, '2018-11-01', NULL),
(171, 'Welt', 'w', 'Clean and Jerk', 2, '75', 'World Standard', NULL, NULL, 'Youth', 30, '-40', 30, '2018-11-01', NULL),
(172, 'Welt', 'w', 'Clean and Jerk', 2, '87', 'World Standard', NULL, NULL, 'U15', 20, '-45', 40, '2018-11-01', NULL),
(172, 'Welt', 'w', 'Clean and Jerk', 2, '87', 'World Standard', NULL, NULL, 'Youth', 30, '-45', 40, '2018-11-01', NULL),
(173, 'Welt', 'w', 'Clean and Jerk', 2, '96', 'World Standard', NULL, NULL, 'U15', 20, '-49', 50, '2018-11-01', NULL),
(173, 'Welt', 'w', 'Clean and Jerk', 2, '96', 'World Standard', NULL, NULL, 'Youth', 30, '-49', 50, '2018-11-01', NULL),
(174, 'Welt', 'w', 'Clean and Jerk', 2, '107', 'World Standard', NULL, NULL, 'U15', 20, '-55', 60, '2018-11-01', NULL),
(174, 'Welt', 'w', 'Clean and Jerk', 2, '107', 'World Standard', NULL, NULL, 'Youth', 30, '-55', 60, '2018-11-01', NULL),
(175, 'Welt', 'w', 'Clean and Jerk', 2, '113', 'World Standard', NULL, NULL, 'U15', 20, '-59', 70, '2018-11-01', NULL),
(175, 'Welt', 'w', 'Clean and Jerk', 2, '113', 'World Standard', NULL, NULL, 'Youth', 30, '-59', 70, '2018-11-01', NULL),
(176, 'Welt', 'w', 'Clean and Jerk', 2, '120', 'World Standard', NULL, NULL, 'U15', 20, '-64', 80, '2018-11-01', NULL),
(176, 'Welt', 'w', 'Clean and Jerk', 2, '120', 'World Standard', NULL, NULL, 'Youth', 30, '-64', 80, '2018-11-01', NULL),
(177, 'Welt', 'w', 'Clean and Jerk', 2, '126', 'World Standard', NULL, NULL, 'U15', 20, '-71', 90, '2018-11-01', NULL),
(177, 'Welt', 'w', 'Clean and Jerk', 2, '126', 'World Standard', NULL, NULL, 'Youth', 30, '-71', 90, '2018-11-01', NULL),
(178, 'Welt', 'w', 'Clean and Jerk', 2, '128', 'World Standard', NULL, NULL, 'U15', 20, '-76', 100, '2018-11-01', NULL),
(178, 'Welt', 'w', 'Clean and Jerk', 2, '128', 'World Standard', NULL, NULL, 'Youth', 30, '-76', 100, '2018-11-01', NULL),
(179, 'Welt', 'w', 'Clean and Jerk', 2, '129', 'World Standard', NULL, NULL, 'U15', 20, '-81', 110, '2018-11-01', NULL),
(179, 'Welt', 'w', 'Clean and Jerk', 2, '129', 'World Standard', NULL, NULL, 'Youth', 30, '-81', 110, '2018-11-01', NULL),
(180, 'Welt', 'w', 'Clean and Jerk', 2, '128', 'World Standard', NULL, NULL, 'U15', 20, '+81', 120, '2018-11-01', NULL),
(180, 'Welt', 'w', 'Clean and Jerk', 2, '128', 'World Standard', NULL, NULL, 'Youth', 30, '+81', 120, '2018-11-01', NULL),
(181, 'Welt', 'm', 'Snatch', 1, '108', 'RUSEV Angel Hriskov', '2001-07-13', 'BUL', 'Youth', 30, '-55', 60, '2018-11-02', 'Ashgabat'),
(182, 'Welt', 'm', 'Clean and Jerk', 2, '141', 'CHOMCHUEN Teerapat', '2001-07-31', 'THA', 'Youth', 30, '-55', 60, '2018-11-02', 'Ashgabat'),
(183, 'Welt', 'm', 'Total', 3, '248', 'RUSEV Angel Hriskov', '2001-07-13', 'BUL', 'Youth', 30, '-55', 60, '2018-11-02', 'Ashgabat'),
(184, 'Welt', 'm', 'Clean and Jerk', 2, '162', 'OM Yun Chol', '1991-11-18', 'PRK', 'Senior', 50, '-55', 60, '2018-11-02', 'Ashgabat'),
(185, 'Welt', 'm', 'Snatch', 1, '136', 'ERGASHEV Adkhamjon', '1999-03-12', 'UZB', 'Junior', 40, '-61', 70, '2018-11-03', 'Ashgabat'),
(186, 'Welt', 'm', 'Total', 3, '293', 'ERGASHEV Adkhamjon', '1999-03-12', 'UZB', 'Junior', 40, '-61', 70, '2018-11-03', 'Ashgabat'),
(187, 'Welt', 'm', 'Clean and Jerk', 2, '174', 'IRAWAN Eko Yuli', '1989-07-24', 'INA', 'Senior', 50, '-61', 70, '2018-11-03', 'Ashgabat'),
(188, 'Welt', 'm', 'Total', 3, '317', 'IRAWAN Eko Yuli', '1989-07-24', 'INA', 'Senior', 50, '-61', 70, '2018-11-03', 'Ashgabat'),
(189, 'Welt', 'w', 'Clean and Jerk', 2, '90', 'ECHANDIA ZARATE Katherin Oriana', '2001-08-14', 'VEN', 'Youth', 30, '-45', 40, '2018-11-02', 'Ashgabat'),
(190, 'Welt', 'w', 'Clean and Jerk', 2, '104', 'DZHUMABAYEVA Yulduz', '1998-04-22', 'TKM', 'Junior', 40, '-45', 40, '2018-11-02', 'Ashgabat'),
(191, 'Welt', 'w', 'Total', 3, '179', 'DZHUMABAYEVA Yulduz', '1998-04-22', 'TKM', 'Junior', 40, '-45', 40, '2018-11-02', 'Ashgabat'),
(192, 'Welt', 'w', 'Snatch', 1, '92', 'JIANG Huihua', '1998-01-22', 'CHN', 'Junior', 40, '-49', 50, '2018-11-03', 'Ashgabat'),
(193, 'Welt', 'w', 'Clean and Jerk', 2, '114', 'JIANG Huihua', '1998-01-22', 'CHN', 'Junior', 40, '-49', 50, '2018-11-03', 'Ashgabat'),
(194, 'Welt', 'w', 'Total', 3, '206', 'JIANG Huihua', '1998-01-22', 'CHN', 'Junior', 40, '-49', 50, '2018-11-03', 'Ashgabat'),
(195, 'Welt', 'w', 'Snatch', 1, '93', 'TANASAN Sopita', '1994-12-23', 'THA', 'Senior', 50, '-49', 50, '2018-11-03', 'Ashgabat'),
(196, 'Welt', 'w', 'Clean and Jerk', 2, '120', 'PRAMONGKHOL Chayuttra', '1994-11-29', 'THA', 'Senior', 50, '-49', 50, '2018-11-03', 'Ashgabat'),
(197, 'Welt', 'w', 'Total', 3, '209', 'PRAMONGKHOL Chayuttra', '1994-11-29', 'THA', 'Senior', 50, '-49', 50, '2018-11-03', 'Ashgabat'),
(198, 'Welt', 'w', 'Snatch', 1, '97', 'LANDOULSI Nouha', '1998-05-05', 'TUN', 'Junior', 40, '-55', 60, '2018-11-03', 'Ashgabat'),
(199, 'Welt', 'w', 'Total', 3, '211', 'LANDOULSI Nouha', '1998-05-05', 'TUN', 'Junior', 40, '-55', 60, '2018-11-03', 'Ashgabat'),
(200, 'Welt', 'w', 'Snatch', 1, '105', 'SRISURAT Sukanya', '1995-05-03', 'THA', 'Senior', 50, '-55', 60, '2018-11-03', 'Ashgabat'),
(201, 'Welt', 'w', 'Clean and Jerk', 2, '125', 'SRISURAT Sukanya', '1995-05-03', 'THA', 'Senior', 50, '-55', 60, '2018-11-03', 'Ashgabat'),
(202, 'Welt', 'w', 'Total', 3, '230', 'SRISURAT Sukanya', '1995-05-03', 'THA', 'Senior', 50, '-55', 60, '2018-11-03', 'Ashgabat'),
(203, 'Welt', 'm', 'Clean and Jerk', 2, '195', 'WON Jeongsik', '1990-12-09', 'KOR', 'Senior', 50, '-73', 90, '2018-11-04', 'Ashgabat'),
(204, 'Welt', 'm', 'Total', 3, '332', 'CHEN Lijun', '1993-02-08', 'CHN', 'Senior', 50, '-67', 80, '2018-11-04', 'Ashgabat'),
(205, 'Welt', 'w', 'Snatch', 1, '103', 'KOHA Rebeka', '1998-05-19', 'LAT', 'Junior', 40, '-59', 70, '2018-11-04', 'Ashgabat'),
(206, 'Welt', 'w', 'Clean and Jerk', 2, '124', 'KOHA Rebeka', '1998-05-19', 'LAT', 'Junior', 40, '-59', 70, '2018-11-04', 'Ashgabat'),
(207, 'Welt', 'w', 'Total', 3, '227', 'KOHA Rebeka', '1998-05-19', 'LAT', 'Junior', 40, '-59', 70, '2018-11-04', 'Ashgabat'),
(208, 'Welt', 'w', 'Snatch', 1, '105', 'KUO Hsing-Chun', '1993-11-26', 'TPE', 'Senior', 50, '-59', 70, '2018-11-04', 'Ashgabat'),
(209, 'Welt', 'w', 'Clean and Jerk', 2, '133', 'CHEN Guiming', '1994-01-03', 'CHN', 'Senior', 50, '-59', 70, '2018-11-04', 'Ashgabat'),
(210, 'Welt', 'w', 'Total', 3, '237', 'KUO Hsing-Chun', '1993-11-26', 'TPE', 'Senior', 50, '-59', 70, '2018-11-04', 'Ashgabat'),
(211, 'Welt', 'm', 'Snatch', 1, '164', 'SHI Zhiyong', '1993-10-10', 'CHN', 'Senior', 50, '-73', 90, '2018-11-04', 'Ashgabat'),
(212, 'Welt', 'm', 'Clean and Jerk', 2, '196', 'SHI Zhiyong', '1993-10-10', 'CHN', 'Senior', 50, '-73', 90, '2018-11-04', 'Ashgabat'),
(213, 'Welt', 'm', 'Total', 3, '360', 'SHI Zhiyong', '1993-10-10', 'CHN', 'Senior', 50, '-73', 90, '2018-11-04', 'Ashgabat'),
(214, 'Welt', 'm', 'Clean and Jerk', 2, '187', 'CUMMINGS JR Clarence', '2000-06-06', 'USA', 'Junior', 40, '-73', 90, '2018-11-04', 'Ashgabat'),
(215, 'Welt', 'm', 'Total', 3, '335', 'CUMMINGS JR Clarence', '2000-06-06', 'USA', 'Junior', 40, '-73', 90, '2018-11-04', 'Ashgabat'),
(216, 'Welt', 'm', 'Snatch', 1, '159', 'SUHAREVS Ritvars', '1999-01-11', 'LAT', 'Junior', 40, '-81', 100, '2018-11-05', 'Ashgabat'),
(217, 'Welt', 'm', 'Clean and Jerk', 2, '133', 'CHOMCHUEN Teerapat', '2001-07-31', 'THA', 'Youth', 30, '-55', 60, '2018-11-02', 'Ashgabat'),
(218, 'Welt', 'm', 'Clean and Jerk', 2, '135', 'RUSEV Angel Hriskov', '2001-07-13', 'BUL', 'Youth', 30, '-55', 60, '2018-11-02', 'Ashgabat'),
(219, 'Welt', 'm', 'Clean and Jerk', 2, '136', 'CHOMCHUEN Teerapat', '2001-07-31', 'THA', 'Youth', 30, '-55', 60, '2018-11-02', 'Ashgabat'),
(220, 'Welt', 'm', 'Clean and Jerk', 2, '140', 'RUSEV Angel Hriskov', '2001-07-13', 'BUL', 'Youth', 30, '-55', 60, '2018-11-02', 'Ashgabat'),
(221, 'Welt', 'm', 'Total', 3, '243', 'RUSEV Angel Hriskov', '2001-07-13', 'BUL', 'Youth', 30, '-55', 60, '2018-11-02', 'Ashgabat'),
(222, 'Welt', 'm', 'Total', 3, '238', 'RUSEV Angel Hriskov', '2001-07-13', 'BUL', 'Youth', 30, '-55', 60, '2018-11-02', 'Ashgabat'),
(223, 'Welt', 'w', 'Snatch', 1, '93', 'LANDOULSI Nouha', '1998-05-05', 'TUN', 'Junior', 40, '-55', 60, '2018-11-03', 'Ashgabat'),
(224, 'Welt', 'w', 'Snatch', 1, '100', 'LI Yajun', '1993-04-27', 'CHN', 'Senior', 50, '-55', 60, '2018-11-03', 'Ashgabat'),
(225, 'Welt', 'w', 'Snatch', 1, '101', 'SRISURAT Sukanya', '1995-05-03', 'THA', 'Senior', 50, '-55', 60, '2018-11-03', 'Ashgabat'),
(226, 'Welt', 'w', 'Snatch', 1, '102', 'LI Yajun', '1993-04-27', 'CHN', 'Senior', 50, '-55', 60, '2018-11-03', 'Ashgabat'),
(227, 'Welt', 'w', 'Snatch', 1, '103', 'SRISURAT Sukanya', '1995-05-03', 'THA', 'Senior', 50, '-55', 60, '2018-11-03', 'Ashgabat'),
(228, 'Welt', 'w', 'Total', 3, '223', 'LI Yajun', '1993-04-27', 'CHN', 'Senior', 50, '-55', 60, '2018-11-03', 'Ashgabat'),
(229, 'Welt', 'w', 'Total', 3, '227', 'SRISURAT Sukanya', '1995-05-03', 'THA', 'Senior', 50, '-55', 60, '2018-11-03', 'Ashgabat'),
(230, 'Welt', 'w', 'Snatch', 1, '87', 'JIANG Huihua', '1998-01-22', 'CHN', 'Junior', 40, '-49', 50, '2018-11-03', 'Ashgabat'),
(231, 'Welt', 'w', 'Snatch', 1, '90', 'JIANG Huihua', '1998-01-22', 'CHN', 'Junior', 40, '-49', 50, '2018-11-03', 'Ashgabat'),
(232, 'Welt', 'w', 'Clean and Jerk', 2, '108', 'JIANG Huihua', '1998-01-22', 'CHN', 'Junior', 40, '-49', 50, '2018-11-03', 'Ashgabat'),
(233, 'Welt', 'w', 'Snatch', 1, '92', 'JIANG Huihua', '1998-01-22', 'CHN', 'Senior', 50, '-49', 50, '2018-11-03', 'Ashgabat'),
(234, 'Welt', 'w', 'Total', 3, '205', 'HOU Zhihui', '1997-03-18', 'CHN', 'Senior', 50, '-49', 50, '2018-11-03', 'Ashgabat'),
(235, 'Welt', 'w', 'Total', 3, '206', 'JIANG Huihua', '1998-01-22', 'CHN', 'Senior', 50, '-49', 50, '2018-11-03', 'Ashgabat'),
(236, 'Welt', 'w', 'Total', 3, '208', 'HOU Zhihui', '1997-03-18', 'CHN', 'Senior', 50, '-49', 50, '2018-11-03', 'Ashgabat'),
(237, 'Welt', 'w', 'Total', 3, '200', 'JIANG Huihua', '1998-01-22', 'CHN', 'Junior', 40, '-49', 50, '2018-11-03', 'Ashgabat'),
(238, 'Welt', 'm', 'Snatch', 1, '133', 'ERGASHEV Adkhamjon', '1999-03-12', 'UZB', 'Junior', 40, '-61', 70, '2018-11-03', 'Ashgabat'),
(239, 'Welt', 'm', 'Total', 3, '313', 'IRAWAN Eko Yuli', '1989-07-24', 'INA', 'Senior', 50, '-61', 70, '2018-11-03', 'Ashgabat'),
(240, 'Welt', 'w', 'Snatch', 1, '98', 'KOHA Rebeka', '1998-05-19', 'LAT', 'Junior', 40, '-59', 70, '2018-11-04', 'Ashgabat'),
(241, 'Welt', 'w', 'Clean and Jerk', 2, '121', 'KOHA Rebeka', '1998-05-19', 'LAT', 'Junior', 40, '-59', 70, '2018-11-04', 'Ashgabat'),
(242, 'Welt', 'w', 'Total', 3, '220', 'KOHA Rebeka', '1998-05-19', 'LAT', 'Junior', 40, '-59', 70, '2018-11-04', 'Ashgabat'),
(243, 'Welt', 'w', 'Total', 3, '224', 'KOHA Rebeka', '1998-05-19', 'LAT', 'Junior', 40, '-59', 70, '2018-11-04', 'Ashgabat'),
(244, 'Welt', 'w', 'Total', 3, '233', 'KUO Hsing-Chun', '1993-11-26', 'TPE', 'Senior', 50, '-59', 70, '2018-11-04', 'Ashgabat'),
(245, 'Welt', 'w', 'Clean and Jerk', 2, '132', 'KUO Hsing-Chun', '1993-11-26', 'TPE', 'Senior', 50, '-59', 70, '2018-11-04', 'Ashgabat'),
(246, 'Welt', 'm', 'Clean and Jerk', 2, '181', 'CUMMINGS JR Clarence', '2000-06-06', 'USA', 'Junior', 40, '-73', 90, '2018-11-04', 'Ashgabat'),
(247, 'Welt', 'm', 'Total', 3, '329', 'CUMMINGS JR Clarence', '2000-06-06', 'USA', 'Junior', 40, '-73', 90, '2018-11-04', 'Ashgabat'),
(248, 'Welt', 'm', 'Snatch', 1, '161', 'SHI Zhiyong', '1993-10-10', 'CHN', 'Senior', 50, '-73', 90, '2018-11-04', 'Ashgabat'),
(249, 'Welt', 'm', 'Total', 3, '352', 'SHI Zhiyong', '1993-10-10', 'CHN', 'Senior', 50, '-73', 90, '2018-11-04', 'Ashgabat'),
(250, 'Welt', 'w', 'Total', 3, '247', 'DENG Wei', '1993-02-14', 'CHN', 'Senior', 50, '-64', 80, '2018-11-05', 'Ashgabat'),
(251, 'Welt', 'w', 'Total', 3, '250', 'DENG Wei', '1993-02-14', 'CHN', 'Senior', 50, '-64', 80, '2018-11-05', 'Ashgabat'),
(252, 'Welt', 'w', 'Total', 3, '252', 'DENG Wei', '1993-02-14', 'CHN', 'Senior', 50, '-64', 80, '2018-11-05', 'Ashgabat'),
(253, 'Welt', 'w', 'Snatch', 1, '112', 'DENG Wei', '1993-02-14', 'CHN', 'Senior', 50, '-64', 80, '2018-11-05', 'Ashgabat'),
(254, 'Welt', 'w', 'Clean and Jerk', 2, '140', 'DENG Wei', '1993-02-14', 'CHN', 'Senior', 50, '-64', 80, '2018-11-05', 'Ashgabat'),
(255, 'Welt', 'm', 'Snatch', 1, '163', 'LI Dayin', '1998-02-12', 'CHN', 'Junior', 40, '-81', 100, '2018-11-05', 'Ashgabat'),
(256, 'Welt', 'm', 'Snatch', 1, '168', 'LI Dayin', '1998-02-12', 'CHN', 'Junior', 40, '-81', 100, '2018-11-05', 'Ashgabat'),
(257, 'Welt', 'm', 'Snatch', 1, '172', 'LYU Xiaojun', '1984-07-27', 'CHN', 'Senior', 50, '-81', 100, '2018-11-05', 'Ashgabat'),
(258, 'Welt', 'm', 'Snatch', 1, '173', 'MAHMOUD Mohamed Ihab Youssef Ahmed', '1989-11-21', 'EGY', 'Senior', 50, '-81', 100, '2018-11-05', 'Ashgabat'),
(259, 'Welt', 'm', 'Clean and Jerk', 2, '191', 'MAURUS Harrison James', '2000-02-26', 'USA', 'Junior', 40, '-81', 100, '2018-11-05', 'Ashgabat'),
(260, 'Welt', 'm', 'Total', 3, '348', 'MAURUS Harrison James', '2000-02-26', 'USA', 'Junior', 40, '-81', 100, '2018-11-05', 'Ashgabat'),
(261, 'Welt', 'm', 'Clean and Jerk', 2, '193', 'LI Dayin', '1998-02-12', 'CHN', 'Junior', 40, '-81', 100, '2018-11-05', 'Ashgabat'),
(262, 'Welt', 'm', 'Total', 3, '361', 'LI Dayin', '1998-02-12', 'CHN', 'Junior', 40, '-81', 100, '2018-11-05', 'Ashgabat'),
(263, 'Welt', 'm', 'Clean and Jerk', 2, '195', 'MAURUS Harrison James', '2000-02-26', 'USA', 'Junior', 40, '-81', 100, '2018-11-05', 'Ashgabat'),
(264, 'Welt', 'm', 'Total', 3, '369', 'MAHMOUD Mohamed Ihab Youssef Ahmed', '1989-11-21', 'EGY', 'Senior', 50, '-81', 100, '2018-11-05', 'Ashgabat'),
(265, 'Welt', 'm', 'Clean and Jerk', 2, '198', 'LI Dayin', '1998-02-12', 'CHN', 'Junior', 40, '-81', 100, '2018-11-05', 'Ashgabat'),
(266, 'Welt', 'm', 'Total', 3, '366', 'LI Dayin', '1998-02-12', 'CHN', 'Junior', 40, '-81', 100, '2018-11-05', 'Ashgabat'),
(267, 'Welt', 'm', 'Total', 3, '373', 'MAHMOUD Mohamed Ihab Youssef Ahmed', '1989-11-21', 'EGY', 'Senior', 50, '-81', 100, '2018-11-05', 'Ashgabat'),
(268, 'Welt', 'm', 'Clean and Jerk', 2, '200', 'MAURUS Harrison James', '2000-02-26', 'USA', 'Junior', 40, '-81', 100, '2018-11-05', 'Ashgabat'),
(269, 'Welt', 'm', 'Total', 3, '374', 'LYU Xiaojun', '1984-07-27', 'CHN', 'Senior', 50, '-81', 100, '2018-11-05', 'Ashgabat'),
(270, 'Welt', 'm', 'Clean and Jerk', 2, '204', 'LI Dayin	', '1998-02-12', 'CHN', 'Junior', 40, '-81', 100, '2018-11-05', 'Ashgabat'),
(271, 'Welt', 'm', 'Total', 3, '372', 'LI Dayin	', '1998-02-12', 'CHN', 'Junior', 40, '-81', 100, '2018-11-05', 'Ashgabat'),
(272, 'Welt', 'w', 'Snatch', 1, '111', 'AHMED Sara Samir Elsayed Mohamed', '1998-01-01', 'EGY', 'Junior', 40, '-71', 90, '2018-11-06', 'Ashgabat'),
(273, 'Welt', 'w', 'Clean and Jerk', 2, '136', 'AHMED Sara Samir Elsayed Mohamed', '1998-01-01', 'EGY', 'Junior', 40, '-71', 90, '2018-11-06', 'Ashgabat'),
(274, 'Welt', 'w', 'Total', 3, '247', 'AHMED Sara Samir Elsayed Mohamed', '1998-01-01', 'EGY', 'Junior', 40, '-71', 90, '2018-11-06', 'Ashgabat'),
(275, 'Welt', 'w', 'Clean and Jerk', 2, '141', 'AHMED Sara Samir Elsayed Mohamed', '1998-01-01', 'EGY', 'Junior', 40, '-71', 90, '2018-11-06', 'Ashgabat'),
(276, 'Welt', 'w', 'Total', 3, '252', 'AHMED Sara Samir Elsayed Mohamed', '1998-01-01', 'EGY', 'Junior', 40, '-71', 90, '2018-11-06', 'Ashgabat'),
(277, 'Welt', 'w', 'Clean and Jerk', 2, '148', 'ZHANG Wangli', '1996-05-27', 'CHN', 'Senior', 50, '-71', 90, '2018-11-06', 'Ashgabat'),
(278, 'Welt', 'w', 'Total', 3, '263', 'ZHANG Wangli', '1996-05-27', 'CHN', 'Senior', 50, '-71', 90, '2018-11-06', 'Ashgabat'),
(279, 'Welt', 'w', 'Clean and Jerk', 2, '152', 'ZHANG Wangli', '1996-05-27', 'CHN', 'Senior', 50, '-71', 90, '2018-11-06', 'Ashgabat'),
(280, 'Welt', 'w', 'Total', 3, '267', 'ZHANG Wangli', '1996-05-27', 'CHN', 'Senior', 50, '-71', 90, '2018-11-06', 'Ashgabat'),
(281, 'Welt', 'm', 'Snatch', 1, '168', 'DAVITADZE Revaz', '1998-10-16', 'GEO', 'Junior', 40, '-89', 110, '2018-11-06', 'Ashgabat'),
(282, 'Welt', 'm', 'Clean and Jerk', 2, '201', 'VALLENILLA SANCHEZ Keydomar Giovanni', '1999-10-08', 'VEN', 'Junior', 40, '-89', 110, '2018-11-06', 'Ashgabat'),
(283, 'Welt', 'm', 'Total', 3, '366', 'VALLENILLA SANCHEZ Keydomar Giovanni', '1999-10-08', 'VEN', 'Junior', 40, '-89', 110, '2018-11-06', 'Ashgabat'),
(284, 'Welt', 'm', 'Clean and Jerk', 2, '203', 'DAVITADZE Revaz', '1998-10-16', 'GEO', 'Junior', 40, '-89', 110, '2018-11-06', 'Ashgabat'),
(285, 'Welt', 'm', 'Total', 3, '371', 'DAVITADZE Revaz', '1998-10-16', 'GEO', 'Junior', 40, '-89', 110, '2018-11-06', 'Ashgabat'),
(286, 'Welt', 'm', 'Clean and Jerk', 2, '204', 'VALLENILLA SANCHEZ Keydomar Giovanni', '1999-10-08', 'VEN', 'Junior', 40, '-89', 110, '2018-11-06', 'Ashgabat'),
(287, 'Welt', 'm', 'Snatch', 1, '173', 'TSIKHANTSOU Yauheni', '1998-11-04', 'BLR', 'Junior', 40, '-96', 120, '2018-11-07', 'Ashgabat'),
(288, 'Welt', 'm', 'Snatch', 1, '180', 'TSIKHANTSOU Yauheni', '1998-11-04', 'BLR', 'Junior', 40, '-96', 120, '2018-11-07', 'Ashgabat'),
(289, 'Welt', 'm', 'Total', 3, '377', 'RIVAS MOSQUERA Jhonatan', '1998-07-11', 'COL', 'Junior', 40, '-96', 120, '2018-11-07', 'Ashgabat'),
(290, 'Welt', 'm', 'Snatch', 1, '176', 'RIVAS MOSQUERA Jhonatan', '1998-07-11', 'COL', 'Junior', 40, '-96', 120, '2018-11-07', 'Ashgabat'),
(291, 'Welt', 'm', 'Clean and Jerk', 2, '210', 'TSIKHANTSOU Yauheni', '1998-11-04', 'BLR', 'Junior', 40, '-96', 120, '2018-11-07', 'Ashgabat'),
(292, 'Welt', 'm', 'Total', 3, '390', 'TSIKHANTSOU Yauheni', '1998-11-04', 'BLR', 'Junior', 40, '-96', 120, '2018-11-07', 'Ashgabat'),
(293, 'Welt', 'm', 'Clean and Jerk', 2, '217', 'ELBAKH Fares Ibrahim E. H.', '1998-06-04', 'QAT', 'Junior', 40, '-96', 120, '2018-11-07', 'Ashgabat'),
(294, 'Welt', 'm', 'Snatch', 1, '186', 'MORADI Sohrab', '1988-09-22', 'IRI', 'Senior', 50, '-96', 120, '2018-11-07', 'Ashgabat'),
(295, 'Welt', 'm', 'Total', 3, '409', 'MORADI Sohrab', '1988-09-22', 'IRI', 'Senior', 50, '-96', 120, '2018-11-07', 'Ashgabat'),
(296, 'Welt', 'm', 'Total', 3, '416', 'MORADI Sohrab', '1988-09-22', 'IRI', 'Senior', 50, '-96', 120, '2018-11-07', 'Ashgabat'),
(297, 'Welt', 'm', 'Clean and Jerk', 2, '230', 'MORADI Sohrab', '1988-09-22', 'IRI', 'Senior', 50, '-96', 120, '2018-11-07', 'Ashgabat'),
(298, 'Welt', 'm', 'Clean and Jerk', 2, '226', 'TIAN Tao', '1994-04-08', 'CHN', 'Senior', 50, '-96', 120, '2018-11-07', 'Ashgabat'),
(299, 'Welt', 'w', 'Snatch', 1, '115', 'DAJOMES BARRERA Neisi Patricia', '1998-05-12', 'ECU', 'Junior', 40, '-76', 100, '2018-11-07', 'Ashgabat'),
(300, 'Welt', 'w', 'Snatch', 1, '117', 'DAJOMES BARRERA Neisi Patricia', '1998-05-12', 'ECU', 'Junior', 40, '-76', 100, '2018-11-07', 'Ashgabat'),
(301, 'Welt', 'w', 'Total', 3, '254', 'DAJOMES BARRERA Neisi Patricia', '1998-05-12', 'ECU', 'Junior', 40, '-76', 100, '2018-11-07', 'Ashgabat'),
(302, 'Welt', 'w', 'Clean and Jerk', 2, '142', 'DAJOMES BARRERA Neisi Patricia', '1998-05-12', 'ECU', 'Junior', 40, '-76', 100, '2018-11-07', 'Ashgabat'),
(303, 'Welt', 'w', 'Total', 3, '259', 'DAJOMES BARRERA Neisi Patricia', '1998-05-12', 'ECU', 'Junior', 40, '-76', 100, '2018-11-07', 'Ashgabat'),
(304, 'Welt', 'm', 'Snatch', 1, '178', 'DJURAEV Akbar', '1999-10-08', 'UZB', 'Junior', 40, '-102', 130, '2018-11-08', 'Ashgabat'),
(305, 'Welt', 'm', 'Snatch', 1, '180', 'DJURAEV Akbar', '1999-10-08', 'UZB', 'Junior', 40, '-102', 130, '2018-11-08', 'Ashgabat'),
(306, 'Welt', 'm', 'Total', 3, '387', 'DJURAEV Akbar', '1999-10-08', 'UZB', 'Junior', 40, '-102', 130, '2018-11-08', 'Ashagabt'),
(307, 'Welt', 'm', 'Total', 3, '392', 'DJURAEV Akbar', '1999-10-08', 'UZB', 'Junior', 40, '-102', 130, '2018-11-08', 'Ashgabat'),
(308, 'Welt', 'm', 'Total', 3, '425', 'MARTIROSYAN Simon', '1997-02-17', 'ARM', 'Senior', 50, '-109', 140, '2018-11-09', 'Ashgabat'),
(309, 'Welt', 'm', 'Total', 3, '435', 'MARTIROSYAN Simon', '1997-02-17', 'ARM', 'Senior', 50, '-109', 140, '2018-11-09', 'Ashgabat'),
(310, 'Welt', 'm', 'Clean and Jerk', 2, '240', 'MARTIROSYAN Simon', '1997-02-17', 'ARM', 'Senior', 50, '-109', 140, '2018-11-09', 'Ashgabat'),
(311, 'Welt', 'w', 'Snatch', 1, '145', 'KASHIRINA Tatiana', '1991-01-24', 'RUS', 'Senior', 50, '+87', 130, '2018-11-10', 'Ashgabat'),
(312, 'Welt', 'w', 'Clean and Jerk', 2, '178', 'KASHIRINA Tatiana', '1991-01-24', 'RUS', 'Senior', 50, '+87', 130, '2018-11-10', 'Ashgabat'),
(313, 'Welt', 'w', 'Total', 3, '323', 'KASHIRINA Tatiana', '1991-01-24', 'RUS', 'Senior', 50, '+87', 130, '2018-11-10', 'Ashgabat'),
(314, 'Welt', 'w', 'Clean and Jerk', 2, '182', 'KASHIRINA Tatiana', '1991-01-24', 'RUS', 'Senior', 50, '+87', 130, '2018-11-10', 'Ashgabat'),
(315, 'Welt', 'w', 'Total', 3, '327', 'KASHIRINA Tatiana', '1991-01-24', 'RUS', 'Senior', 50, '+87', 130, '2018-11-10', 'Ashgabat'),
(316, 'Welt', 'w', 'Clean and Jerk', 2, '184', 'MENG Suping', '1989-07-17', 'CHN', 'Senior', 50, '+87', 130, '2018-11-10', 'Ashgabat'),
(317, 'Welt', 'w', 'Clean and Jerk', 2, '185', 'KASHIRINA Tatiana', '1991-01-24', 'RUS', 'Senior', 50, '+87', 130, '2018-11-10', 'Ashgabat'),
(318, 'Welt', 'w', 'Total', 3, '330', 'KASHIRINA Tatiana', '1991-01-24', 'RUS', 'Senior', 50, '+87', 130, '2018-11-10', 'Ashgabat'),
(319, 'Welt', 'm', 'Snatch', 1, '189', 'ZIAZIULIN Eduard', '1998-10-29', 'BLR', 'Junior', 40, '+109', 150, '2018-11-10', 'Ashgabat'),
(320, 'Welt', 'm', 'Snatch', 1, '192', 'DAVOUDI Ali', '1999-03-22', 'IRI', 'Junior', 40, '+109', 150, '2018-11-10', 'Ashgabat'),
(321, 'Welt', 'm', 'Snatch', 1, '193', 'ZIAZIULIN Eduard', '1998-10-29', 'BLR', 'Junior', 40, '+109', 150, '2018-11-10', 'Ashgabat'),
(322, 'Welt', 'm', 'Snatch', 1, '197', 'DAVOUDI Ali', '1999-03-22', 'IRI', 'Junior', 40, '+109', 150, '2018-11-10', 'Ashgabat'),
(323, 'Welt', 'm', 'Snatch', 1, '212', 'TALAKHADZE Lasha', '1993-10-02', 'GEO', 'Senior', 50, '+109', 150, '2018-11-10', 'Ashgabat'),
(324, 'Welt', 'm', 'Snatch', 1, '217', 'TALAKHADZE Lasha', '1993-10-02', 'GEO', 'Senior', 50, '+109', 150, '2018-11-10', 'Ashgabat'),
(325, 'Welt', 'm', 'Clean and Jerk', 2, '222', 'ZIAZIULIN Eduard', '1998-10-29', 'BLR', 'Junior', 40, '+109', 150, '2018-11-10', 'Ashgabat'),
(326, 'Welt', 'm', 'Total', 3, '415', 'ZIAZIULIN Eduard', '1998-10-29', 'BLR', 'Junior', 40, '+109', 150, '2018-11-10', 'Ashgabat'),
(327, 'Welt', 'm', 'Clean and Jerk', 2, '227', 'DAVOUDI Ali', '1999-03-22', 'IRI', 'Junior', 40, '+109', 150, '2018-11-10', 'Ashgabat'),
(328, 'Welt', 'm', 'Total', 3, '424', 'DAVOUDI Ali', '1999-03-22', 'IRI', 'Junior', 40, '+109', 150, '2018-11-10', 'Ashgabat'),
(329, 'Welt', 'm', 'Clean and Jerk', 2, '228', 'ZIAZIULIN Eduard', '1998-10-29', 'BLR', 'Junior', 40, '+109', 150, '2018-11-10', 'Ashgabat'),
(330, 'Welt', 'm', 'Total', 3, '462', 'TALAKHADZE Lasha', '1993-10-02', 'GEO', 'Senior', 50, '+109', 150, '2018-11-10', 'Ashgabat'),
(331, 'Welt', 'm', 'Clean and Jerk', 2, '252', 'TALAKHADZE Lasha', '1993-10-02', 'GEO', 'Senior', 50, '+109', 150, '2018-11-10', 'Ashgabat'),
(332, 'Welt', 'm', 'Total', 3, '469', 'TALAKHADZE Lasha', '1993-10-02', 'GEO', 'Senior', 50, '+109', 150, '2018-11-10', 'Ashgabat'),
(333, 'Welt', 'm', 'Clean and Jerk', 2, '257', 'TALAKHADZE Lasha', '1993-10-02', 'GEO', 'Senior', 50, '+109', 150, '2018-11-10', 'Ashgabat'),
(334, 'Welt', 'm', 'Total', 3, '474', 'TALAKHADZE Lasha', '1993-10-02', 'GEO', 'Senior', 50, '+109', 150, '2018-11-10', 'Ashgabat'),
(335, 'Welt', 'w', 'Clean and Jerk', 2, '127', 'SRISURAT Sukanya', '1995-05-03', 'THA', 'Senior', 50, '-55', 60, '2018-11-03', 'Ashgabat'),
(336, 'Welt', 'w', 'Total', 3, '232', 'SRISURAT Sukanya', '1995-05-03', 'THA', 'Senior', 50, '-55', 60, '2018-11-03', 'Ashgabat'),
(337, 'Welt', 'w', 'Total', 3, '157', 'ECHANDIA ZARATE Katherin Oriana', '2001-08-14', 'VEN', 'Youth', 30, '-45', 40, '2018-11-02', 'Ashgabat'),
(338, 'Welt', 'w', 'Snatch', 1, '92', 'GHOFRANE Belkhir', '2001-08-11', 'TUN', 'Youth', 30, '-59', 70, '2018-12-10', 'Cairo'),
(339, 'Welt', 'w', 'Total', 3, '206', 'GHOFRANE Belkhir', '2001-08-11', 'TUN', 'Youth', 30, '-59', 70, '2018-12-10', 'Cairo'),
(340, 'Welt', 'w', 'Clean and Jerk', 2, '114', 'GHOFRANE Belkhir', '2001-08-11', 'TUN', 'Youth', 30, '-59', 70, '2018-12-10', 'Cairo'),
(341, 'Welt', 'w', 'Snatch', 1, '103', 'HUANG Ting', '1999-01-16', 'CHN', 'Junior', 40, '-64', 80, '2018-12-21', 'Doha'),
(342, 'Welt', 'w', 'Snatch', 1, '105', 'HUANG Ting', '1999-01-16', 'CHN', 'Junior', 40, '-64', 80, '2018-12-21', 'Doha'),
(343, 'Welt', 'w', 'Clean and Jerk', 2, '127', 'HUANG Ting', '1999-01-16', 'CHN', 'Junior', 40, '-64', 80, '2018-12-21', 'Doha'),
(344, 'Welt', 'w', 'Total', 3, '226', 'HUANG Ting', '1999-01-16', 'CHN', 'Junior', 40, '-64', 80, '2018-12-21', 'Doha'),
(345, 'Welt', 'w', 'Total', 3, '232', 'HUANG Ting', '1999-01-16', 'CHN', 'Junior', 40, '-64', 80, '2018-12-21', 'Doha'),
(346, 'Welt', 'm', 'Snatch', 1, '142', 'ERGASHEV Adkhamjon', '1999-03-12', 'UZB', 'Junior', 40, '-67', 80, '2018-12-20', 'Doha'),
(347, 'Welt', 'm', 'Total', 3, '310', 'ERGASHEV Adkhamjon', '1999-03-12', 'UZB', 'Junior', 40, '-67', 80, '2018-12-20', 'Doha'),
(348, 'Welt', 'm', 'Clean and Jerk', 2, '219', 'ELBAKH Fares Ibrahim E. H.', '1998-06-04', 'QAT', 'Junior', 40, '-96', 120, '2018-12-21', 'Doha');
INSERT INTO `world_records` (`id`, `scope`, `sex`, `type`, `lift`, `result`, `name`, `born`, `nation`, `age_category`, `age_id`, `bw_category`, `bw_id`, `date`, `place`) VALUES
(349, 'Welt', 'm', 'Clean and Jerk', 2, '225', 'ELBAKH Fares Ibrahim E. H.', '1998-06-04', 'QAT', 'Junior', 40, '-96', 120, '2018-12-21', 'Doha'),
(350, 'Welt', 'm', 'Total', 3, '391', 'ELBAKH Fares Ibrahim E. H.', '1998-06-04', 'QAT', 'Junior', 40, '-96', 120, '2018-12-21', 'Doha'),
(351, 'Welt', 'm', 'Total', 3, '397', 'ELBAKH Fares Ibrahim E. H.', '1998-06-04', 'QAT', 'Junior', 40, '-96', 120, '2018-12-21', 'Doha'),
(352, 'Welt', 'm', 'snatch', 1, '131', 'JEREMY Lalrinnunga', '2002-10-26', 'IND', 'Youth', 30, '-67', 80, '2019-02-08', 'Chiang Mai'),
(354, 'Welt', 'm', 'Total', 3, '288', 'JEREMY Lalrinnunga', '2002-10-26', 'IND', 'Youth', 30, '-67', 80, '2019-02-08', 'Chiang Mai'),
(355, 'Welt', 'w', 'snatch', 1, '104', 'LUO Xiaomin', '1999-11-14', 'CHN', 'Junior', 40, '-59', 70, '2019-02-08', 'Chiang Mai'),
(356, 'Welt', 'w', 'Clean and Jerk', 2, '130', 'HUANG Ting', '1999-01-16', 'CHN', 'Junior', 40, '-64', 80, '2019-02-08', 'Chiang Mai'),
(357, 'Welt', 'w', 'Clean and Jerk', 2, '135', 'HUANG Ting', '1999-01-16', 'CHN', 'Junior', 40, '-64', 80, '2019-02-08', 'Chiang Mai'),
(358, 'Welt', 'w', 'Total', 3, '235', 'HUANG Ting', '1999-01-16', 'CHN', 'Junior', 40, '-64', 80, '2019-02-08', 'Chiang Mai'),
(359, 'Welt', 'w', 'Total', 3, '240', 'HUANG Ting', '1999-01-16', 'CHN', 'Junior', 40, '-64', 80, '2019-02-08', 'Chiang Mai'),
(360, 'Welt', 'w', 'Total', 3, '210', 'HOU Zhihui', '1997-03-18', 'CHN', 'Senior', 50, '-49', 50, '2019-02-23', 'Fuzhou'),
(361, 'Welt', 'w', 'Snatch', 1, '94', 'HOU Zhihui', '1997-03-18', 'CHN', 'Senior', 50, '-49', 50, '2019-02-23', 'Fuzhou'),
(362, 'Welt', 'w', 'Clean and Jerk', 2, '136', 'CHEN Guiming', '1994-01-03', 'CHN', 'Senior', 50, '-59', 70, '2019-02-24', 'Fuzhou'),
(363, 'Welt', 'w', 'Clean and Jerk', 2, '141', 'DENG Wei', '1993-02-14', 'CHN', 'Senior', 50, '-64', 80, '2019-02-25', 'Fuzhou'),
(364, 'Welt', 'w', 'Snatch', 1, '113', 'DENG Wei', '1993-02-14', 'CHN', 'Senior', 50, '-64', 80, '2019-02-25', 'Fuzhou'),
(366, 'Welt', 'w', 'Total', 3, '254', 'DENG Wei', '1993-02-14', 'CHN', 'Senior', 50, '-64', 80, '2019-02-25', 'Fuzhou'),
(367, 'Welt', 'w', 'Total', 3, '274', 'ZHANG Wangli', '1996-05-27', 'CHN', 'Senior', 50, '-76', 100, '2019-02-26', 'Fuzhou'),
(368, 'Welt', 'w', 'Clean and Jerk', 2, '156', 'ZHANG Wangli', '1996-05-27', 'CHN', 'Senior', 50, '-76', 100, '2019-02-26', 'Fuzhou'),
(369, 'Welt', 'w', 'Total', 3, '317', 'LI Wenwen', '2000-03-05', 'CHN', 'Junior', 40, '+87', 130, '2019-02-27', 'Fuzhou'),
(370, 'Welt', 'w', 'Total', 3, '324', 'LI Wenwen', '2000-03-05', 'CHN', 'Junior', 40, '+87', 130, '2019-02-27', 'Fuzhou'),
(371, 'Welt', 'w', 'Clean and Jerk', 2, '175', 'LI Wenwen', '2000-03-05', 'CHN', 'Junior', 40, '+87', 130, '2019-02-27', 'Fuzhou'),
(372, 'Welt', 'w', 'Clean and Jerk', 2, '182', 'LI Wenwen', '2000-03-05', 'CHN', 'Junior', 40, '+87', 130, '2019-02-27', 'Fuzhou'),
(373, 'Welt', 'w', 'Snatch', 1, '135', 'LI Wenwen', '2000-03-05', 'CHN', 'Junior', 40, '+87', 130, '2019-02-27', 'Fuzhou'),
(374, 'Welt', 'w', 'Snatch', 1, '142', 'LI Wenwen', '2000-03-05', 'CHN', 'Junior', 40, '+87', 130, '2019-02-27', 'Fuzhou'),
(375, 'Welt', 'm', 'Total', 3, '375', 'LI Dayin', '1998-02-12', 'CHN', 'Senior', 50, '-81', 100, '2019-02-24', 'Fuzhou'),
(376, 'Welt', 'w', 'Clean and Jerk', 2, '122', 'FAYZULLAEVA Kumushkhon', '2002-01-20', 'UZB', 'Youth', 30, '-64', 80, '2019-03-12', 'Las Vegas'),
(377, 'Welt', 'w', 'Total', 3, '215', 'FAYZULLAEVA Kumushkhon', '2002-01-20', 'UZB', 'Youth', 30, '-64', 80, '2019-03-12', 'Las Vegas'),
(378, 'Welt', 'w', 'Clean and Jerk', 2, '129', 'NARIN Dilara ', '2002-03-17', 'TUR', 'Youth', 30, '-76', 100, '2019-03-13', 'Las Vegas'),
(379, 'Welt', 'm', 'Clean and Jerk', 2, '117', 'DO Tu Tung', '2004-01-10', 'VIE', 'Youth', 30, '-49', 50, '2019-03-08', 'Las Vegas'),
(380, 'Welt', 'm', 'Snatch', 1, '95', 'DO Tu Tung', '2004-01-10', 'VIE', 'Youth', 30, '-49', 50, '2019-03-08', 'Las Vegas'),
(381, 'Welt', 'm', 'Clean and Jerk', 2, '125', 'DO Tu Tung', '2004-01-10', 'VIE', 'Youth', 30, '-49', 50, '2019-03-08', 'Las Vegas'),
(382, 'Welt', 'm', 'Total', 3, '212', 'DO Tu Tung', '2004-01-10', 'VIE', 'Youth', 30, '-49', 50, '2019-03-08', 'Las Vegas'),
(383, 'Welt', 'm', 'Total', 3, '220', 'DO Tu Tung', '2004-01-10', 'VIE', 'Youth', 30, '-49', 50, '2019-03-08', 'Las Vegas'),
(384, 'Welt', 'm', 'Clean and Jerk', 2, '161', 'TAISUYEV Saikhan', '2002-05-21', 'KAZ', 'Youth', 30, '-67', 80, '2019-03-08', 'Las Vegas'),
(385, 'Welt', 'm', 'Clean & Jerk', 2, '166', 'OM Yun Chol', '1991-11-18', 'PRK', 'Senior', 50, '-55', 60, '2019-09-18', 'Pattaya - lHA'),
(386, 'Welt', 'm', 'Total', 3, '294', 'OM Yun Chol', '1991-11-18', 'PRK', 'Senior', 50, '-55', 60, '2018-11-01', 'Pattaya - lHA'),
(387, 'Welt', 'm', 'Snatch', 1, '145', 'LI Fabin', '1993-01-15', 'CHN', 'Senior', 50, '-61', 70, '2019-09-19', 'Pattaya - lHA'),
(388, 'Welt', 'm', 'Clean & Jerk', 2, '175', 'LI Fabin', '1993-01-15', 'CHN', 'Senior', 50, '-61', 70, '2022-12-07', 'Bogota- COL'),
(389, 'Welt', 'm', 'Total', 3, '318', 'LI Fabin', '1993-01-15', 'CHN', 'Senior', 50, '-61', 70, '2019-09-19', 'Pattaya - lHA'),
(390, 'Welt', 'm', 'Snatch', 1, '155', 'HUANG Minhao', '1992-08-21', 'CHN', 'Senior', 50, '-67', 80, '2019-07-06', 'Tokyo - JPN'),
(391, 'Welt', 'm', 'Clean & Jerk', 2, '188', 'PAK Jong Ju', '1997-03-14', 'PRK', 'Senior', 50, '-67', 80, '2019-09-20', 'Pattaya - lHA'),
(392, 'Welt', 'm', 'Total', 3, '339', 'CHEN Lijun', '1993-02-08', 'CHN', 'Senior', 50, '-67', 80, '2019-04-21', 'Ningbo- CHN'),
(393, 'Welt', 'm', 'Snatch', 1, '169', 'SHI Zhiyong', '1993-10-10', 'CHN', 'Senior', 50, '-73', 90, '2021-04-20', 'Tashkent - UZB'),
(394, 'Welt', 'm', 'Clean & Jerk', 2, '200', 'ABDULLAH Rahmat Erwin', '2000-10-13', 'INA', 'Senior', 50, '-73', 90, '2022-12-09', 'Bogota - COL'),
(395, 'Welt', 'm', 'Total', 3, '364', 'SHI Zhiyong', '1993-10-10', 'CHN', 'Senior', 50, '-73', 90, '2021-07-28', 'Tokyo - JPN'),
(396, 'Welt', 'm', 'Snatch', 1, '175', 'LI Dayin', '1998-12-02', 'CHN', 'Senior', 50, '-81', 100, '2021-04-21', 'Tashkent - UZB'),
(397, 'Welt', 'm', 'Clean & Jerk', 2, '208', 'NASAR Karlas May Hasan', '2004-04-12', 'BUL', 'Senior', 50, '-81', 100, '2021-12-12', 'Tashkent - UZB'),
(398, 'Welt', 'm', 'Total', 3, '378', 'LYU Xiaojun', '1984-07-27', 'CHN', 'Senior', 50, '-81', 100, '2019-09-22', 'Pattaya - lHA'),
(399, 'Welt', 'm', 'Snatch', 1, '180', 'LI Dayin', '1998-12-02', 'CHN', 'Senior', 50, '-89', 110, '2023-05-10', 'Jinju - KOR'),
(400, 'Welt', 'm', 'Clean & Jerk', 2, '222', 'llAN Tao', '1994-04-08', 'CHN', 'Senior', 50, '-89', 110, '2023-05-10', 'Jinju - KOR'),
(401, 'Welt', 'm', 'Total', 3, '396', 'LI Dayin', '1998-12-02', 'CHN', 'Senior', 50, '-89', 110, '2023-05-10', 'Jinju - KOR'),
(402, 'Welt', 'm', 'Snatch', 1, '187', 'PAREDES MONTANO L.', '1996-03-05', 'COL', 'Senior', 50, '-96', 120, '2021-12-14', 'Tashkent - UZB'),
(403, 'Welt', 'm', 'Clean & Jerk', 2, '231', 'llAN Tao', '1994-04-08', 'CHN', 'Senior', 50, '-96', 120, '2019-07-07', 'Tokyo - JPN'),
(404, 'Welt', 'm', 'Snatch', 1, '200', 'YANG Zhe', '1991-07-14', 'CHN', 'Senior', 50, '-109', 140, '2021-04-24', 'Tashkent - UZB'),
(405, 'Welt', 'm', 'Clean & Jerk', 2, '241', 'NURUDINOV Ruslan', '1991-09-24', 'UZB', 'Senior', 50, '-109', 140, '2021-04-24', 'Tashkent - UZB'),
(406, 'Welt', 'm', 'Snatch', 1, '225', 'TALAKHADZE  Lasha', '1993-10-02', 'GEO', 'Senior', 50, '+109', 150, '2021-12-17', 'Tashkent - UZB'),
(407, 'Welt', 'm', 'Clean & Jerk', 2, '267', 'TALAKHADZE  Lasha', '1993-10-02', 'GEO', 'Senior', 50, '+109', 150, '2021-12-17', 'Tashkent - UZB'),
(408, 'Welt', 'm', 'Total', 3, '492', 'TALAKHADZE  Lasha', '1993-10-02', 'GEO', 'Senior', 50, '+109', 150, '2021-12-17', 'Tashkent - UZB'),
(409, 'Welt', 'w', 'Snatch', 1, '148', 'LI Wenwen', '2000-05-05', 'CHN', 'Senior', 50, '+87', 130, '2021-04-25', 'Tashkent - UZB'),
(410, 'Welt', 'w', 'Snatch', 1, '96', 'HOU Zhihui', '1997-03-18', 'CHN', 'Senior', 50, '-49', 50, '2021-04-17', 'Tashkent - UZB'),
(411, 'Welt', 'w', 'Total', 3, '213', 'HOU Zhihui', '1997-03-18', 'CHN', 'Senior', 50, '-49', 50, '2021-04-17', 'Tashkent - UZB'),
(412, 'Welt', 'w', 'Snatch', 1, '102', 'LI Yajun', '1993-04-27', 'CHN', 'Senior', 50, '-55', 60, '2018-11-03', 'Ashgabat - TKM'),
(413, 'Welt', 'w', 'Clean & Jerk', 2, '129', 'LIAO Qiuyun', '1995-07-13', 'CHN', 'Senior', 50, '-55', 60, '2019-09-20', 'Pattaya - THA'),
(414, 'Welt', 'w', 'Snatch', 1, '110', 'KUO Hsing-Chun', '1993-11-26', 'TPE', 'Senior', 50, '-59', 70, '2021-04-19', 'Tashkent - UZB'),
(415, 'Welt', 'w', 'Clean & Jerk', 2, '140', 'KUO Hsing-Chun', '1993-11-26', 'TPE', 'Senior', 50, '-59', 70, '2021-04-19', 'Pattaya - THA'),
(416, 'Welt', 'w', 'Total', 3, '247', 'KUO Hsing-Chun', '1993-11-26', 'TPE', 'Senior', 50, '-59', 70, '2021-04-19', 'Tashkent - UZB'),
(417, 'Welt', 'w', 'Snatch', 1, '117', 'DENG Wei', '1993-02-14', 'CHN', 'Senior', 50, '-64', 80, '2019-12-11', 'Tianjin - CHN'),
(418, 'Welt', 'w', 'Clean & Jerk', 2, '145', 'DENG Wei', '1993-02-14', 'CHN', 'Senior', 50, '-64', 80, '2019-02-25', 'Pattaya - THA'),
(419, 'Welt', 'w', 'Total', 3, '261', 'DENG Wei', '1993-02-14', 'CHN', 'Senior', 50, '-64', 80, '2019-02-25', 'Pattaya - THA'),
(420, 'Welt', 'w', 'Snatch', 1, '121', 'PALACIOS  DAJOMES Angie', '2000-12-09', 'ECU', 'Senior', 50, '-71', 90, '2023-06-14', 'Havana- CUB'),
(421, 'Welt', 'w', 'Total', 3, '268', 'LIAO Guifang', '2001-05-10', 'CHN', 'Senior', 50, '-71', 90, '2023-05-09', 'Jinju - KOR'),
(422, 'Welt', 'w', 'Snatch', 1, '124', 'RIM Jong Sim', '1993-02-05', 'PRK', 'Senior', 50, '-76', 100, '2019-09-24', 'Pattaya - THA'),
(423, 'Welt', 'w', 'Total', 3, '278', 'RIM Jong Sim', '1993-02-05', 'PRK', 'Senior', 50, '-76', 100, '2019-04-26', 'Ningbo - CHN'),
(424, 'Welt', 'w', 'Clean & Jerk', 2, '187', 'LI Wenwen', '2000-05-05', 'CHN', 'Senior', 50, '+87', 130, '2021-04-25', 'Tashkent - UZB'),
(425, 'Welt', 'w', 'Total', 3, '335', 'LI Wenwen', '2000-05-05', 'CHN', 'Senior', 50, '+87', 130, '2021-04-25', 'Tashkent - UZB');

--
-- Indizes der exportierten Tabellen
--

--
-- Indizes für die Tabelle `altersklassen`
--
ALTER TABLE `altersklassen`
  ADD PRIMARY KEY (`idAltersklasse`,`International`);

--
-- Indizes für die Tabelle `altersklassen_international`
--
ALTER TABLE `altersklassen_international`
  ADD PRIMARY KEY (`idAltersklasse`,`International`);

--
-- Indizes für die Tabelle `alterskoeffizient`
--
ALTER TABLE `alterskoeffizient`
  ADD PRIMARY KEY (`idAlter`);

--
-- Indizes für die Tabelle `athleten`
--
ALTER TABLE `athleten`
  ADD PRIMARY KEY (`idTeilnehmer`),
  ADD UNIQUE KEY `Verein` (`idTeilnehmer`,`Verein`),
  ADD UNIQUE KEY `GUID` (`GUID`);

--
-- Indizes für die Tabelle `athletik`
--
ALTER TABLE `athletik`
  ADD PRIMARY KEY (`Wettkampf`,`Teilnehmer`,`Disziplin`,`Durchgang`);

--
-- Indizes für die Tabelle `athletik_defaults`
--
ALTER TABLE `athletik_defaults`
  ADD PRIMARY KEY (`Disziplin`,`Bezeichnung`,`Geschlecht`);

--
-- Indizes für die Tabelle `athletik_disziplinen`
--
ALTER TABLE `athletik_disziplinen`
  ADD PRIMARY KEY (`idDisziplin`);

--
-- Indizes für die Tabelle `athletik_results`
--
ALTER TABLE `athletik_results`
  ADD PRIMARY KEY (`Wettkampf`,`Teilnehmer`,`Disziplin`);

--
-- Indizes für die Tabelle `faktoren`
--
ALTER TABLE `faktoren`
  ADD PRIMARY KEY (`sex`);

--
-- Indizes für die Tabelle `gewichtsklassen`
--
ALTER TABLE `gewichtsklassen`
  ADD PRIMARY KEY (`International`,`idAK`,`Sex`,`idGK`);

--
-- Indizes für die Tabelle `gewichtsklassen_international`
--
ALTER TABLE `gewichtsklassen_international`
  ADD PRIMARY KEY (`International`,`idAK`,`Sex`,`idGK`);

--
-- Indizes für die Tabelle `gruppen`
--
ALTER TABLE `gruppen`
  ADD PRIMARY KEY (`Wettkampf`,`Gruppe`) USING BTREE;

--
-- Indizes für die Tabelle `gruppen_kampfrichter`
--
ALTER TABLE `gruppen_kampfrichter`
  ADD PRIMARY KEY (`Wettkampf`,`Gruppe`);

--
-- Indizes für die Tabelle `hantel`
--
ALTER TABLE `hantel`
  ADD PRIMARY KEY (`ID`);

--
-- Indizes für die Tabelle `import_excel_meldung`
--
ALTER TABLE `import_excel_meldung`
  ADD PRIMARY KEY (`ID`);

--
-- Indizes für die Tabelle `import_excel_wiegen`
--
ALTER TABLE `import_excel_wiegen`
  ADD PRIMARY KEY (`Teilnehmer`);

--
-- Indizes für die Tabelle `laenderwertung`
--
ALTER TABLE `laenderwertung`
  ADD PRIMARY KEY (`Platz`);

--
-- Indizes für die Tabelle `mannschaftswertung`
--
ALTER TABLE `mannschaftswertung`
  ADD PRIMARY KEY (`Platz`);

--
-- Indizes für die Tabelle `masters_norm`
--
ALTER TABLE `masters_norm`
  ADD PRIMARY KEY (`Sex`,`GK`);

--
-- Indizes für die Tabelle `meldung`
--
ALTER TABLE `meldung`
  ADD PRIMARY KEY (`Wettkampf`,`Teilnehmer`),
  ADD KEY `Athleten` (`Teilnehmer`);

--
-- Indizes für die Tabelle `meldung_import`
--
ALTER TABLE `meldung_import`
  ADD PRIMARY KEY (`Nachname`,`Vorname`);

--
-- Indizes für die Tabelle `modus`
--
ALTER TABLE `modus`
  ADD PRIMARY KEY (`idModus`);

--
-- Indizes für die Tabelle `modus_formeln`
--
ALTER TABLE `modus_formeln`
  ADD PRIMARY KEY (`Modus`,`AK`,`Sex`);

--
-- Indizes für die Tabelle `modus_gewichtsgruppen`
--
ALTER TABLE `modus_gewichtsgruppen`
  ADD PRIMARY KEY (`Geschlecht`,`Gruppe`);

--
-- Indizes für die Tabelle `modus_mannschaft`
--
ALTER TABLE `modus_mannschaft`
  ADD PRIMARY KEY (`Modus`,`idMannschaft`);

--
-- Indizes für die Tabelle `notizen`
--
ALTER TABLE `notizen`
  ADD PRIMARY KEY (`Heber`);

--
-- Indizes für die Tabelle `region`
--
ALTER TABLE `region`
  ADD PRIMARY KEY (`region_id`);

--
-- Indizes für die Tabelle `reissen`
--
ALTER TABLE `reissen`
  ADD PRIMARY KEY (`Wettkampf`,`Teilnehmer`,`Versuch`);

--
-- Indizes für die Tabelle `relativabzug`
--
ALTER TABLE `relativabzug`
  ADD PRIMARY KEY (`Gewicht`);

--
-- Indizes für die Tabelle `results`
--
ALTER TABLE `results`
  ADD PRIMARY KEY (`Wettkampf`,`Teilnehmer`);

--
-- Indizes für die Tabelle `staaten`
--
ALTER TABLE `staaten`
  ADD PRIMARY KEY (`state_id`),
  ADD UNIQUE KEY `state` (`state_name`(15)) USING BTREE,
  ADD KEY `iso3` (`state_iso3`);

--
-- Indizes für die Tabelle `stossen`
--
ALTER TABLE `stossen`
  ADD PRIMARY KEY (`Wettkampf`,`Teilnehmer`,`Versuch`);

--
-- Indizes für die Tabelle `teams`
--
ALTER TABLE `teams`
  ADD PRIMARY KEY (`idTeam`,`idVerein`);

--
-- Indizes für die Tabelle `users`
--
ALTER TABLE `users`
  ADD PRIMARY KEY (`UserId`,`Bohle`);

--
-- Indizes für die Tabelle `verein`
--
ALTER TABLE `verein`
  ADD PRIMARY KEY (`idVerein`),
  ADD KEY `idVerein_Name` (`Vereinsname`),
  ADD KEY `idVerein_Bundesland` (`Region`,`Vereinsname`);

--
-- Indizes für die Tabelle `wertung`
--
ALTER TABLE `wertung`
  ADD PRIMARY KEY (`idWertung`);

--
-- Indizes für die Tabelle `wertung_bezeichnung`
--
ALTER TABLE `wertung_bezeichnung`
  ADD PRIMARY KEY (`Platzierung`,`International`);

--
-- Indizes für die Tabelle `wettkampf`
--
ALTER TABLE `wettkampf`
  ADD PRIMARY KEY (`Wettkampf`);

--
-- Indizes für die Tabelle `wettkampf_altersgruppen`
--
ALTER TABLE `wettkampf_altersgruppen`
  ADD PRIMARY KEY (`Wettkampf`,`Reihenfolge`);

--
-- Indizes für die Tabelle `wettkampf_altersklassen`
--
ALTER TABLE `wettkampf_altersklassen`
  ADD PRIMARY KEY (`Wettkampf`,`Geschlecht`,`idAK`);

--
-- Indizes für die Tabelle `wettkampf_athletik`
--
ALTER TABLE `wettkampf_athletik`
  ADD PRIMARY KEY (`Wettkampf`,`Disziplin`);

--
-- Indizes für die Tabelle `wettkampf_athletik_defaults`
--
ALTER TABLE `wettkampf_athletik_defaults`
  ADD PRIMARY KEY (`Wettkampf`,`Disziplin`,`Bezeichnung`,`Geschlecht`);

--
-- Indizes für die Tabelle `wettkampf_bezeichnung`
--
ALTER TABLE `wettkampf_bezeichnung`
  ADD PRIMARY KEY (`Wettkampf`);

--
-- Indizes für die Tabelle `wettkampf_details`
--
ALTER TABLE `wettkampf_details`
  ADD PRIMARY KEY (`Wettkampf`);

--
-- Indizes für die Tabelle `wettkampf_gewichtsgruppen`
--
ALTER TABLE `wettkampf_gewichtsgruppen`
  ADD PRIMARY KEY (`Wettkampf`,`Geschlecht`,`Gruppe`);

--
-- Indizes für die Tabelle `wettkampf_gewichtsteiler`
--
ALTER TABLE `wettkampf_gewichtsteiler`
  ADD PRIMARY KEY (`Wettkampf`,`Gruppe`,`GG`);

--
-- Indizes für die Tabelle `wettkampf_mannschaft`
--
ALTER TABLE `wettkampf_mannschaft`
  ADD PRIMARY KEY (`Wettkampf`,`idMannschaft`);

--
-- Indizes für die Tabelle `wettkampf_meldefrist`
--
ALTER TABLE `wettkampf_meldefrist`
  ADD PRIMARY KEY (`Wettkampf`);

--
-- Indizes für die Tabelle `wettkampf_multi`
--
ALTER TABLE `wettkampf_multi`
  ADD PRIMARY KEY (`Wettkampf`);

--
-- Indizes für die Tabelle `wettkampf_restriction`
--
ALTER TABLE `wettkampf_restriction`
  ADD PRIMARY KEY (`Wettkampf`,`Durchgang`,`Altersklasse`);

--
-- Indizes für die Tabelle `wettkampf_startgeld`
--
ALTER TABLE `wettkampf_startgeld`
  ADD PRIMARY KEY (`Wettkampf`,`AK`);

--
-- Indizes für die Tabelle `wettkampf_teams`
--
ALTER TABLE `wettkampf_teams`
  ADD PRIMARY KEY (`Wettkampf`,`Team`);

--
-- Indizes für die Tabelle `wettkampf_wertung`
--
ALTER TABLE `wettkampf_wertung`
  ADD PRIMARY KEY (`Wettkampf`,`idAK`);

--
-- Indizes für die Tabelle `wettkampf_zeitplan`
--
ALTER TABLE `wettkampf_zeitplan`
  ADD PRIMARY KEY (`Wettkampf`,`Datum`,`Beginn`,`Bezeichnung`);

--
-- Indizes für die Tabelle `world_records`
--
ALTER TABLE `world_records`
  ADD PRIMARY KEY (`id`,`scope`,`sex`,`type`,`age_id`,`bw_id`);

--
-- AUTO_INCREMENT für exportierte Tabellen
--

--
-- AUTO_INCREMENT für Tabelle `athleten`
--
ALTER TABLE `athleten`
  MODIFY `idTeilnehmer` int(11) NOT NULL AUTO_INCREMENT, AUTO_INCREMENT=200075;

--
-- AUTO_INCREMENT für Tabelle `laenderwertung`
--
ALTER TABLE `laenderwertung`
  MODIFY `Platz` int(3) NOT NULL AUTO_INCREMENT;

--
-- AUTO_INCREMENT für Tabelle `modus`
--
ALTER TABLE `modus`
  MODIFY `idModus` int(3) NOT NULL AUTO_INCREMENT, AUTO_INCREMENT=631;

--
-- AUTO_INCREMENT für Tabelle `staaten`
--
ALTER TABLE `staaten`
  MODIFY `state_id` int(3) NOT NULL AUTO_INCREMENT, AUTO_INCREMENT=211;
COMMIT;

/*!40101 SET CHARACTER_SET_CLIENT=@OLD_CHARACTER_SET_CLIENT */;
/*!40101 SET CHARACTER_SET_RESULTS=@OLD_CHARACTER_SET_RESULTS */;
/*!40101 SET COLLATION_CONNECTION=@OLD_COLLATION_CONNECTION */;
